date,pm25,split,n_stations,n_regions
2016-01-01,7.313444444444444,train,10.0,6.0
2016-01-02,7.656714285714286,train,10.0,6.0
2016-01-03,4.42275,train,10.0,6.0
2016-01-04,7.700999999999999,train,10.0,6.0
2016-01-05,4.6706666666666665,train,10.0,6.0
2016-01-06,4.325777777777778,train,10.0,6.0
2016-01-07,3.749888888888889,train,10.0,6.0
2016-01-08,4.1511000000000005,train,10.0,6.0
2016-01-09,5.5907,train,10.0,6.0
2016-01-10,5.156888888888889,train,10.0,6.0
2016-01-11,15.29442857142857,train,10.0,6.0
2016-01-12,21.78816666666667,train,10.0,6.0
2016-01-13,5.719875,train,10.0,6.0
2016-01-14,2.6069999999999998,train,10.0,6.0
2016-01-15,4.6825,train,10.0,6.0
2016-01-16,13.744625,train,10.0,6.0
2016-01-17,8.87625,train,10.0,6.0
2016-01-18,11.897,train,10.0,6.0
2016-01-19,23.255125,train,10.0,6.0
2016-01-20,26.77075,train,10.0,6.0
2016-01-21,17.787125,train,10.0,6.0
2016-01-22,8.098125,train,10.0,6.0
2016-01-23,8.1355,train,10.0,6.0
2016-01-24,5.097875,train,10.0,6.0
2016-01-25,5.4037500000000005,train,10.0,6.0
2016-01-26,4.06425,train,10.0,6.0
2016-01-27,2.48975,train,10.0,6.0
2016-01-28,4.6263749999999995,train,10.0,6.0
2016-01-29,3.1877142857142857,train,10.0,6.0
2016-01-30,3.585,train,10.0,6.0
2016-01-31,4.798571428571428,train,10.0,6.0
2016-02-01,4.8902222222222225,train,10.0,6.0
2016-02-02,5.467125,train,10.0,6.0
2016-02-03,4.026777777777777,train,10.0,6.0
2016-02-04,10.9898,train,10.0,6.0
2016-02-05,4.126444444444444,train,10.0,6.0
2016-02-06,5.4862222222222226,train,10.0,6.0
2016-02-07,3.3304444444444443,train,10.0,6.0
2016-02-08,4.376,train,10.0,6.0
2016-02-09,4.5612,train,10.0,6.0
2016-02-10,5.499777777777777,train,10.0,6.0
2016-02-11,9.20142857142857,train,10.0,6.0
2016-02-12,19.07466666666667,train,10.0,6.0
2016-02-13,12.2135,train,10.0,6.0
2016-02-14,6.7135,train,10.0,6.0
2016-02-15,5.968428571428572,train,10.0,6.0
2016-02-16,8.106428571428571,train,10.0,6.0
2016-02-17,7.742777777777778,train,10.0,6.0
2016-02-18,7.0329999999999995,train,10.0,6.0
2016-02-19,5.973375,train,10.0,6.0
2016-02-20,2.913444444444445,train,10.0,6.0
2016-02-21,2.777333333333333,train,10.0,6.0
2016-02-22,3.5959999999999996,train,10.0,6.0
2016-02-23,5.695666666666667,train,10.0,6.0
2016-02-24,12.80775,train,10.0,6.0
2016-02-25,12.500222222222222,train,10.0,6.0
2016-02-26,14.252333333333333,train,10.0,6.0
2016-02-27,16.922444444444444,train,10.0,6.0
2016-02-28,6.297444444444444,train,10.0,6.0
2016-02-29,6.217888888888889,train,10.0,6.0
2016-03-01,4.759,train,10.0,6.0
2016-03-02,4.952888888888889,train,10.0,6.0
2016-03-03,4.3829,train,10.0,6.0
2016-03-04,13.384,train,10.0,6.0
2016-03-05,4.940555555555556,train,10.0,6.0
2016-03-06,6.226111111111111,train,10.0,6.0
2016-03-07,3.6226666666666665,train,10.0,6.0
2016-03-08,4.506888888888889,train,10.0,6.0
2016-03-09,4.815099999999999,train,10.0,6.0
2016-03-10,7.894375,train,10.0,6.0
2016-03-11,12.685714285714285,train,10.0,6.0
2016-03-12,8.545714285714286,train,10.0,6.0
2016-03-13,25.398,train,10.0,6.0
2016-03-14,15.037333333333335,train,10.0,6.0
2016-03-15,13.1257,train,10.0,6.0
2016-03-16,10.2473,train,10.0,6.0
2016-03-17,21.268,train,10.0,6.0
2016-03-18,11.984300000000001,train,10.0,6.0
2016-03-19,5.436400000000001,train,10.0,6.0
2016-03-20,7.4327,train,10.0,6.0
2016-03-21,10.2744,train,10.0,6.0
2016-03-22,12.8272,train,10.0,6.0
2016-03-23,19.0953,train,10.0,6.0
2016-03-24,9.7258,train,10.0,6.0
2016-03-25,5.7131,train,10.0,6.0
2016-03-26,5.3589,train,10.0,6.0
2016-03-27,4.1181,train,10.0,6.0
2016-03-28,3.4103000000000003,train,10.0,6.0
2016-03-29,3.9761111111111114,train,10.0,6.0
2016-03-30,4.7604999999999995,train,10.0,6.0
2016-03-31,5.542111111111111,train,10.0,6.0
2016-04-01,5.484888888888889,train,10.0,6.0
2016-04-02,4.914125,train,10.0,6.0
2016-04-03,4.792111111111112,train,10.0,6.0
2016-04-04,7.5986,train,10.0,6.0
2016-04-05,7.219333333333334,train,10.0,6.0
2016-04-06,12.292222222222222,train,10.0,6.0
2016-04-07,3.6325555555555553,train,10.0,6.0
2016-04-08,4.3985,train,10.0,6.0
2016-04-09,4.0126,train,10.0,6.0
2016-04-10,9.190999999999999,train,10.0,6.0
2016-04-11,9.799000000000001,train,10.0,6.0
2016-04-12,11.503142857142858,train,10.0,6.0
2016-04-13,7.8344,train,10.0,6.0
2016-04-14,10.4612,train,10.0,6.0
2016-04-15,6.881600000000001,train,10.0,6.0
2016-04-16,3.682,train,10.0,6.0
2016-04-17,4.3677,train,10.0,6.0
2016-04-18,5.455,train,10.0,6.0
2016-04-19,6.0733,train,10.0,6.0
2016-04-20,7.547700000000001,train,10.0,6.0
2016-04-21,9.6458,train,10.0,6.0
2016-04-22,7.307599999999999,train,10.0,6.0
2016-04-23,4.7168,train,10.0,6.0
2016-04-24,4.0214,train,10.0,6.0
2016-04-25,4.2533,train,10.0,6.0
2016-04-26,2.7079,train,10.0,6.0
2016-04-27,4.6716,train,10.0,6.0
2016-04-28,4.677111111111111,train,10.0,6.0
2016-04-29,4.154555555555556,train,10.0,6.0
2016-04-30,3.6371111111111114,train,10.0,6.0
2016-05-01,7.998222222222221,train,10.0,6.0
2016-05-02,3.913,train,10.0,6.0
2016-05-03,6.655222222222222,train,10.0,6.0
2016-05-04,4.8063,train,10.0,6.0
2016-05-05,8.9972,train,10.0,6.0
2016-05-06,10.939777777777778,train,10.0,6.0
2016-05-07,3.0796666666666663,train,10.0,6.0
2016-05-08,4.7169,train,10.0,6.0
2016-05-09,4.2421999999999995,train,10.0,6.0
2016-05-10,6.0425,train,10.0,6.0
2016-05-11,12.03057142857143,train,10.0,6.0
2016-05-12,28.45357142857143,train,10.0,6.0
2016-05-13,10.2576,train,10.0,6.0
2016-05-14,5.2436,train,10.0,6.0
2016-05-15,7.2613,train,10.0,6.0
2016-05-16,6.6828,train,10.0,6.0
2016-05-17,7.423900000000001,train,10.0,6.0
2016-05-18,5.1164000000000005,train,10.0,6.0
2016-05-19,5.960444444444445,train,10.0,6.0
2016-05-20,6.1008,train,10.0,6.0
2016-05-21,4.7563,train,10.0,6.0
2016-05-22,3.972,train,10.0,6.0
2016-05-23,3.5918,train,10.0,6.0
2016-05-24,4.6503,train,10.0,6.0
2016-05-25,5.5846,train,10.0,6.0
2016-05-26,7.415222222222222,train,10.0,6.0
2016-05-27,11.426555555555556,train,10.0,6.0
2016-05-28,13.748222222222223,train,10.0,6.0
2016-05-29,8.51388888888889,train,10.0,6.0
2016-05-30,5.807666666666666,train,10.0,6.0
2016-05-31,3.9437777777777776,train,10.0,6.0
2016-06-01,13.687222222222223,train,10.0,6.0
2016-06-02,5.404444444444445,train,10.0,6.0
2016-06-03,5.300000000000001,train,10.0,6.0
2016-06-04,3.75,train,10.0,6.0
2016-06-05,11.952666666666666,train,10.0,6.0
2016-06-06,8.679555555555556,train,10.0,6.0
2016-06-07,3.809625,train,10.0,6.0
2016-06-08,4.8152,train,10.0,6.0
2016-06-09,4.5686,train,10.0,6.0
2016-06-10,6.596428571428571,train,10.0,6.0
2016-06-11,9.336,train,10.0,6.0
2016-06-12,30.06442857142857,train,10.0,6.0
2016-06-13,4.826666666666666,train,10.0,6.0
2016-06-14,5.379666666666667,train,10.0,6.0
2016-06-15,4.767333333333333,train,10.0,6.0
2016-06-16,5.932,train,10.0,6.0
2016-06-17,5.971111111111111,train,10.0,6.0
2016-06-18,5.850222222222222,train,10.0,6.0
2016-06-19,5.6641111111111115,train,10.0,6.0
2016-06-20,3.6500000000000004,train,10.0,6.0
2016-06-21,5.1530000000000005,train,10.0,6.0
2016-06-22,5.124333333333333,train,10.0,6.0
2016-06-23,6.563,train,10.0,6.0
2016-06-24,5.820111111111111,train,10.0,6.0
2016-06-25,4.153111111111111,train,10.0,6.0
2016-06-26,4.303444444444445,train,10.0,6.0
2016-06-27,3.455111111111111,train,10.0,6.0
2016-06-28,5.803222222222222,train,10.0,6.0
2016-06-29,4.822666666666667,train,10.0,6.0
2016-06-30,3.8235555555555556,train,10.0,6.0
2016-07-01,4.122111111111112,train,10.0,6.0
2016-07-02,3.562111111111111,train,10.0,6.0
2016-07-03,6.022555555555556,train,10.0,6.0
2016-07-04,3.383,train,10.0,6.0
2016-07-05,16.9269,train,10.0,6.0
2016-07-06,11.591666666666667,train,10.0,6.0
2016-07-07,4.930888888888889,train,10.0,6.0
2016-07-08,4.8774,train,10.0,6.0
2016-07-09,6.4614,train,10.0,6.0
2016-07-10,8.024714285714285,train,10.0,6.0
2016-07-11,5.949833333333333,train,10.0,6.0
2016-07-12,15.649000000000001,train,10.0,6.0
2016-07-13,3.271888888888889,train,10.0,6.0
2016-07-14,3.1016250000000003,train,10.0,6.0
2016-07-15,3.1937499999999996,train,10.0,6.0
2016-07-16,3.352,train,10.0,6.0
2016-07-17,2.91325,train,10.0,6.0
2016-07-18,3.958125,train,10.0,6.0
2016-07-19,7.543111111111112,train,10.0,6.0
2016-07-20,9.323555555555556,train,10.0,6.0
2016-07-21,4.7912,train,10.0,6.0
2016-07-22,7.001099999999999,train,10.0,6.0
2016-07-23,5.9127,train,10.0,6.0
2016-07-24,4.3525,train,10.0,6.0
2016-07-25,3.6885,train,10.0,6.0
2016-07-26,4.5481,train,10.0,6.0
2016-07-27,4.041300000000001,train,10.0,6.0
2016-07-28,4.052300000000001,train,10.0,6.0
2016-07-29,3.8871,train,10.0,6.0
2016-07-30,4.0667,train,10.0,6.0
2016-07-31,3.4326,train,10.0,6.0
2016-08-01,6.683777777777777,train,10.0,6.0
2016-08-02,6.804125,train,10.0,6.0
2016-08-03,8.7668,train,10.0,6.0
2016-08-04,5.4424,train,10.0,6.0
2016-08-05,12.168000000000001,train,10.0,6.0
2016-08-06,11.354777777777777,train,10.0,6.0
2016-08-07,4.9634,train,10.0,6.0
2016-08-08,5.298111111111111,train,10.0,6.0
2016-08-09,6.264,train,10.0,6.0
2016-08-10,7.030714285714287,train,10.0,6.0
2016-08-11,11.815,train,10.0,6.0
2016-08-12,12.96642857142857,train,10.0,6.0
2016-08-13,3.6376999999999997,train,10.0,6.0
2016-08-14,3.9432,train,10.0,6.0
2016-08-15,5.131600000000001,train,10.0,6.0
2016-08-16,7.197444444444445,train,10.0,6.0
2016-08-17,9.9375,train,10.0,6.0
2016-08-18,10.885555555555555,train,10.0,6.0
2016-08-19,9.40188888888889,train,10.0,6.0
2016-08-20,6.695555555555555,train,10.0,6.0
2016-08-21,3.8085555555555555,train,10.0,6.0
2016-08-22,5.500222222222223,train,10.0,6.0
2016-08-23,6.245900000000001,train,10.0,6.0
2016-08-24,10.042222222222222,train,10.0,6.0
2016-08-25,11.7654,train,10.0,6.0
2016-08-26,5.032,train,10.0,6.0
2016-08-27,10.2376,train,10.0,6.0
2016-08-28,5.3165,train,10.0,6.0
2016-08-29,5.101100000000001,train,10.0,6.0
2016-08-30,6.7935,train,10.0,6.0
2016-08-31,5.224,train,10.0,6.0
2016-09-01,4.8695,train,10.0,6.0
2016-09-02,5.09625,train,10.0,6.0
2016-09-03,5.349555555555556,train,10.0,6.0
2016-09-04,3.6107,train,10.0,6.0
2016-09-05,12.819777777777778,train,10.0,6.0
2016-09-06,8.649444444444445,train,10.0,6.0
2016-09-07,4.6122,train,10.0,6.0
2016-09-08,5.9173,train,10.0,6.0
2016-09-09,4.8766,train,10.0,6.0
2016-09-10,5.019428571428572,train,10.0,6.0
2016-09-11,6.614857142857143,train,10.0,6.0
2016-09-12,14.222857142857142,train,10.0,6.0
2016-09-13,9.736799999999999,train,10.0,6.0
2016-09-14,11.7289,train,10.0,6.0
2016-09-15,13.572399999999998,train,10.0,6.0
2016-09-16,5.2742,train,10.0,6.0
2016-09-17,4.143800000000001,train,10.0,6.0
2016-09-18,5.4027,train,10.0,6.0
2016-09-19,7.0134,train,10.0,6.0
2016-09-20,6.465999999999999,train,10.0,6.0
2016-09-21,10.0274,train,10.0,6.0
2016-09-22,5.910777777777778,train,10.0,6.0
2016-09-23,5.0642000000000005,train,10.0,6.0
2016-09-24,5.9279,train,10.0,6.0
2016-09-25,4.8631,train,10.0,6.0
2016-09-26,5.7877,train,10.0,6.0
2016-09-27,5.5455,train,10.0,6.0
2016-09-28,8.244,train,10.0,6.0
2016-09-29,5.0836,train,10.0,6.0
2016-09-30,5.4735,train,10.0,6.0
2016-10-01,3.708125,train,10.0,6.0
2016-10-02,4.8469999999999995,train,10.0,6.0
2016-10-03,13.424100000000001,train,10.0,6.0
2016-10-04,5.436100000000001,train,10.0,6.0
2016-10-05,15.519499999999999,train,10.0,6.0
2016-10-06,9.788666666666666,train,10.0,6.0
2016-10-07,4.1668,train,10.0,6.0
2016-10-08,4.9631,train,10.0,6.0
2016-10-09,5.1589,train,10.0,6.0
2016-10-10,5.8461428571428575,train,10.0,6.0
2016-10-11,6.292142857142857,train,10.0,6.0
2016-10-12,9.30157142857143,train,10.0,6.0
2016-10-13,7.835571428571429,train,10.0,6.0
2016-10-14,12.81857142857143,train,10.0,6.0
2016-10-15,9.975,train,10.0,6.0
2016-10-16,5.842999999999999,train,10.0,6.0
2016-10-17,5.647142857142858,train,10.0,6.0
2016-10-18,3.4635,train,10.0,6.0
2016-10-19,4.496142857142857,train,10.0,6.0
2016-10-20,5.257142857142857,train,10.0,6.0
2016-10-21,8.181285714285714,train,10.0,6.0
2016-10-22,8.533428571428571,train,10.0,6.0
2016-10-23,10.465428571428571,train,10.0,6.0
2016-10-24,13.114857142857144,train,10.0,6.0
2016-10-25,17.62242857142857,train,10.0,6.0
2016-10-26,11.482,train,10.0,6.0
2016-10-27,8.371833333333333,train,10.0,6.0
2016-10-28,8.400166666666665,train,10.0,6.0
2016-10-29,13.594285714285714,train,10.0,6.0
2016-10-30,22.02885714285714,train,10.0,6.0
2016-10-31,26.10685714285714,train,10.0,6.0
2016-11-01,5.36925,train,10.0,6.0
2016-11-02,9.652750000000001,train,10.0,6.0
2016-11-03,30.84477777777778,train,10.0,6.0
2016-11-04,17.4939,train,10.0,6.0
2016-11-05,16.3558,train,10.0,6.0
2016-11-06,8.515333333333334,train,10.0,6.0
2016-11-07,4.734,train,10.0,6.0
2016-11-08,4.901400000000001,train,10.0,6.0
2016-11-09,5.0943,train,10.0,6.0
2016-11-10,7.102857142857142,train,10.0,6.0
2016-11-11,10.266857142857145,train,10.0,6.0
2016-11-12,8.835142857142857,train,10.0,6.0
2016-11-13,7.498428571428572,train,10.0,6.0
2016-11-14,9.780714285714286,train,10.0,6.0
2016-11-15,6.951999999999999,train,10.0,6.0
2016-11-16,5.8715,train,10.0,6.0
2016-11-17,5.8870000000000005,train,10.0,6.0
2016-11-18,5.7184285714285705,train,10.0,6.0
2016-11-19,6.191000000000001,train,10.0,6.0
2016-11-20,7.956,train,10.0,6.0
2016-11-21,6.965714285714285,train,10.0,6.0
2016-11-22,7.515714285714286,train,10.0,6.0
2016-11-23,8.1615,train,10.0,6.0
2016-11-24,5.841666666666666,train,10.0,6.0
2016-11-25,6.5249999999999995,train,10.0,6.0
2016-11-26,12.360285714285713,train,10.0,6.0
2016-11-27,10.327833333333333,train,10.0,6.0
2016-11-28,8.145833333333334,train,10.0,6.0
2016-11-29,14.264000000000001,train,10.0,6.0
2016-11-30,30.409666666666666,train,10.0,6.0
2016-12-01,4.399375,train,10.0,6.0
2016-12-02,9.859375,train,10.0,6.0
2016-12-03,39.19888888888889,train,10.0,6.0
2016-12-04,7.178,train,10.0,6.0
2016-12-05,14.7713,train,10.0,6.0
2016-12-06,5.206222222222222,train,10.0,6.0
2016-12-07,3.608111111111111,train,10.0,6.0
2016-12-08,5.8189,train,10.0,6.0
2016-12-09,5.2405,train,10.0,6.0
2016-12-10,6.122714285714286,train,10.0,6.0
2016-12-11,6.982285714285714,train,10.0,6.0
2016-12-12,9.10742857142857,train,10.0,6.0
2016-12-13,13.469285714285714,train,10.0,6.0
2016-12-14,13.632571428571428,train,10.0,6.0
2016-12-15,18.37114285714286,train,10.0,6.0
2016-12-16,22.779285714285713,train,10.0,6.0
2016-12-17,20.153428571428574,train,10.0,6.0
2016-12-18,18.210428571428572,train,10.0,6.0
2016-12-19,18.809142857142856,train,10.0,6.0
2016-12-20,19.51914285714286,train,10.0,6.0
2016-12-21,9.4865,train,10.0,6.0
2016-12-22,8.443666666666667,train,10.0,6.0
2016-12-23,5.681333333333334,train,10.0,6.0
2016-12-24,6.616142857142857,train,10.0,6.0
2016-12-25,3.776,train,10.0,6.0
2016-12-26,5.6932857142857145,train,10.0,6.0
2016-12-27,16.72157142857143,train,10.0,6.0
2016-12-28,20.715285714285717,train,10.0,6.0
2016-12-29,20.52157142857143,train,10.0,6.0
2016-12-30,20.07614285714286,train,10.0,6.0
2016-12-31,,train,,
2017-01-01,7.445714285714286,train,7.0,6.0
2017-01-02,7.168571428571428,train,7.0,6.0
2017-01-03,5.201428571428572,train,7.0,6.0
2017-01-04,6.8276666666666666,train,7.0,6.0
2017-01-05,6.4328,train,7.0,6.0
2017-01-06,7.122333333333334,train,7.0,6.0
2017-01-07,4.6979999999999995,train,7.0,6.0
2017-01-08,5.227833333333334,train,7.0,6.0
2017-01-09,6.104333333333333,train,7.0,6.0
2017-01-10,3.6341666666666668,train,7.0,6.0
2017-01-11,10.62725,train,7.0,6.0
2017-01-12,5.8264,train,7.0,6.0
2017-01-13,4.277142857142858,train,7.0,6.0
2017-01-14,6.192857142857143,train,7.0,6.0
2017-01-15,5.401428571428572,train,7.0,6.0
2017-01-16,7.395714285714285,train,7.0,6.0
2017-01-17,16.18,train,7.0,6.0
2017-01-18,18.868571428571425,train,7.0,6.0
2017-01-19,19.81,train,7.0,6.0
2017-01-20,16.802857142857142,train,7.0,6.0
2017-01-21,22.74857142857143,train,7.0,6.0
2017-01-22,48.097142857142856,train,7.0,6.0
2017-01-23,47.19,train,7.0,6.0
2017-01-24,28.187142857142856,train,7.0,6.0
2017-01-25,18.31142857142857,train,7.0,6.0
2017-01-26,33.42142857142857,train,7.0,6.0
2017-01-27,33.30285714285714,train,7.0,6.0
2017-01-28,9.227142857142857,train,7.0,6.0
2017-01-29,5.714285714285714,train,7.0,6.0
2017-01-30,9.930000000000001,train,7.0,6.0
2017-01-31,11.372,train,7.0,6.0
2017-02-01,6.424285714285714,train,7.0,6.0
2017-02-02,7.135714285714285,train,7.0,6.0
2017-02-03,6.694285714285714,train,7.0,6.0
2017-02-04,6.730999999999999,train,7.0,6.0
2017-02-05,9.9132,train,7.0,6.0
2017-02-06,9.638333333333334,train,7.0,6.0
2017-02-07,4.029,train,7.0,6.0
2017-02-08,3.795,train,7.0,6.0
2017-02-09,6.6386666666666665,train,7.0,6.0
2017-02-10,7.220666666666666,train,7.0,6.0
2017-02-11,15.4115,train,7.0,6.0
2017-02-12,9.6396,train,7.0,6.0
2017-02-13,34.93571428571429,train,7.0,6.0
2017-02-14,29.383333333333336,train,7.0,6.0
2017-02-15,14.385714285714286,train,7.0,6.0
2017-02-16,6.615714285714286,train,7.0,6.0
2017-02-17,9.271428571428572,train,7.0,6.0
2017-02-18,16.165714285714284,train,7.0,6.0
2017-02-19,8.975714285714286,train,7.0,6.0
2017-02-20,5.331428571428572,train,7.0,6.0
2017-02-21,5.027142857142857,train,7.0,6.0
2017-02-22,4.57,train,7.0,6.0
2017-02-23,3.7800000000000002,train,7.0,6.0
2017-02-24,6.7299999999999995,train,7.0,6.0
2017-02-25,5.904285714285714,train,7.0,6.0
2017-02-26,3.915714285714286,train,7.0,6.0
2017-02-27,4.25,train,7.0,6.0
2017-02-28,4.981428571428571,train,7.0,6.0
2017-03-01,7.772857142857142,train,7.0,6.0
2017-03-02,6.242857142857143,train,7.0,6.0
2017-03-03,9.117142857142856,train,7.0,6.0
2017-03-04,10.222999999999999,train,7.0,6.0
2017-03-05,10.1828,train,7.0,6.0
2017-03-06,5.244,train,7.0,6.0
2017-03-07,5.408166666666666,train,7.0,6.0
2017-03-08,5.770666666666667,train,7.0,6.0
2017-03-09,4.739333333333334,train,7.0,6.0
2017-03-10,5.726333333333333,train,7.0,6.0
2017-03-11,15.847750000000001,train,7.0,6.0
2017-03-12,7.337000000000001,train,7.0,6.0
2017-03-13,8.171428571428573,train,7.0,6.0
2017-03-14,7.37,train,7.0,6.0
2017-03-15,9.790000000000001,train,7.0,6.0
2017-03-16,10.401428571428571,train,7.0,6.0
2017-03-17,5.0928571428571425,train,7.0,6.0
2017-03-18,4.211428571428572,train,7.0,6.0
2017-03-19,5.244285714285715,train,7.0,6.0
2017-03-20,3.924285714285714,train,7.0,6.0
2017-03-21,4.21,train,7.0,6.0
2017-03-22,5.638333333333333,train,7.0,6.0
2017-03-23,14.283333333333331,train,7.0,6.0
2017-03-24,21.044999999999998,train,7.0,6.0
2017-03-25,8.816666666666666,train,7.0,6.0
2017-03-26,8.008333333333333,train,7.0,6.0
2017-03-27,27.18166666666667,train,7.0,6.0
2017-03-28,23.845,train,7.0,6.0
2017-03-29,10.231666666666667,train,7.0,6.0
2017-03-30,9.786666666666667,train,7.0,6.0
2017-03-31,7.726666666666667,train,7.0,6.0
2017-04-01,6.983333333333333,train,7.0,6.0
2017-04-02,5.831428571428572,train,7.0,6.0
2017-04-03,5.304285714285713,train,7.0,6.0
2017-04-04,7.929833333333334,train,7.0,6.0
2017-04-05,13.146833333333333,train,7.0,6.0
2017-04-06,5.4876000000000005,train,7.0,6.0
2017-04-07,6.685,train,7.0,6.0
2017-04-08,5.123666666666667,train,7.0,6.0
2017-04-09,4.2025,train,7.0,6.0
2017-04-10,5.838,train,7.0,6.0
2017-04-11,10.34875,train,7.0,6.0
2017-04-12,6.2738,train,7.0,6.0
2017-04-13,4.4855,train,7.0,6.0
2017-04-14,4.0644,train,7.0,6.0
2017-04-15,3.212666666666667,train,7.0,6.0
2017-04-16,3.627333333333333,train,7.0,6.0
2017-04-17,3.519833333333333,train,7.0,6.0
2017-04-18,4.683,train,7.0,6.0
2017-04-19,6.404166666666666,train,7.0,6.0
2017-04-20,9.517833333333334,train,7.0,6.0
2017-04-21,10.376333333333333,train,7.0,6.0
2017-04-22,5.9385,train,7.0,6.0
2017-04-23,9.3372,train,7.0,6.0
2017-04-24,7.753833333333333,train,7.0,6.0
2017-04-25,3.592,train,7.0,6.0
2017-04-26,4.412166666666667,train,7.0,6.0
2017-04-27,6.898,train,7.0,6.0
2017-04-28,6.3018,train,7.0,6.0
2017-04-29,7.7462,train,7.0,6.0
2017-04-30,11.084399999999999,train,7.0,6.0
2017-05-01,14.676666666666668,train,7.0,6.0
2017-05-02,9.45142857142857,train,7.0,6.0
2017-05-03,4.6971428571428575,train,7.0,6.0
2017-05-04,6.703166666666667,train,7.0,6.0
2017-05-05,7.980833333333333,train,7.0,6.0
2017-05-06,5.123833333333334,train,7.0,6.0
2017-05-07,5.830166666666667,train,7.0,6.0
2017-05-08,4.988,train,7.0,6.0
2017-05-09,4.181,train,7.0,6.0
2017-05-10,3.6886666666666668,train,7.0,6.0
2017-05-11,11.2865,train,7.0,6.0
2017-05-12,5.5084,train,7.0,6.0
2017-05-13,8.763,train,7.0,6.0
2017-05-14,5.059833333333334,train,7.0,6.0
2017-05-15,5.979166666666667,train,7.0,6.0
2017-05-16,5.868333333333333,train,7.0,6.0
2017-05-17,5.3805000000000005,train,7.0,6.0
2017-05-18,5.405833333333334,train,7.0,6.0
2017-05-19,5.351666666666667,train,7.0,6.0
2017-05-20,4.123333333333334,train,7.0,6.0
2017-05-21,4.102,train,7.0,6.0
2017-05-22,6.719666666666666,train,7.0,6.0
2017-05-23,5.927333333333333,train,7.0,6.0
2017-05-24,6.566333333333333,train,7.0,6.0
2017-05-25,7.264666666666667,train,7.0,6.0
2017-05-26,9.2045,train,7.0,6.0
2017-05-27,8.473,train,7.0,6.0
2017-05-28,5.6295,train,7.0,6.0
2017-05-29,7.736666666666667,train,7.0,6.0
2017-05-30,5.315,train,7.0,6.0
2017-05-31,6.0515,train,7.0,6.0
2017-06-01,13.735714285714284,train,7.0,6.0
2017-06-02,11.19,train,7.0,6.0
2017-06-03,6.411428571428572,train,7.0,6.0
2017-06-04,8.991166666666667,train,7.0,6.0
2017-06-05,16.262333333333334,train,7.0,6.0
2017-06-06,4.803,train,7.0,6.0
2017-06-07,8.395333333333333,train,7.0,6.0
2017-06-08,4.338,train,7.0,6.0
2017-06-09,7.6426,train,7.0,6.0
2017-06-10,5.615333333333333,train,7.0,6.0
2017-06-11,13.400500000000001,train,7.0,6.0
2017-06-12,5.147399999999999,train,7.0,6.0
2017-06-13,6.815,train,7.0,6.0
2017-06-14,8.695166666666667,train,7.0,6.0
2017-06-15,7.871166666666667,train,7.0,6.0
2017-06-16,6.5071666666666665,train,7.0,6.0
2017-06-17,7.683666666666666,train,7.0,6.0
2017-06-18,8.007833333333332,train,7.0,6.0
2017-06-19,11.304166666666667,train,7.0,6.0
2017-06-20,15.345400000000001,train,7.0,6.0
2017-06-21,17.154400000000003,train,7.0,6.0
2017-06-22,8.336666666666666,train,7.0,6.0
2017-06-23,4.777166666666667,train,7.0,6.0
2017-06-24,4.963333333333334,train,7.0,6.0
2017-06-25,7.088166666666667,train,7.0,6.0
2017-06-26,4.7875000000000005,train,7.0,6.0
2017-06-27,9.228166666666667,train,7.0,6.0
2017-06-28,5.7855,train,7.0,6.0
2017-06-29,5.019333333333333,train,7.0,6.0
2017-06-30,3.9789999999999996,train,7.0,6.0
2017-07-01,8.535714285714286,train,7.0,6.0
2017-07-02,7.95,train,7.0,6.0
2017-07-03,6.081666666666667,train,7.0,6.0
2017-07-04,14.050333333333333,train,7.0,6.0
2017-07-05,10.334000000000001,train,7.0,6.0
2017-07-06,5.1065,train,7.0,6.0
2017-07-07,4.880333333333334,train,7.0,6.0
2017-07-08,4.832333333333334,train,7.0,6.0
2017-07-09,6.21275,train,7.0,6.0
2017-07-10,4.0595,train,7.0,6.0
2017-07-11,6.65325,train,7.0,6.0
2017-07-12,6.1036,train,7.0,6.0
2017-07-13,6.053,train,7.0,6.0
2017-07-14,3.7488333333333337,train,7.0,6.0
2017-07-15,4.842666666666667,train,7.0,6.0
2017-07-16,3.5356666666666663,train,7.0,6.0
2017-07-17,5.927166666666667,train,7.0,6.0
2017-07-18,8.439166666666667,train,7.0,6.0
2017-07-19,8.717166666666666,train,7.0,6.0
2017-07-20,5.142,train,7.0,6.0
2017-07-21,5.6838,train,7.0,6.0
2017-07-22,4.6823999999999995,train,7.0,6.0
2017-07-23,6.9908,train,7.0,6.0
2017-07-24,4.4946,train,7.0,6.0
2017-07-25,6.005166666666667,train,7.0,6.0
2017-07-26,6.478000000000001,train,7.0,6.0
2017-07-27,6.809166666666666,train,7.0,6.0
2017-07-28,4.940333333333333,train,7.0,6.0
2017-07-29,4.587833333333333,train,7.0,6.0
2017-07-30,3.6353333333333335,train,7.0,6.0
2017-07-31,5.151666666666666,train,7.0,6.0
2017-08-01,10.22,train,7.0,6.0
2017-08-02,13.756666666666666,train,7.0,6.0
2017-08-03,6.155714285714287,train,7.0,6.0
2017-08-04,21.615333333333336,train,7.0,6.0
2017-08-05,8.881,train,7.0,6.0
2017-08-06,5.401400000000001,train,7.0,6.0
2017-08-07,3.936,train,7.0,6.0
2017-08-08,3.5728,train,7.0,6.0
2017-08-09,2.9402,train,7.0,6.0
2017-08-10,5.792333333333333,train,7.0,6.0
2017-08-11,5.47425,train,7.0,6.0
2017-08-12,3.8896,train,7.0,6.0
2017-08-13,4.501666666666666,train,7.0,6.0
2017-08-14,6.9962,train,7.0,6.0
2017-08-15,7.156833333333334,train,7.0,6.0
2017-08-16,4.9703333333333335,train,7.0,6.0
2017-08-17,5.5681666666666665,train,7.0,6.0
2017-08-18,4.804833333333334,train,7.0,6.0
2017-08-19,5.3275,train,7.0,6.0
2017-08-20,4.392833333333333,train,7.0,6.0
2017-08-21,4.7958,train,7.0,6.0
2017-08-22,7.096666666666667,train,7.0,6.0
2017-08-23,5.5034,train,7.0,6.0
2017-08-24,4.5604,train,7.0,6.0
2017-08-25,6.892333333333333,train,7.0,6.0
2017-08-26,7.2573333333333325,train,7.0,6.0
2017-08-27,8.164666666666667,train,7.0,6.0
2017-08-28,12.316833333333333,train,7.0,6.0
2017-08-29,7.898,train,7.0,6.0
2017-08-30,5.739000000000001,train,7.0,6.0
2017-08-31,5.666,train,7.0,6.0
2017-09-01,6.062857142857142,train,7.0,6.0
2017-09-02,17.906666666666666,train,7.0,6.0
2017-09-03,6.217142857142856,train,7.0,6.0
2017-09-04,18.6965,train,7.0,6.0
2017-09-05,9.199333333333334,train,7.0,6.0
2017-09-06,6.688833333333332,train,7.0,6.0
2017-09-07,5.7075,train,7.0,6.0
2017-09-08,4.2331666666666665,train,7.0,6.0
2017-09-09,3.0946000000000002,train,7.0,6.0
2017-09-10,7.434166666666666,train,7.0,6.0
2017-09-11,9.564499999999999,train,7.0,6.0
2017-09-12,7.671200000000001,train,7.0,6.0
2017-09-13,3.7576666666666667,train,7.0,6.0
2017-09-14,3.4408333333333334,train,7.0,6.0
2017-09-15,4.662,train,7.0,6.0
2017-09-16,5.134166666666666,train,7.0,6.0
2017-09-17,4.3004999999999995,train,7.0,6.0
2017-09-18,5.474166666666666,train,7.0,6.0
2017-09-19,6.634,train,7.0,6.0
2017-09-20,6.2215,train,7.0,6.0
2017-09-21,5.825333333333333,train,7.0,6.0
2017-09-22,5.900666666666666,train,7.0,6.0
2017-09-23,6.074166666666667,train,7.0,6.0
2017-09-24,10.390166666666667,train,7.0,6.0
2017-09-25,16.052333333333333,train,7.0,6.0
2017-09-26,25.491666666666664,train,7.0,6.0
2017-09-27,26.794166666666666,train,7.0,6.0
2017-09-28,5.658333333333334,train,7.0,6.0
2017-09-29,7.664833333333334,train,7.0,6.0
2017-09-30,5.505,train,7.0,6.0
2017-10-01,7.951428571428571,train,7.0,6.0
2017-10-02,24.075,train,7.0,6.0
2017-10-03,9.794285714285715,train,7.0,6.0
2017-10-04,5.69375,train,7.0,6.0
2017-10-05,9.4375,train,7.0,6.0
2017-10-06,4.663600000000001,train,7.0,6.0
2017-10-07,5.1075,train,7.0,6.0
2017-10-08,5.218166666666666,train,7.0,6.0
2017-10-09,3.3394,train,7.0,6.0
2017-10-10,5.003666666666667,train,7.0,6.0
2017-10-11,6.3885000000000005,train,7.0,6.0
2017-10-12,6.824,train,7.0,6.0
2017-10-13,5.828,train,7.0,6.0
2017-10-14,7.202333333333333,train,7.0,6.0
2017-10-15,13.226999999999999,train,7.0,6.0
2017-10-16,11.0565,train,7.0,6.0
2017-10-17,8.050333333333333,train,7.0,6.0
2017-10-18,13.8795,train,7.0,6.0
2017-10-19,12.1105,train,7.0,6.0
2017-10-20,5.4126666666666665,train,7.0,6.0
2017-10-21,5.9126666666666665,train,7.0,6.0
2017-10-22,3.9263333333333335,train,7.0,6.0
2017-10-23,5.246333333333333,train,7.0,6.0
2017-10-24,5.0255,train,7.0,6.0
2017-10-25,6.0135000000000005,train,7.0,6.0
2017-10-26,8.261166666666666,train,7.0,6.0
2017-10-27,7.636833333333333,train,7.0,6.0
2017-10-28,5.798333333333333,train,7.0,6.0
2017-10-29,5.5324,train,7.0,6.0
2017-10-30,9.7718,train,7.0,6.0
2017-10-31,8.51625,train,7.0,6.0
2017-11-01,7.288571428571428,train,7.0,6.0
2017-11-02,23.5,train,7.0,6.0
2017-11-03,16.658571428571427,train,7.0,6.0
2017-11-04,5.6616,train,7.0,6.0
2017-11-05,19.263,train,7.0,6.0
2017-11-06,5.4918,train,7.0,6.0
2017-11-07,4.920833333333333,train,7.0,6.0
2017-11-08,6.613500000000001,train,7.0,6.0
2017-11-09,3.7518000000000002,train,7.0,6.0
2017-11-10,4.845666666666667,train,7.0,6.0
2017-11-11,6.563750000000001,train,7.0,6.0
2017-11-12,6.7692,train,7.0,6.0
2017-11-13,6.3260000000000005,train,7.0,6.0
2017-11-14,9.049,train,7.0,6.0
2017-11-15,11.916333333333334,train,7.0,6.0
2017-11-16,9.557,train,7.0,6.0
2017-11-17,10.45525,train,7.0,6.0
2017-11-18,8.79825,train,7.0,6.0
2017-11-19,9.536249999999999,train,7.0,6.0
2017-11-20,7.66225,train,7.0,6.0
2017-11-21,7.3006,train,7.0,6.0
2017-11-22,8.8654,train,7.0,6.0
2017-11-23,6.4552,train,7.0,6.0
2017-11-24,9.045,train,7.0,6.0
2017-11-25,8.380799999999999,train,7.0,6.0
2017-11-26,5.814,train,7.0,6.0
2017-11-27,4.538600000000001,train,7.0,6.0
2017-11-28,5.2543999999999995,train,7.0,6.0
2017-11-29,4.819333333333334,train,7.0,6.0
2017-11-30,4.513,train,7.0,6.0
2017-12-01,5.151428571428572,train,7.0,6.0
2017-12-02,27.944285714285716,train,7.0,6.0
2017-12-03,13.018571428571429,train,7.0,6.0
2017-12-04,5.1778,train,7.0,6.0
2017-12-05,10.850500000000002,train,7.0,6.0
2017-12-06,4.0594,train,7.0,6.0
2017-12-07,3.4905000000000004,train,7.0,6.0
2017-12-08,3.250833333333333,train,7.0,6.0
2017-12-09,4.050333333333334,train,7.0,6.0
2017-12-10,6.963600000000001,train,7.0,6.0
2017-12-11,5.1193333333333335,train,7.0,6.0
2017-12-12,13.66675,train,7.0,6.0
2017-12-13,5.9135,train,7.0,6.0
2017-12-14,6.5854,train,7.0,6.0
2017-12-15,5.642799999999999,train,7.0,6.0
2017-12-16,7.723999999999999,train,7.0,6.0
2017-12-17,8.175999999999998,train,7.0,6.0
2017-12-18,11.6184,train,7.0,6.0
2017-12-19,15.612200000000001,train,7.0,6.0
2017-12-20,11.1826,train,7.0,6.0
2017-12-21,9.8004,train,7.0,6.0
2017-12-22,8.7864,train,7.0,6.0
2017-12-23,6.1259999999999994,train,7.0,6.0
2017-12-24,3.60525,train,7.0,6.0
2017-12-25,6.7197499999999994,train,7.0,6.0
2017-12-26,4.4072499999999994,train,7.0,6.0
2017-12-27,3.5635,train,7.0,6.0
2017-12-28,7.6415999999999995,train,7.0,6.0
2017-12-29,7.42775,train,7.0,6.0
2017-12-30,9.698400000000001,train,7.0,6.0
2017-12-31,,train,,
