Daily measurement data supplied by UK-air on 21/05/2026,,
All Data GMT hour ending,,
Status: V=Verified P=Provisionaly Verified N=Not Verified S=Suspect,,
,London Marylebone Road,
Latitude,51.52253,
Longitude,-0.154611,
Site Type,Urban Traffic,
Zone,Greater London,
Agglomeration,Greater London Urban Area,
Local Authority,Westminster,
Date,PM2.5 particulate matter (Daily measured),Status
01/01/2021,17.167,V ugm-3 (GRAV EMFAB)
02/01/2021,5.167,V ugm-3 (GRAV EMFAB)
03/01/2021,4.5,V ugm-3 (GRAV EMFAB)
04/01/2021,3.458,V ugm-3 (GRAV EMFAB)
05/01/2021,3.25,V ugm-3 (GRAV EMFAB)
06/01/2021,4.542,V ugm-3 (GRAV EMFAB)
07/01/2021,15.333,V ugm-3 (GRAV EMFAB)
08/01/2021,19.958,V ugm-3 (GRAV EMFAB)
09/01/2021,15.458,V ugm-3 (GRAV EMFAB)
10/01/2021,16.583,V ugm-3 (GRAV EMFAB)
11/01/2021,6.25,V ugm-3 (GRAV EMFAB)
12/01/2021,3.125,V ugm-3 (GRAV EMFAB)
13/01/2021,12.25,V ugm-3 (GRAV EMFAB)
14/01/2021,5.125,V ugm-3 (GRAV EMFAB)
15/01/2021,11.167,V ugm-3 (GRAV EMFAB)
16/01/2021,7.875,V ugm-3 (GRAV EMFAB)
17/01/2021,7.208,V ugm-3 (GRAV EMFAB)
18/01/2021,7.042,V ugm-3 (GRAV EMFAB)
19/01/2021,2.208,V ugm-3 (GRAV EMFAB)
20/01/2021,6.625,V ugm-3 (GRAV EMFAB)
21/01/2021,4,V ugm-3 (GRAV EMFAB)
22/01/2021,9.25,V ugm-3 (GRAV EMFAB)
23/01/2021,8.583,V ugm-3 (GRAV EMFAB)
24/01/2021,8.583,V ugm-3 (GRAV EMFAB)
25/01/2021,9.375,V ugm-3 (GRAV EMFAB)
26/01/2021,8.083,V ugm-3 (GRAV EMFAB)
27/01/2021,12.667,V ugm-3 (GRAV EMFAB)
28/01/2021,5.391,V ugm-3 (GRAV EMFAB)
29/01/2021,5.766,V ugm-3 (GRAV EMFAB)
30/01/2021,5.141,V ugm-3 (GRAV EMFAB)
31/01/2021,8.141,V ugm-3 (GRAV EMFAB)
01/02/2021,13.724,V ugm-3 (GRAV EMFAB)
02/02/2021,10.49,V ugm-3 (GRAV EMFAB)
03/02/2021,9.141,V ugm-3 (GRAV EMFAB)
04/02/2021,8.266,V ugm-3 (GRAV EMFAB)
05/02/2021,7.224,V ugm-3 (GRAV EMFAB)
06/02/2021,9.016,V ugm-3 (GRAV EMFAB)
07/02/2021,7.307,V ugm-3 (GRAV EMFAB)
08/02/2021,4.724,V ugm-3 (GRAV EMFAB)
09/02/2021,3.724,V ugm-3 (GRAV EMFAB)
10/02/2021,4.391,V ugm-3 (GRAV EMFAB)
11/02/2021,12.375,V ugm-3 (GRAV EMFAB)
12/02/2021,11.625,V ugm-3 (GRAV EMFAB)
13/02/2021,10.417,V ugm-3 (GRAV EMFAB)
14/02/2021,10.083,V ugm-3 (GRAV EMFAB)
15/02/2021,8.667,V ugm-3 (GRAV EMFAB)
16/02/2021,7.583,V ugm-3 (GRAV EMFAB)
17/02/2021,5.167,V ugm-3 (GRAV EMFAB)
18/02/2021,5.375,V ugm-3 (GRAV EMFAB)
19/02/2021,6.375,V ugm-3 (GRAV EMFAB)
20/02/2021,12.75,V ugm-3 (GRAV EMFAB)
21/02/2021,11.667,V ugm-3 (GRAV EMFAB)
22/02/2021,18.083,V ugm-3 (GRAV EMFAB)
23/02/2021,7.792,V ugm-3 (GRAV EMFAB)
24/02/2021,6.917,V ugm-3 (GRAV EMFAB)
25/02/2021,9.792,V ugm-3 (GRAV EMFAB)
26/02/2021,11,V ugm-3 (GRAV EMFAB)
27/02/2021,17.958,V ugm-3 (GRAV EMFAB)
28/02/2021,16.583,V ugm-3 (GRAV EMFAB)
01/03/2021,26.917,V ugm-3 (GRAV EMFAB)
02/03/2021,38.542,V ugm-3 (GRAV EMFAB)
03/03/2021,43.583,V ugm-3 (GRAV EMFAB)
04/03/2021,11.917,V ugm-3 (GRAV EMFAB)
05/03/2021,4.333,V ugm-3 (GRAV EMFAB)
06/03/2021,6.083,V ugm-3 (GRAV EMFAB)
07/03/2021,14.375,V ugm-3 (GRAV EMFAB)
08/03/2021,30.292,V ugm-3 (GRAV EMFAB)
09/03/2021,15.542,V ugm-3 (GRAV EMFAB)
10/03/2021,7.417,V ugm-3 (GRAV EMFAB)
11/03/2021,7.5,V ugm-3 (GRAV EMFAB)
12/03/2021,5.917,V ugm-3 (GRAV EMFAB)
13/03/2021,3.75,V ugm-3 (GRAV EMFAB)
14/03/2021,4.625,V ugm-3 (GRAV EMFAB)
15/03/2021,6.833,V ugm-3 (GRAV EMFAB)
16/03/2021,5.667,V ugm-3 (GRAV EMFAB)
17/03/2021,7.917,V ugm-3 (GRAV EMFAB)
18/03/2021,7.75,V ugm-3 (GRAV EMFAB)
19/03/2021,3.583,V ugm-3 (GRAV EMFAB)
20/03/2021,8.792,V ugm-3 (GRAV EMFAB)
21/03/2021,6.833,V ugm-3 (GRAV EMFAB)
22/03/2021,12.583,V ugm-3 (GRAV EMFAB)
23/03/2021,15.458,V ugm-3 (GRAV EMFAB)
24/03/2021,16.583,V ugm-3 (GRAV EMFAB)
25/03/2021,7.333,V ugm-3 (GRAV EMFAB)
26/03/2021,5.75,V ugm-3 (GRAV EMFAB)
27/03/2021,5.458,V ugm-3 (GRAV EMFAB)
28/03/2021,6.5,V ugm-3 (GRAV EMFAB)
29/03/2021,7.333,V ugm-3 (GRAV EMFAB)
30/03/2021,14.292,V ugm-3 (GRAV EMFAB)
31/03/2021,24.708,V ugm-3 (GRAV EMFAB)
01/04/2021,17.167,V ugm-3 (GRAV EMFAB)
02/04/2021,4.542,V ugm-3 (GRAV EMFAB)
03/04/2021,7.583,V ugm-3 (GRAV EMFAB)
04/04/2021,11.458,V ugm-3 (GRAV EMFAB)
05/04/2021,5.292,V ugm-3 (GRAV EMFAB)
06/04/2021,2.167,V ugm-3 (GRAV EMFAB)
07/04/2021,4.25,V ugm-3 (GRAV EMFAB)
08/04/2021,6.758,V ugm-3 (GRAV EMFAB)
09/04/2021,6.799,V ugm-3 (GRAV EMFAB)
10/04/2021,4.883,V ugm-3 (GRAV EMFAB)
11/04/2021,3.924,V ugm-3 (GRAV EMFAB)
12/04/2021,6.508,V ugm-3 (GRAV EMFAB)
13/04/2021,12.466,V ugm-3 (GRAV EMFAB)
14/04/2021,8.924,V ugm-3 (GRAV EMFAB)
15/04/2021,4.091,V ugm-3 (GRAV EMFAB)
16/04/2021,6.466,V ugm-3 (GRAV EMFAB)
17/04/2021,5.508,V ugm-3 (GRAV EMFAB)
18/04/2021,7.716,V ugm-3 (GRAV EMFAB)
19/04/2021,13.508,V ugm-3 (GRAV EMFAB)
20/04/2021,30.341,V ugm-3 (GRAV EMFAB)
21/04/2021,30.674,V ugm-3 (GRAV EMFAB)
22/04/2021,6.174,V ugm-3 (GRAV EMFAB)
23/04/2021,8.667,V ugm-3 (GRAV EMFAB)
24/04/2021,9.042,V ugm-3 (GRAV EMFAB)
25/04/2021,7.125,V ugm-3 (GRAV EMFAB)
26/04/2021,5.458,V ugm-3 (GRAV EMFAB)
27/04/2021,12.458,V ugm-3 (GRAV EMFAB)
28/04/2021,13.208,V ugm-3 (GRAV EMFAB)
29/04/2021,6.958,V ugm-3 (GRAV EMFAB)
30/04/2021,9.375,V ugm-3 (GRAV EMFAB)
01/05/2021,10,V ugm-3 (GRAV EMFAB)
02/05/2021,12.458,V ugm-3 (GRAV EMFAB)
03/05/2021,7.333,V ugm-3 (GRAV EMFAB)
04/05/2021,4.125,V ugm-3 (GRAV EMFAB)
05/05/2021,4.958,V ugm-3 (GRAV EMFAB)
06/05/2021,6.083,V ugm-3 (GRAV EMFAB)
07/05/2021,6.792,V ugm-3 (GRAV EMFAB)
08/05/2021,7.292,V ugm-3 (GRAV EMFAB)
09/05/2021,6,V ugm-3 (GRAV EMFAB)
10/05/2021,5.833,V ugm-3 (GRAV EMFAB)
11/05/2021,6.167,V ugm-3 (GRAV EMFAB)
12/05/2021,6.792,V ugm-3 (GRAV EMFAB)
13/05/2021,8.375,V ugm-3 (GRAV EMFAB)
14/05/2021,8.125,V ugm-3 (GRAV EMFAB)
15/05/2021,9.875,V ugm-3 (GRAV EMFAB)
16/05/2021,6.042,V ugm-3 (GRAV EMFAB)
17/05/2021,6.542,V ugm-3 (GRAV EMFAB)
18/05/2021,6.333,V ugm-3 (GRAV EMFAB)
19/05/2021,7.583,V ugm-3 (GRAV EMFAB)
20/05/2021,7.125,V ugm-3 (GRAV EMFAB)
21/05/2021,9.458,V ugm-3 (GRAV EMFAB)
22/05/2021,7.417,V ugm-3 (GRAV EMFAB)
23/05/2021,5.833,V ugm-3 (GRAV EMFAB)
24/05/2021,4.708,V ugm-3 (GRAV EMFAB)
25/05/2021,6.82,V ugm-3 (GRAV EMFAB)
26/05/2021,6.458,V ugm-3 (GRAV EMFAB)
27/05/2021,10.083,V ugm-3 (GRAV EMFAB)
28/05/2021,14.417,V ugm-3 (GRAV EMFAB)
29/05/2021,11.292,V ugm-3 (GRAV EMFAB)
30/05/2021,10.75,V ugm-3 (GRAV EMFAB)
31/05/2021,13.125,V ugm-3 (GRAV EMFAB)
01/06/2021,12.385,V ugm-3 (GRAV EMFAB)
02/06/2021,9.247,V ugm-3 (GRAV EMFAB)
03/06/2021,11.59,V ugm-3 (GRAV EMFAB)
04/06/2021,6.375,V ugm-3 (GRAV EMFAB)
05/06/2021,6.862,V ugm-3 (GRAV EMFAB)
06/06/2021,5.458,V ugm-3 (GRAV EMFAB)
07/06/2021,6.292,V ugm-3 (GRAV EMFAB)
08/06/2021,7.364,V ugm-3 (GRAV EMFAB)
09/06/2021,6.151,V ugm-3 (GRAV EMFAB)
10/06/2021,7.615,V ugm-3 (GRAV EMFAB)
11/06/2021,5.146,V ugm-3 (GRAV EMFAB)
12/06/2021,8.075,V ugm-3 (GRAV EMFAB)
13/06/2021,9.456,V ugm-3 (GRAV EMFAB)
14/06/2021,7.657,V ugm-3 (GRAV EMFAB)
15/06/2021,7.071,V ugm-3 (GRAV EMFAB)
16/06/2021,8.452,V ugm-3 (GRAV EMFAB)
17/06/2021,11.031,V ugm-3 (GRAV EMFAB)
18/06/2021,No data,V ugm-3 (GRAV EMFAB)
19/06/2021,4.667,V ugm-3 (GRAV EMFAB)
20/06/2021,5.146,V ugm-3 (GRAV EMFAB)
21/06/2021,4.958,V ugm-3 (GRAV EMFAB)
22/06/2021,4.792,V ugm-3 (GRAV EMFAB)
23/06/2021,7.208,V ugm-3 (GRAV EMFAB)
24/06/2021,11.13,V ugm-3 (GRAV EMFAB)
25/06/2021,5.732,V ugm-3 (GRAV EMFAB)
26/06/2021,9.456,V ugm-3 (GRAV EMFAB)
27/06/2021,14.5,V ugm-3 (GRAV EMFAB)
28/06/2021,9.042,V ugm-3 (GRAV EMFAB)
29/06/2021,6.417,V ugm-3 (GRAV EMFAB)
30/06/2021,4.917,V ugm-3 (GRAV EMFAB)
01/07/2021,7.72,V ugm-3 (GRAV EMFAB)
02/07/2021,12.657,V ugm-3 (GRAV EMFAB)
03/07/2021,6.13,V ugm-3 (GRAV EMFAB)
04/07/2021,4.958,V ugm-3 (GRAV EMFAB)
05/07/2021,4.749,V ugm-3 (GRAV EMFAB)
06/07/2021,4.271,V ugm-3 (GRAV EMFAB)
07/07/2021,5.962,V ugm-3 (GRAV EMFAB)
08/07/2021,6.967,V ugm-3 (GRAV EMFAB)
09/07/2021,7.51,V ugm-3 (GRAV EMFAB)
10/07/2021,5.795,V ugm-3 (GRAV EMFAB)
11/07/2021,7.646,V ugm-3 (GRAV EMFAB)
12/07/2021,4.438,V ugm-3 (GRAV EMFAB)
13/07/2021,5.962,V ugm-3 (GRAV EMFAB)
14/07/2021,5.146,V ugm-3 (GRAV EMFAB)
15/07/2021,4.1,V ugm-3 (GRAV EMFAB)
16/07/2021,8.125,V ugm-3 (GRAV EMFAB)
17/07/2021,3.598,V ugm-3 (GRAV EMFAB)
18/07/2021,5.188,V ugm-3 (GRAV EMFAB)
19/07/2021,9.205,V ugm-3 (GRAV EMFAB)
20/07/2021,9.375,V ugm-3 (GRAV EMFAB)
21/07/2021,13.389,V ugm-3 (GRAV EMFAB)
22/07/2021,11.674,V ugm-3 (GRAV EMFAB)
23/07/2021,7.708,V ugm-3 (GRAV EMFAB)
24/07/2021,11.423,V ugm-3 (GRAV EMFAB)
25/07/2021,10.083,V ugm-3 (GRAV EMFAB)
26/07/2021,7.699,V ugm-3 (GRAV EMFAB)
27/07/2021,0.583,V ugm-3 (GRAV EMFAB)
28/07/2021,3.625,V ugm-3 (GRAV EMFAB)
29/07/2021,6.276,V ugm-3 (GRAV EMFAB)
30/07/2021,6.042,V ugm-3 (GRAV EMFAB)
31/07/2021,4.958,V ugm-3 (GRAV EMFAB)
01/08/2021,4.333,V ugm-3 (GRAV EMFAB)
02/08/2021,5.5,V ugm-3 (GRAV EMFAB)
03/08/2021,No data,V ugm-3 (GRAV EMFAB)
04/08/2021,7.458,V ugm-3 (GRAV EMFAB)
05/08/2021,1.417,V ugm-3 (GRAV EMFAB)
06/08/2021,5.25,V ugm-3 (GRAV EMFAB)
07/08/2021,4.208,V ugm-3 (GRAV EMFAB)
08/08/2021,1.799,V ugm-3 (GRAV EMFAB)
09/08/2021,5.542,V ugm-3 (GRAV EMFAB)
10/08/2021,7.083,V ugm-3 (GRAV EMFAB)
11/08/2021,7.583,V ugm-3 (GRAV EMFAB)
12/08/2021,6.667,V ugm-3 (GRAV EMFAB)
13/08/2021,7.75,V ugm-3 (GRAV EMFAB)
14/08/2021,7.125,V ugm-3 (GRAV EMFAB)
15/08/2021,5.314,V ugm-3 (GRAV EMFAB)
16/08/2021,9.042,V ugm-3 (GRAV EMFAB)
17/08/2021,5.042,V ugm-3 (GRAV EMFAB)
18/08/2021,4.708,V ugm-3 (GRAV EMFAB)
19/08/2021,6.5,V ugm-3 (GRAV EMFAB)
20/08/2021,3.808,V ugm-3 (GRAV EMFAB)
21/08/2021,5.833,V ugm-3 (GRAV EMFAB)
22/08/2021,4.333,V ugm-3 (GRAV EMFAB)
23/08/2021,4.083,V ugm-3 (GRAV EMFAB)
24/08/2021,3.542,V ugm-3 (GRAV EMFAB)
25/08/2021,2.125,V ugm-3 (GRAV EMFAB)
26/08/2021,4.833,V ugm-3 (GRAV EMFAB)
27/08/2021,5.208,V ugm-3 (GRAV EMFAB)
28/08/2021,5.167,V ugm-3 (GRAV EMFAB)
29/08/2021,3.917,V ugm-3 (GRAV EMFAB)
30/08/2021,3,V ugm-3 (GRAV EMFAB)
31/08/2021,3.875,V ugm-3 (GRAV EMFAB)
01/09/2021,6.417,V ugm-3 (GRAV EMFAB)
02/09/2021,7.083,V ugm-3 (GRAV EMFAB)
03/09/2021,11.167,V ugm-3 (GRAV EMFAB)
04/09/2021,11.708,V ugm-3 (GRAV EMFAB)
05/09/2021,No data,V ugm-3 (GRAV EMFAB)
06/09/2021,No data,V ugm-3 (GRAV EMFAB)
07/09/2021,No data,V ugm-3 (GRAV EMFAB)
08/09/2021,20.502,V ugm-3 (GRAV EMFAB)
09/09/2021,8.452,V ugm-3 (GRAV EMFAB)
10/09/2021,6.569,V ugm-3 (GRAV EMFAB)
11/09/2021,7.167,V ugm-3 (GRAV EMFAB)
12/09/2021,6.36,V ugm-3 (GRAV EMFAB)
13/09/2021,5.958,V ugm-3 (GRAV EMFAB)
14/09/2021,11.042,V ugm-3 (GRAV EMFAB)
15/09/2021,9.038,V ugm-3 (GRAV EMFAB)
16/09/2021,12.208,V ugm-3 (GRAV EMFAB)
17/09/2021,10.084,V ugm-3 (GRAV EMFAB)
18/09/2021,13.473,V ugm-3 (GRAV EMFAB)
19/09/2021,18.625,V ugm-3 (GRAV EMFAB)
20/09/2021,No data,V ugm-3 (GRAV EMFAB)
21/09/2021,8.41,V ugm-3 (GRAV EMFAB)
22/09/2021,12.458,V ugm-3 (GRAV EMFAB)
23/09/2021,8.25,V ugm-3 (GRAV EMFAB)
24/09/2021,10.083,V ugm-3 (GRAV EMFAB)
25/09/2021,9.542,V ugm-3 (GRAV EMFAB)
26/09/2021,12.301,V ugm-3 (GRAV EMFAB)
27/09/2021,4.75,V ugm-3 (GRAV EMFAB)
28/09/2021,6.208,V ugm-3 (GRAV EMFAB)
29/09/2021,5.958,V ugm-3 (GRAV EMFAB)
30/09/2021,5.875,V ugm-3 (GRAV EMFAB)
01/10/2021,6.083,V ugm-3 (GRAV EMFAB)
02/10/2021,4.708,V ugm-3 (GRAV EMFAB)
03/10/2021,4.667,V ugm-3 (GRAV EMFAB)
04/10/2021,6.208,V ugm-3 (GRAV EMFAB)
05/10/2021,3.917,V ugm-3 (GRAV EMFAB)
06/10/2021,6.667,V ugm-3 (GRAV EMFAB)
07/10/2021,8.556,V ugm-3 (GRAV EMFAB)
08/10/2021,9.521,V ugm-3 (GRAV EMFAB)
09/10/2021,23.313,V ugm-3 (GRAV EMFAB)
10/10/2021,12.646,V ugm-3 (GRAV EMFAB)
11/10/2021,8.438,V ugm-3 (GRAV EMFAB)
12/10/2021,8.021,V ugm-3 (GRAV EMFAB)
13/10/2021,9.354,V ugm-3 (GRAV EMFAB)
14/10/2021,11.563,V ugm-3 (GRAV EMFAB)
15/10/2021,9.146,V ugm-3 (GRAV EMFAB)
16/10/2021,14.396,V ugm-3 (GRAV EMFAB)
17/10/2021,10.646,V ugm-3 (GRAV EMFAB)
18/10/2021,10.271,V ugm-3 (GRAV EMFAB)
19/10/2021,14.438,V ugm-3 (GRAV EMFAB)
20/10/2021,7.479,V ugm-3 (GRAV EMFAB)
21/10/2021,4.75,V ugm-3 (GRAV EMFAB)
22/10/2021,6.708,V ugm-3 (GRAV EMFAB)
23/10/2021,5.458,V ugm-3 (GRAV EMFAB)
24/10/2021,6.167,V ugm-3 (GRAV EMFAB)
25/10/2021,7.833,V ugm-3 (GRAV EMFAB)
26/10/2021,6.542,V ugm-3 (GRAV EMFAB)
27/10/2021,5.083,V ugm-3 (GRAV EMFAB)
28/10/2021,7.708,V ugm-3 (GRAV EMFAB)
29/10/2021,7.125,V ugm-3 (GRAV EMFAB)
30/10/2021,5.625,V ugm-3 (GRAV EMFAB)
31/10/2021,4.542,V ugm-3 (GRAV EMFAB)
01/11/2021,6.417,V ugm-3 (GRAV EMFAB)
02/11/2021,10.042,V ugm-3 (GRAV EMFAB)
03/11/2021,10.292,V ugm-3 (GRAV EMFAB)
04/11/2021,6.875,V ugm-3 (GRAV EMFAB)
05/11/2021,18.75,V ugm-3 (GRAV EMFAB)
06/11/2021,11.625,V ugm-3 (GRAV EMFAB)
07/11/2021,9.042,V ugm-3 (GRAV EMFAB)
08/11/2021,12.333,V ugm-3 (GRAV EMFAB)
09/11/2021,7.667,V ugm-3 (GRAV EMFAB)
10/11/2021,8.917,V ugm-3 (GRAV EMFAB)
11/11/2021,9.125,V ugm-3 (GRAV EMFAB)
12/11/2021,8.792,V ugm-3 (GRAV EMFAB)
13/11/2021,4,V ugm-3 (GRAV EMFAB)
14/11/2021,5.208,V ugm-3 (GRAV EMFAB)
15/11/2021,9.667,V ugm-3 (GRAV EMFAB)
16/11/2021,15,V ugm-3 (GRAV EMFAB)
17/11/2021,11.458,V ugm-3 (GRAV EMFAB)
18/11/2021,No data,V ugm-3 (GRAV EMFAB)
19/11/2021,No data,V ugm-3 (GRAV EMFAB)
20/11/2021,No data,V ugm-3 (GRAV EMFAB)
21/11/2021,No data,V ugm-3 (GRAV EMFAB)
22/11/2021,No data,V ugm-3 (GRAV EMFAB)
23/11/2021,No data,V ugm-3 (GRAV EMFAB)
24/11/2021,No data,V ugm-3 (GRAV EMFAB)
25/11/2021,No data,V ugm-3 (GRAV EMFAB)
26/11/2021,No data,V ugm-3 (GRAV EMFAB)
27/11/2021,No data,V ugm-3 (GRAV EMFAB)
28/11/2021,No data,V ugm-3 (GRAV EMFAB)
29/11/2021,No data,V ugm-3 (GRAV EMFAB)
30/11/2021,No data,V ugm-3 (GRAV EMFAB)
01/12/2021,No data,V ugm-3 (GRAV EMFAB)
02/12/2021,6.5,V ugm-3 (GRAV EMFAB)
03/12/2021,11.083,V ugm-3 (GRAV EMFAB)
04/12/2021,9.333,V ugm-3 (GRAV EMFAB)
05/12/2021,3.583,V ugm-3 (GRAV EMFAB)
06/12/2021,9.333,V ugm-3 (GRAV EMFAB)
07/12/2021,7.792,V ugm-3 (GRAV EMFAB)
08/12/2021,7.833,V ugm-3 (GRAV EMFAB)
09/12/2021,9.208,V ugm-3 (GRAV EMFAB)
10/12/2021,6.333,V ugm-3 (GRAV EMFAB)
11/12/2021,10.083,V ugm-3 (GRAV EMFAB)
12/12/2021,6.625,V ugm-3 (GRAV EMFAB)
13/12/2021,6.208,V ugm-3 (GRAV EMFAB)
14/12/2021,9.083,V ugm-3 (GRAV EMFAB)
15/12/2021,8.208,V ugm-3 (GRAV EMFAB)
16/12/2021,No data,V ugm-3 (GRAV EMFAB)
17/12/2021,No data,V ugm-3 (GRAV EMFAB)
18/12/2021,No data,V ugm-3 (GRAV EMFAB)
19/12/2021,No data,V ugm-3 (GRAV EMFAB)
20/12/2021,No data,V ugm-3 (GRAV EMFAB)
21/12/2021,No data,V ugm-3 (GRAV EMFAB)
22/12/2021,No data,V ugm-3 (GRAV EMFAB)
23/12/2021,No data,V ugm-3 (GRAV EMFAB)
24/12/2021,No data,V ugm-3 (GRAV EMFAB)
25/12/2021,No data,V ugm-3 (GRAV EMFAB)
26/12/2021,No data,V ugm-3 (GRAV EMFAB)
27/12/2021,No data,V ugm-3 (GRAV EMFAB)
28/12/2021,No data,V ugm-3 (GRAV EMFAB)
29/12/2021,No data,V ugm-3 (GRAV EMFAB)
30/12/2021,No data,V ugm-3 (GRAV EMFAB)
31/12/2021,No data,V ugm-3 (GRAV EMFAB)
01/01/2022,No data,V ugm-3 (GRAV EMFAB)
02/01/2022,No data,V ugm-3 (GRAV EMFAB)
03/01/2022,No data,V ugm-3 (GRAV EMFAB)
04/01/2022,No data,V ugm-3 (GRAV EMFAB)
05/01/2022,No data,V ugm-3 (GRAV EMFAB)
06/01/2022,No data,V ugm-3 (GRAV EMFAB)
07/01/2022,No data,V ugm-3 (GRAV EMFAB)
08/01/2022,No data,V ugm-3 (GRAV EMFAB)
09/01/2022,No data,V ugm-3 (GRAV EMFAB)
10/01/2022,No data,V ugm-3 (GRAV EMFAB)
11/01/2022,No data,V ugm-3 (GRAV EMFAB)
12/01/2022,No data,V ugm-3 (GRAV EMFAB)
13/01/2022,26.458,V ugm-3 (GRAV EMFAB)
14/01/2022,38.292,V ugm-3 (GRAV EMFAB)
15/01/2022,26.833,V ugm-3 (GRAV EMFAB)
16/01/2022,16.708,V ugm-3 (GRAV EMFAB)
17/01/2022,17.292,V ugm-3 (GRAV EMFAB)
18/01/2022,28.542,V ugm-3 (GRAV EMFAB)
19/01/2022,19.083,V ugm-3 (GRAV EMFAB)
20/01/2022,17.917,V ugm-3 (GRAV EMFAB)
21/01/2022,17.26,V ugm-3 (GRAV EMFAB)
22/01/2022,13,V ugm-3 (GRAV EMFAB)
23/01/2022,16.167,V ugm-3 (GRAV EMFAB)
24/01/2022,21.708,V ugm-3 (GRAV EMFAB)
25/01/2022,30,V ugm-3 (GRAV EMFAB)
26/01/2022,22.583,V ugm-3 (GRAV EMFAB)
27/01/2022,11.542,V ugm-3 (GRAV EMFAB)
28/01/2022,19.833,V ugm-3 (GRAV EMFAB)
29/01/2022,12.208,V ugm-3 (GRAV EMFAB)
30/01/2022,16.042,V ugm-3 (GRAV EMFAB)
31/01/2022,11.875,V ugm-3 (GRAV EMFAB)
01/02/2022,7.792,V ugm-3 (GRAV EMFAB)
02/02/2022,14.208,V ugm-3 (GRAV EMFAB)
03/02/2022,8.833,V ugm-3 (GRAV EMFAB)
04/02/2022,9.667,V ugm-3 (GRAV EMFAB)
05/02/2022,12.458,V ugm-3 (GRAV EMFAB)
06/02/2022,10.75,V ugm-3 (GRAV EMFAB)
07/02/2022,11.833,V ugm-3 (GRAV EMFAB)
08/02/2022,7.292,V ugm-3 (GRAV EMFAB)
09/02/2022,5.292,V ugm-3 (GRAV EMFAB)
10/02/2022,10.083,V ugm-3 (GRAV EMFAB)
11/02/2022,11.625,V ugm-3 (GRAV EMFAB)
12/02/2022,10.5,V ugm-3 (GRAV EMFAB)
13/02/2022,8.417,V ugm-3 (GRAV EMFAB)
14/02/2022,5.458,V ugm-3 (GRAV EMFAB)
15/02/2022,8.083,V ugm-3 (GRAV EMFAB)
16/02/2022,No data,V ugm-3 (GRAV EMFAB)
17/02/2022,13.208,V ugm-3 (GRAV EMFAB)
18/02/2022,11,V ugm-3 (GRAV EMFAB)
19/02/2022,8.458,V ugm-3 (GRAV EMFAB)
20/02/2022,6.917,V ugm-3 (GRAV EMFAB)
21/02/2022,17.542,V ugm-3 (GRAV EMFAB)
22/02/2022,11.292,V ugm-3 (GRAV EMFAB)
23/02/2022,11,V ugm-3 (GRAV EMFAB)
24/02/2022,13,V ugm-3 (GRAV EMFAB)
25/02/2022,11.792,V ugm-3 (GRAV EMFAB)
26/02/2022,16.167,V ugm-3 (GRAV EMFAB)
27/02/2022,9.667,V ugm-3 (GRAV EMFAB)
28/02/2022,14.875,V ugm-3 (GRAV EMFAB)
01/03/2022,12.917,V ugm-3 (GRAV EMFAB)
02/03/2022,23.208,V ugm-3 (GRAV EMFAB)
03/03/2022,23.292,V ugm-3 (GRAV EMFAB)
04/03/2022,9.458,V ugm-3 (GRAV EMFAB)
05/03/2022,12.667,V ugm-3 (GRAV EMFAB)
06/03/2022,11.708,V ugm-3 (GRAV EMFAB)
07/03/2022,12.042,V ugm-3 (GRAV EMFAB)
08/03/2022,22.5,V ugm-3 (GRAV EMFAB)
09/03/2022,10.708,V ugm-3 (GRAV EMFAB)
10/03/2022,No data,V ugm-3 (GRAV EMFAB)
11/03/2022,12.444,V ugm-3 (GRAV EMFAB)
12/03/2022,7.052,V ugm-3 (GRAV EMFAB)
13/03/2022,7.382,V ugm-3 (GRAV EMFAB)
14/03/2022,10.875,V ugm-3 (GRAV EMFAB)
15/03/2022,14.146,V ugm-3 (GRAV EMFAB)
16/03/2022,17.29,V ugm-3 (GRAV EMFAB)
17/03/2022,13.398,V ugm-3 (GRAV EMFAB)
18/03/2022,13.616,V ugm-3 (GRAV EMFAB)
19/03/2022,19.698,V ugm-3 (GRAV EMFAB)
20/03/2022,22.324,V ugm-3 (GRAV EMFAB)
21/03/2022,37.609,V ugm-3 (GRAV EMFAB)
22/03/2022,38.819,V ugm-3 (GRAV EMFAB)
23/03/2022,No data,V ugm-3 (GRAV EMFAB)
24/03/2022,No data,V ugm-3 (GRAV EMFAB)
25/03/2022,No data,V ugm-3 (GRAV EMFAB)
26/03/2022,No data,V ugm-3 (GRAV EMFAB)
27/03/2022,No data,V ugm-3 (GRAV EMFAB)
28/03/2022,No data,V ugm-3 (GRAV EMFAB)
29/03/2022,No data,V ugm-3 (GRAV EMFAB)
30/03/2022,No data,V ugm-3 (GRAV EMFAB)
31/03/2022,No data,V ugm-3 (GRAV EMFAB)
01/04/2022,No data,V ugm-3 (GRAV EMFAB)
02/04/2022,No data,V ugm-3 (GRAV EMFAB)
03/04/2022,No data,V ugm-3 (GRAV EMFAB)
04/04/2022,No data,V ugm-3 (GRAV EMFAB)
05/04/2022,No data,V ugm-3 (GRAV EMFAB)
06/04/2022,No data,V ugm-3 (GRAV EMFAB)
07/04/2022,5.53,V ugm-3 (GRAV EMFAB)
08/04/2022,6.72,V ugm-3 (GRAV EMFAB)
09/04/2022,5.62,V ugm-3 (GRAV EMFAB)
10/04/2022,8.36,V ugm-3 (GRAV EMFAB)
11/04/2022,15.9,V ugm-3 (GRAV EMFAB)
12/04/2022,15.02,V ugm-3 (GRAV EMFAB)
13/04/2022,9.36,V ugm-3 (GRAV EMFAB)
14/04/2022,9.04,V ugm-3 (GRAV EMFAB)
15/04/2022,15.99,V ugm-3 (GRAV EMFAB)
16/04/2022,25.59,V ugm-3 (GRAV EMFAB)
17/04/2022,16.25,V ugm-3 (GRAV EMFAB)
18/04/2022,8.49,V ugm-3 (GRAV EMFAB)
19/04/2022,8.54,V ugm-3 (GRAV EMFAB)
20/04/2022,13.95,V ugm-3 (GRAV EMFAB)
21/04/2022,12.8,V ugm-3 (GRAV EMFAB)
22/04/2022,10.63,V ugm-3 (GRAV EMFAB)
23/04/2022,17.31,V ugm-3 (GRAV EMFAB)
24/04/2022,10,V ugm-3 (GRAV EMFAB)
25/04/2022,7.74,V ugm-3 (GRAV EMFAB)
26/04/2022,8.49,V ugm-3 (GRAV EMFAB)
27/04/2022,6.03,V ugm-3 (GRAV EMFAB)
28/04/2022,9.52,V ugm-3 (GRAV EMFAB)
29/04/2022,7.15,V ugm-3 (GRAV EMFAB)
30/04/2022,9.17,V ugm-3 (GRAV EMFAB)
01/05/2022,13.99,V ugm-3 (GRAV EMFAB)
02/05/2022,16.16,V ugm-3 (GRAV EMFAB)
03/05/2022,14.4,V ugm-3 (GRAV EMFAB)
04/05/2022,16.93,V ugm-3 (GRAV EMFAB)
05/05/2022,7.79,V ugm-3 (GRAV EMFAB)
06/05/2022,8.89,V ugm-3 (GRAV EMFAB)
07/05/2022,6.08,V ugm-3 (GRAV EMFAB)
08/05/2022,6.62,V ugm-3 (GRAV EMFAB)
09/05/2022,10.08,V ugm-3 (GRAV EMFAB)
10/05/2022,8.61,V ugm-3 (GRAV EMFAB)
11/05/2022,6.95,V ugm-3 (GRAV EMFAB)
12/05/2022,7.93,V ugm-3 (GRAV EMFAB)
13/05/2022,8.27,V ugm-3 (GRAV EMFAB)
14/05/2022,10.04,V ugm-3 (GRAV EMFAB)
15/05/2022,16.43,V ugm-3 (GRAV EMFAB)
16/05/2022,8.69,V ugm-3 (GRAV EMFAB)
17/05/2022,7.9,V ugm-3 (GRAV EMFAB)
18/05/2022,6.46,V ugm-3 (GRAV EMFAB)
19/05/2022,7.22,V ugm-3 (GRAV EMFAB)
20/05/2022,7.81,V ugm-3 (GRAV EMFAB)
21/05/2022,7.57,V ugm-3 (GRAV EMFAB)
22/05/2022,7.79,V ugm-3 (GRAV EMFAB)
23/05/2022,6.63,V ugm-3 (GRAV EMFAB)
24/05/2022,5,V ugm-3 (GRAV EMFAB)
25/05/2022,6.47,V ugm-3 (GRAV EMFAB)
26/05/2022,6.56,V ugm-3 (GRAV EMFAB)
27/05/2022,5.97,V ugm-3 (GRAV EMFAB)
28/05/2022,4.56,V ugm-3 (GRAV EMFAB)
29/05/2022,3.92,V ugm-3 (GRAV EMFAB)
30/05/2022,8.15,V ugm-3 (GRAV EMFAB)
31/05/2022,6.95,V ugm-3 (GRAV EMFAB)
01/06/2022,7.07,V ugm-3 (GRAV EMFAB)
02/06/2022,9.3,V ugm-3 (GRAV EMFAB)
03/06/2022,8.33,V ugm-3 (GRAV EMFAB)
04/06/2022,6.55,V ugm-3 (GRAV EMFAB)
05/06/2022,7.08,V ugm-3 (GRAV EMFAB)
06/06/2022,7.17,V ugm-3 (GRAV EMFAB)
07/06/2022,6.85,V ugm-3 (GRAV EMFAB)
08/06/2022,6.26,V ugm-3 (GRAV EMFAB)
09/06/2022,7.55,V ugm-3 (GRAV EMFAB)
10/06/2022,8.5,V ugm-3 (GRAV EMFAB)
11/06/2022,7.35,V ugm-3 (GRAV EMFAB)
12/06/2022,6.73,V ugm-3 (GRAV EMFAB)
13/06/2022,6.6,V ugm-3 (GRAV EMFAB)
14/06/2022,9.92,V ugm-3 (GRAV EMFAB)
15/06/2022,13.67,V ugm-3 (GRAV EMFAB)
16/06/2022,13.37,V ugm-3 (GRAV EMFAB)
17/06/2022,No data,V ugm-3 (GRAV EMFAB)
18/06/2022,9.62,V ugm-3 (GRAV EMFAB)
19/06/2022,5.44,V ugm-3 (GRAV EMFAB)
20/06/2022,6.91,V ugm-3 (GRAV EMFAB)
21/06/2022,8.42,V ugm-3 (GRAV EMFAB)
22/06/2022,8.45,V ugm-3 (GRAV EMFAB)
23/06/2022,11.36,V ugm-3 (GRAV EMFAB)
24/06/2022,8.9,V ugm-3 (GRAV EMFAB)
25/06/2022,6.02,V ugm-3 (GRAV EMFAB)
26/06/2022,5.56,V ugm-3 (GRAV EMFAB)
27/06/2022,6.3,V ugm-3 (GRAV EMFAB)
28/06/2022,6.68,V ugm-3 (GRAV EMFAB)
29/06/2022,6.82,V ugm-3 (GRAV EMFAB)
30/06/2022,6.49,V ugm-3 (GRAV EMFAB)
01/07/2022,6.99,V ugm-3 (GRAV EMFAB)
02/07/2022,5.69,V ugm-3 (GRAV EMFAB)
03/07/2022,5.24,V ugm-3 (GRAV EMFAB)
04/07/2022,6.87,V ugm-3 (GRAV EMFAB)
05/07/2022,5.4,V ugm-3 (GRAV EMFAB)
06/07/2022,7.01,V ugm-3 (GRAV EMFAB)
07/07/2022,5.62,V ugm-3 (GRAV EMFAB)
08/07/2022,7.64,V ugm-3 (GRAV EMFAB)
09/07/2022,5.88,V ugm-3 (GRAV EMFAB)
10/07/2022,8.45,V ugm-3 (GRAV EMFAB)
11/07/2022,10.3,V ugm-3 (GRAV EMFAB)
12/07/2022,12.04,V ugm-3 (GRAV EMFAB)
13/07/2022,8.82,V ugm-3 (GRAV EMFAB)
14/07/2022,5.96,V ugm-3 (GRAV EMFAB)
15/07/2022,No data,V ugm-3 (GRAV EMFAB)
16/07/2022,7.3,V ugm-3 (GRAV EMFAB)
17/07/2022,8.75,V ugm-3 (GRAV EMFAB)
18/07/2022,13.57,V ugm-3 (GRAV EMFAB)
19/07/2022,19.36,V ugm-3 (GRAV EMFAB)
20/07/2022,17.37,V ugm-3 (GRAV EMFAB)
21/07/2022,7.25,V ugm-3 (GRAV EMFAB)
22/07/2022,5.82,V ugm-3 (GRAV EMFAB)
23/07/2022,6.87,V ugm-3 (GRAV EMFAB)
24/07/2022,6.59,V ugm-3 (GRAV EMFAB)
25/07/2022,5.14,V ugm-3 (GRAV EMFAB)
26/07/2022,5.24,V ugm-3 (GRAV EMFAB)
27/07/2022,5.61,V ugm-3 (GRAV EMFAB)
28/07/2022,7.18,V ugm-3 (GRAV EMFAB)
29/07/2022,7.19,V ugm-3 (GRAV EMFAB)
30/07/2022,8.55,V ugm-3 (GRAV EMFAB)
31/07/2022,4.93,V ugm-3 (GRAV EMFAB)
01/08/2022,6.8,V ugm-3 (GRAV EMFAB)
02/08/2022,6.84,V ugm-3 (GRAV EMFAB)
03/08/2022,6.57,V ugm-3 (GRAV EMFAB)
04/08/2022,5.5,V ugm-3 (GRAV EMFAB)
05/08/2022,4.64,V ugm-3 (GRAV EMFAB)
06/08/2022,9.06,V ugm-3 (GRAV EMFAB)
07/08/2022,8.94,V ugm-3 (GRAV EMFAB)
08/08/2022,7.55,V ugm-3 (GRAV EMFAB)
09/08/2022,7.57,V ugm-3 (GRAV EMFAB)
10/08/2022,8.49,V ugm-3 (GRAV EMFAB)
11/08/2022,11.91,V ugm-3 (GRAV EMFAB)
12/08/2022,13.83,V ugm-3 (GRAV EMFAB)
13/08/2022,14.32,V ugm-3 (GRAV EMFAB)
14/08/2022,14.59,V ugm-3 (GRAV EMFAB)
15/08/2022,16.51,V ugm-3 (GRAV EMFAB)
16/08/2022,16.38,V ugm-3 (GRAV EMFAB)
17/08/2022,17.79,V ugm-3 (GRAV EMFAB)
18/08/2022,8.66,V ugm-3 (GRAV EMFAB)
19/08/2022,6.89,V ugm-3 (GRAV EMFAB)
20/08/2022,7.43,V ugm-3 (GRAV EMFAB)
21/08/2022,7.8,V ugm-3 (GRAV EMFAB)
22/08/2022,7.19,V ugm-3 (GRAV EMFAB)
23/08/2022,5.7,V ugm-3 (GRAV EMFAB)
24/08/2022,6.74,V ugm-3 (GRAV EMFAB)
25/08/2022,5.86,V ugm-3 (GRAV EMFAB)
26/08/2022,8.6,V ugm-3 (GRAV EMFAB)
27/08/2022,7.1,V ugm-3 (GRAV EMFAB)
28/08/2022,4.12,V ugm-3 (GRAV EMFAB)
29/08/2022,3.88,V ugm-3 (GRAV EMFAB)
30/08/2022,4.43,V ugm-3 (GRAV EMFAB)
31/08/2022,5.22,V ugm-3 (GRAV EMFAB)
01/09/2022,7.73,V ugm-3 (GRAV EMFAB)
02/09/2022,11.83,V ugm-3 (GRAV EMFAB)
03/09/2022,11.76,V ugm-3 (GRAV EMFAB)
04/09/2022,7.5,V ugm-3 (GRAV EMFAB)
05/09/2022,7.51,V ugm-3 (GRAV EMFAB)
06/09/2022,6.85,V ugm-3 (GRAV EMFAB)
07/09/2022,6.49,V ugm-3 (GRAV EMFAB)
08/09/2022,5.6,V ugm-3 (GRAV EMFAB)
09/09/2022,7.9,V ugm-3 (GRAV EMFAB)
10/09/2022,7.4,V ugm-3 (GRAV EMFAB)
11/09/2022,7.82,V ugm-3 (GRAV EMFAB)
12/09/2022,8.59,V ugm-3 (GRAV EMFAB)
13/09/2022,5.85,V ugm-3 (GRAV EMFAB)
14/09/2022,6.33,V ugm-3 (GRAV EMFAB)
15/09/2022,6.11,V ugm-3 (GRAV EMFAB)
16/09/2022,3.75,V ugm-3 (GRAV EMFAB)
17/09/2022,5.31,V ugm-3 (GRAV EMFAB)
18/09/2022,4.41,V ugm-3 (GRAV EMFAB)
19/09/2022,3.83,V ugm-3 (GRAV EMFAB)
20/09/2022,6.21,V ugm-3 (GRAV EMFAB)
21/09/2022,10.99,V ugm-3 (GRAV EMFAB)
22/09/2022,9.01,V ugm-3 (GRAV EMFAB)
23/09/2022,6.52,V ugm-3 (GRAV EMFAB)
24/09/2022,3.73,V ugm-3 (GRAV EMFAB)
25/09/2022,4.44,V ugm-3 (GRAV EMFAB)
26/09/2022,4.69,V ugm-3 (GRAV EMFAB)
27/09/2022,5.73,V ugm-3 (GRAV EMFAB)
28/09/2022,7.64,V ugm-3 (GRAV EMFAB)
29/09/2022,10.21,V ugm-3 (GRAV EMFAB)
30/09/2022,9.65,V ugm-3 (GRAV EMFAB)
01/10/2022,7.05,V ugm-3 (GRAV EMFAB)
02/10/2022,5.91,V ugm-3 (GRAV EMFAB)
03/10/2022,11.41,V ugm-3 (GRAV EMFAB)
04/10/2022,5.34,V ugm-3 (GRAV EMFAB)
05/10/2022,5.09,V ugm-3 (GRAV EMFAB)
06/10/2022,6.96,V ugm-3 (GRAV EMFAB)
07/10/2022,6.05,V ugm-3 (GRAV EMFAB)
08/10/2022,7.49,V ugm-3 (GRAV EMFAB)
09/10/2022,7.49,V ugm-3 (GRAV EMFAB)
10/10/2022,6.16,V ugm-3 (GRAV EMFAB)
11/10/2022,11.41,V ugm-3 (GRAV EMFAB)
12/10/2022,11.02,V ugm-3 (GRAV EMFAB)
13/10/2022,10.35,V ugm-3 (GRAV EMFAB)
14/10/2022,11.28,V ugm-3 (GRAV EMFAB)
15/10/2022,6.56,V ugm-3 (GRAV EMFAB)
16/10/2022,5.9,V ugm-3 (GRAV EMFAB)
17/10/2022,8.03,V ugm-3 (GRAV EMFAB)
18/10/2022,9.2,V ugm-3 (GRAV EMFAB)
19/10/2022,9.62,V ugm-3 (GRAV EMFAB)
20/10/2022,12.82,V ugm-3 (GRAV EMFAB)
21/10/2022,8.72,V ugm-3 (GRAV EMFAB)
22/10/2022,6.46,V ugm-3 (GRAV EMFAB)
23/10/2022,5.9,V ugm-3 (GRAV EMFAB)
24/10/2022,5.57,V ugm-3 (GRAV EMFAB)
25/10/2022,6.09,V ugm-3 (GRAV EMFAB)
26/10/2022,8.14,V ugm-3 (GRAV EMFAB)
27/10/2022,9.53,V ugm-3 (GRAV EMFAB)
28/10/2022,9.5,V ugm-3 (GRAV EMFAB)
29/10/2022,10.78,V ugm-3 (GRAV EMFAB)
30/10/2022,5.35,V ugm-3 (GRAV EMFAB)
31/10/2022,7.13,V ugm-3 (GRAV EMFAB)
01/11/2022,4.69,V ugm-3 (GRAV EMFAB)
02/11/2022,5.89,V ugm-3 (GRAV EMFAB)
03/11/2022,7.13,V ugm-3 (GRAV EMFAB)
04/11/2022,11.53,V ugm-3 (GRAV EMFAB)
05/11/2022,9.52,V ugm-3 (GRAV EMFAB)
06/11/2022,4.67,V ugm-3 (GRAV EMFAB)
07/11/2022,6.48,V ugm-3 (GRAV EMFAB)
08/11/2022,5.86,V ugm-3 (GRAV EMFAB)
09/11/2022,6.64,V ugm-3 (GRAV EMFAB)
10/11/2022,6.82,V ugm-3 (GRAV EMFAB)
11/11/2022,7.2,V ugm-3 (GRAV EMFAB)
12/11/2022,14.42,V ugm-3 (GRAV EMFAB)
13/11/2022,18.01,V ugm-3 (GRAV EMFAB)
14/11/2022,20.58,V ugm-3 (GRAV EMFAB)
15/11/2022,5.44,V ugm-3 (GRAV EMFAB)
16/11/2022,5.29,V ugm-3 (GRAV EMFAB)
17/11/2022,6.33,V ugm-3 (GRAV EMFAB)
18/11/2022,6.9,V ugm-3 (GRAV EMFAB)
19/11/2022,9.22,V ugm-3 (GRAV EMFAB)
20/11/2022,7.46,V ugm-3 (GRAV EMFAB)
21/11/2022,6.29,V ugm-3 (GRAV EMFAB)
22/11/2022,8.52,V ugm-3 (GRAV EMFAB)
23/11/2022,7.8,V ugm-3 (GRAV EMFAB)
24/11/2022,8.93,V ugm-3 (GRAV EMFAB)
25/11/2022,11.04,V ugm-3 (GRAV EMFAB)
26/11/2022,8.18,V ugm-3 (GRAV EMFAB)
27/11/2022,7.51,V ugm-3 (GRAV EMFAB)
28/11/2022,9.51,V ugm-3 (GRAV EMFAB)
29/11/2022,14.66,V ugm-3 (GRAV EMFAB)
30/11/2022,17,V ugm-3 (GRAV EMFAB)
01/12/2022,18.85,V ugm-3 (GRAV EMFAB)
02/12/2022,11.48,V ugm-3 (GRAV EMFAB)
03/12/2022,10.55,V ugm-3 (GRAV EMFAB)
04/12/2022,16.42,V ugm-3 (GRAV EMFAB)
05/12/2022,8.61,V ugm-3 (GRAV EMFAB)
06/12/2022,6.16,V ugm-3 (GRAV EMFAB)
07/12/2022,14.35,V ugm-3 (GRAV EMFAB)
08/12/2022,21.59,V ugm-3 (GRAV EMFAB)
09/12/2022,27.28,V ugm-3 (GRAV EMFAB)
10/12/2022,26.95,V ugm-3 (GRAV EMFAB)
11/12/2022,34.79,V ugm-3 (GRAV EMFAB)
12/12/2022,16.84,V ugm-3 (GRAV EMFAB)
13/12/2022,26.11,V ugm-3 (GRAV EMFAB)
14/12/2022,17.97,V ugm-3 (GRAV EMFAB)
15/12/2022,16.13,V ugm-3 (GRAV EMFAB)
16/12/2022,38.15,V ugm-3 (GRAV EMFAB)
17/12/2022,25.15,V ugm-3 (GRAV EMFAB)
18/12/2022,16.26,V ugm-3 (GRAV EMFAB)
19/12/2022,4.54,V ugm-3 (GRAV EMFAB)
20/12/2022,8.11,V ugm-3 (GRAV EMFAB)
21/12/2022,8.16,V ugm-3 (GRAV EMFAB)
22/12/2022,7.83,V ugm-3 (GRAV EMFAB)
23/12/2022,5.72,V ugm-3 (GRAV EMFAB)
24/12/2022,7.91,V ugm-3 (GRAV EMFAB)
25/12/2022,4.37,V ugm-3 (GRAV EMFAB)
26/12/2022,4.67,V ugm-3 (GRAV EMFAB)
27/12/2022,3.87,V ugm-3 (GRAV EMFAB)
28/12/2022,2.84,V ugm-3 (GRAV EMFAB)
29/12/2022,5.89,V ugm-3 (GRAV EMFAB)
30/12/2022,4.15,V ugm-3 (GRAV EMFAB)
31/12/2022,4.98,V ugm-3 (GRAV EMFAB)
01/01/2023,7,V ugm-3 (GRAV EMFAB)
02/01/2023,7.4,V ugm-3 (GRAV EMFAB)
03/01/2023,4.9,V ugm-3 (GRAV EMFAB)
04/01/2023,7.3,V ugm-3 (GRAV EMFAB)
05/01/2023,7.2,V ugm-3 (GRAV EMFAB)
06/01/2023,3.5,V ugm-3 (GRAV EMFAB)
07/01/2023,4.9,V ugm-3 (GRAV EMFAB)
08/01/2023,4.2,V ugm-3 (GRAV EMFAB)
09/01/2023,5.6,V ugm-3 (GRAV EMFAB)
10/01/2023,5.2,V ugm-3 (GRAV EMFAB)
11/01/2023,5.5,V ugm-3 (GRAV EMFAB)
12/01/2023,5.1,V ugm-3 (GRAV EMFAB)
13/01/2023,7.2,V ugm-3 (GRAV EMFAB)
14/01/2023,4.1,V ugm-3 (GRAV EMFAB)
15/01/2023,4.8,V ugm-3 (GRAV EMFAB)
16/01/2023,6.2,V ugm-3 (GRAV EMFAB)
17/01/2023,20.1,V ugm-3 (GRAV EMFAB)
18/01/2023,12.4,V ugm-3 (GRAV EMFAB)
19/01/2023,12.1,V ugm-3 (GRAV EMFAB)
20/01/2023,6.9,V ugm-3 (GRAV EMFAB)
21/01/2023,19.8,V ugm-3 (GRAV EMFAB)
22/01/2023,32.2,V ugm-3 (GRAV EMFAB)
23/01/2023,29.8,V ugm-3 (GRAV EMFAB)
24/01/2023,16.9,V ugm-3 (GRAV EMFAB)
25/01/2023,30.1,V ugm-3 (GRAV EMFAB)
26/01/2023,5.2,V ugm-3 (GRAV EMFAB)
27/01/2023,6.3,V ugm-3 (GRAV EMFAB)
28/01/2023,13.3,V ugm-3 (GRAV EMFAB)
29/01/2023,12.8,V ugm-3 (GRAV EMFAB)
30/01/2023,9.2,V ugm-3 (GRAV EMFAB)
31/01/2023,9.1,V ugm-3 (GRAV EMFAB)
01/02/2023,12.4,V ugm-3 (GRAV EMFAB)
02/02/2023,6.4,V ugm-3 (GRAV EMFAB)
03/02/2023,6.7,V ugm-3 (GRAV EMFAB)
04/02/2023,10.6,V ugm-3 (GRAV EMFAB)
05/02/2023,7.6,V ugm-3 (GRAV EMFAB)
06/02/2023,19.1,V ugm-3 (GRAV EMFAB)
07/02/2023,28.9,V ugm-3 (GRAV EMFAB)
08/02/2023,35.2,V ugm-3 (GRAV EMFAB)
09/02/2023,23.6,V ugm-3 (GRAV EMFAB)
10/02/2023,21.4,V ugm-3 (GRAV EMFAB)
11/02/2023,9.6,V ugm-3 (GRAV EMFAB)
12/02/2023,10.5,V ugm-3 (GRAV EMFAB)
13/02/2023,26.7,V ugm-3 (GRAV EMFAB)
14/02/2023,40.6,V ugm-3 (GRAV EMFAB)
15/02/2023,35.7,V ugm-3 (GRAV EMFAB)
16/02/2023,6,V ugm-3 (GRAV EMFAB)
17/02/2023,4.8,V ugm-3 (GRAV EMFAB)
18/02/2023,4.5,V ugm-3 (GRAV EMFAB)
19/02/2023,6.4,V ugm-3 (GRAV EMFAB)
20/02/2023,6.8,V ugm-3 (GRAV EMFAB)
21/02/2023,12.4,V ugm-3 (GRAV EMFAB)
22/02/2023,16.3,V ugm-3 (GRAV EMFAB)
23/02/2023,5,V ugm-3 (GRAV EMFAB)
24/02/2023,9.1,V ugm-3 (GRAV EMFAB)
25/02/2023,4.3,V ugm-3 (GRAV EMFAB)
26/02/2023,4.3,V ugm-3 (GRAV EMFAB)
27/02/2023,4.5,V ugm-3 (GRAV EMFAB)
28/02/2023,4.1,V ugm-3 (GRAV EMFAB)
01/03/2023,4.2,V ugm-3 (GRAV EMFAB)
02/03/2023,12.7,V ugm-3 (GRAV EMFAB)
03/03/2023,4.7,V ugm-3 (GRAV EMFAB)
04/03/2023,5.6,V ugm-3 (GRAV EMFAB)
05/03/2023,16.6,V ugm-3 (GRAV EMFAB)
06/03/2023,11.1,V ugm-3 (GRAV EMFAB)
07/03/2023,9.2,V ugm-3 (GRAV EMFAB)
08/03/2023,11.1,V ugm-3 (GRAV EMFAB)
09/03/2023,9.9,V ugm-3 (GRAV EMFAB)
10/03/2023,3.9,V ugm-3 (GRAV EMFAB)
11/03/2023,No data,V ugm-3 (GRAV EMFAB)
12/03/2023,No data,V ugm-3 (GRAV EMFAB)
13/03/2023,No data,V ugm-3 (GRAV EMFAB)
14/03/2023,4.3,V ugm-3 (GRAV EMFAB)
15/03/2023,7.7,V ugm-3 (GRAV EMFAB)
16/03/2023,7.2,V ugm-3 (GRAV EMFAB)
17/03/2023,7.9,V ugm-3 (GRAV EMFAB)
18/03/2023,6.9,V ugm-3 (GRAV EMFAB)
19/03/2023,5.5,V ugm-3 (GRAV EMFAB)
20/03/2023,6.4,V ugm-3 (GRAV EMFAB)
21/03/2023,5.7,V ugm-3 (GRAV EMFAB)
22/03/2023,5.9,V ugm-3 (GRAV EMFAB)
23/03/2023,7.9,V ugm-3 (GRAV EMFAB)
24/03/2023,No data,V ugm-3 (GRAV EMFAB)
25/03/2023,No data,V ugm-3 (GRAV EMFAB)
26/03/2023,No data,V ugm-3 (GRAV EMFAB)
27/03/2023,No data,V ugm-3 (GRAV EMFAB)
28/03/2023,6.9,V ugm-3 (GRAV EMFAB)
29/03/2023,8,V ugm-3 (GRAV EMFAB)
30/03/2023,9.6,V ugm-3 (GRAV EMFAB)
31/03/2023,5,V ugm-3 (GRAV EMFAB)
01/04/2023,2.9,V ugm-3 (GRAV EMFAB)
02/04/2023,4.8,V ugm-3 (GRAV EMFAB)
03/04/2023,7.7,V ugm-3 (GRAV EMFAB)
04/04/2023,13.5,V ugm-3 (GRAV EMFAB)
05/04/2023,15.2,V ugm-3 (GRAV EMFAB)
06/04/2023,5.5,V ugm-3 (GRAV EMFAB)
07/04/2023,5.4,V ugm-3 (GRAV EMFAB)
08/04/2023,13.6,V ugm-3 (GRAV EMFAB)
09/04/2023,15.4,V ugm-3 (GRAV EMFAB)
10/04/2023,4.9,V ugm-3 (GRAV EMFAB)
11/04/2023,5,V ugm-3 (GRAV EMFAB)
12/04/2023,5.2,V ugm-3 (GRAV EMFAB)
13/04/2023,5.4,V ugm-3 (GRAV EMFAB)
14/04/2023,5,V ugm-3 (GRAV EMFAB)
15/04/2023,8.7,V ugm-3 (GRAV EMFAB)
16/04/2023,8.6,V ugm-3 (GRAV EMFAB)
17/04/2023,13.9,V ugm-3 (GRAV EMFAB)
18/04/2023,15.5,V ugm-3 (GRAV EMFAB)
19/04/2023,13.1,V ugm-3 (GRAV EMFAB)
20/04/2023,7.5,V ugm-3 (GRAV EMFAB)
21/04/2023,16.3,V ugm-3 (GRAV EMFAB)
22/04/2023,22.6,V ugm-3 (GRAV EMFAB)
23/04/2023,6.7,V ugm-3 (GRAV EMFAB)
24/04/2023,8.8,V ugm-3 (GRAV EMFAB)
25/04/2023,6.2,V ugm-3 (GRAV EMFAB)
26/04/2023,9.6,V ugm-3 (GRAV EMFAB)
27/04/2023,18.3,V ugm-3 (GRAV EMFAB)
28/04/2023,7.2,V ugm-3 (GRAV EMFAB)
29/04/2023,11.5,V ugm-3 (GRAV EMFAB)
30/04/2023,14.8,V ugm-3 (GRAV EMFAB)
01/05/2023,5.3,V ugm-3 (GRAV EMFAB)
02/05/2023,6,V ugm-3 (GRAV EMFAB)
03/05/2023,9,V ugm-3 (GRAV EMFAB)
04/05/2023,14.4,V ugm-3 (GRAV EMFAB)
05/05/2023,7,V ugm-3 (GRAV EMFAB)
06/05/2023,6.6,V ugm-3 (GRAV EMFAB)
07/05/2023,6.9,V ugm-3 (GRAV EMFAB)
08/05/2023,6.3,V ugm-3 (GRAV EMFAB)
09/05/2023,5.6,V ugm-3 (GRAV EMFAB)
10/05/2023,6.8,V ugm-3 (GRAV EMFAB)
11/05/2023,6.7,V ugm-3 (GRAV EMFAB)
12/05/2023,6.9,V ugm-3 (GRAV EMFAB)
13/05/2023,8.5,V ugm-3 (GRAV EMFAB)
14/05/2023,8.9,V ugm-3 (GRAV EMFAB)
15/05/2023,4.7,V ugm-3 (GRAV EMFAB)
16/05/2023,7,V ugm-3 (GRAV EMFAB)
17/05/2023,8,V ugm-3 (GRAV EMFAB)
18/05/2023,8,V ugm-3 (GRAV EMFAB)
19/05/2023,8.6,V ugm-3 (GRAV EMFAB)
20/05/2023,7,V ugm-3 (GRAV EMFAB)
21/05/2023,6.2,V ugm-3 (GRAV EMFAB)
22/05/2023,7.1,V ugm-3 (GRAV EMFAB)
23/05/2023,6.4,V ugm-3 (GRAV EMFAB)
24/05/2023,9.4,V ugm-3 (GRAV EMFAB)
25/05/2023,8.6,V ugm-3 (GRAV EMFAB)
26/05/2023,9.4,V ugm-3 (GRAV EMFAB)
27/05/2023,8.7,V ugm-3 (GRAV EMFAB)
28/05/2023,7.1,V ugm-3 (GRAV EMFAB)
29/05/2023,5.4,V ugm-3 (GRAV EMFAB)
30/05/2023,4.8,V ugm-3 (GRAV EMFAB)
31/05/2023,4.6,V ugm-3 (GRAV EMFAB)
01/06/2023,5.8,V ugm-3 (GRAV EMFAB)
02/06/2023,5.6,V ugm-3 (GRAV EMFAB)
03/06/2023,6.5,V ugm-3 (GRAV EMFAB)
04/06/2023,5.8,V ugm-3 (GRAV EMFAB)
05/06/2023,5.1,V ugm-3 (GRAV EMFAB)
06/06/2023,4.9,V ugm-3 (GRAV EMFAB)
07/06/2023,7.8,V ugm-3 (GRAV EMFAB)
08/06/2023,7.1,V ugm-3 (GRAV EMFAB)
09/06/2023,10.3,V ugm-3 (GRAV EMFAB)
10/06/2023,15.3,V ugm-3 (GRAV EMFAB)
11/06/2023,19,V ugm-3 (GRAV EMFAB)
12/06/2023,No data,V ugm-3 (GRAV EMFAB)
13/06/2023,13.8,V ugm-3 (GRAV EMFAB)
14/06/2023,12,V ugm-3 (GRAV EMFAB)
15/06/2023,11.6,V ugm-3 (GRAV EMFAB)
16/06/2023,11.4,V ugm-3 (GRAV EMFAB)
17/06/2023,12.8,V ugm-3 (GRAV EMFAB)
18/06/2023,13.7,V ugm-3 (GRAV EMFAB)
19/06/2023,7.9,V ugm-3 (GRAV EMFAB)
20/06/2023,7.9,V ugm-3 (GRAV EMFAB)
21/06/2023,8.4,V ugm-3 (GRAV EMFAB)
22/06/2023,7.4,V ugm-3 (GRAV EMFAB)
23/06/2023,9,V ugm-3 (GRAV EMFAB)
24/06/2023,7.4,V ugm-3 (GRAV EMFAB)
25/06/2023,8,V ugm-3 (GRAV EMFAB)
26/06/2023,6,V ugm-3 (GRAV EMFAB)
27/06/2023,7.4,V ugm-3 (GRAV EMFAB)
28/06/2023,11.3,V ugm-3 (GRAV EMFAB)
29/06/2023,5.6,V ugm-3 (GRAV EMFAB)
30/06/2023,6.4,V ugm-3 (GRAV EMFAB)
01/07/2023,6.3,V ugm-3 (GRAV EMFAB)
02/07/2023,8.9,V ugm-3 (GRAV EMFAB)
03/07/2023,6.4,V ugm-3 (GRAV EMFAB)
04/07/2023,6.5,V ugm-3 (GRAV EMFAB)
05/07/2023,5.9,V ugm-3 (GRAV EMFAB)
06/07/2023,6.8,V ugm-3 (GRAV EMFAB)
07/07/2023,10.8,V ugm-3 (GRAV EMFAB)
08/07/2023,10.8,V ugm-3 (GRAV EMFAB)
09/07/2023,6.3,V ugm-3 (GRAV EMFAB)
10/07/2023,6,V ugm-3 (GRAV EMFAB)
11/07/2023,6,V ugm-3 (GRAV EMFAB)
12/07/2023,6,V ugm-3 (GRAV EMFAB)
13/07/2023,5.9,V ugm-3 (GRAV EMFAB)
14/07/2023,6.1,V ugm-3 (GRAV EMFAB)
15/07/2023,5.9,V ugm-3 (GRAV EMFAB)
16/07/2023,5.4,V ugm-3 (GRAV EMFAB)
17/07/2023,5.9,V ugm-3 (GRAV EMFAB)
18/07/2023,6.6,V ugm-3 (GRAV EMFAB)
19/07/2023,5.5,V ugm-3 (GRAV EMFAB)
20/07/2023,5.5,V ugm-3 (GRAV EMFAB)
21/07/2023,8.5,V ugm-3 (GRAV EMFAB)
22/07/2023,4.8,V ugm-3 (GRAV EMFAB)
23/07/2023,4.7,V ugm-3 (GRAV EMFAB)
24/07/2023,4.3,V ugm-3 (GRAV EMFAB)
25/07/2023,5.1,V ugm-3 (GRAV EMFAB)
26/07/2023,6.4,V ugm-3 (GRAV EMFAB)
27/07/2023,4.7,V ugm-3 (GRAV EMFAB)
28/07/2023,4.3,V ugm-3 (GRAV EMFAB)
29/07/2023,5.1,V ugm-3 (GRAV EMFAB)
30/07/2023,4.8,V ugm-3 (GRAV EMFAB)
31/07/2023,5.2,V ugm-3 (GRAV EMFAB)
01/08/2023,5.7,V ugm-3 (GRAV EMFAB)
02/08/2023,4.2,V ugm-3 (GRAV EMFAB)
03/08/2023,4.7,V ugm-3 (GRAV EMFAB)
04/08/2023,6.4,V ugm-3 (GRAV EMFAB)
05/08/2023,5.5,V ugm-3 (GRAV EMFAB)
06/08/2023,3.9,V ugm-3 (GRAV EMFAB)
07/08/2023,5,V ugm-3 (GRAV EMFAB)
08/08/2023,5.5,V ugm-3 (GRAV EMFAB)
09/08/2023,5.8,V ugm-3 (GRAV EMFAB)
10/08/2023,6.7,V ugm-3 (GRAV EMFAB)
11/08/2023,5.6,V ugm-3 (GRAV EMFAB)
12/08/2023,5.6,V ugm-3 (GRAV EMFAB)
13/08/2023,4,V ugm-3 (GRAV EMFAB)
14/08/2023,4.8,V ugm-3 (GRAV EMFAB)
15/08/2023,5.4,V ugm-3 (GRAV EMFAB)
16/08/2023,6.9,V ugm-3 (GRAV EMFAB)
17/08/2023,5.7,V ugm-3 (GRAV EMFAB)
18/08/2023,16.3,V ugm-3 (GRAV EMFAB)
19/08/2023,5.8,V ugm-3 (GRAV EMFAB)
20/08/2023,5.3,V ugm-3 (GRAV EMFAB)
21/08/2023,5.4,V ugm-3 (GRAV EMFAB)
22/08/2023,4.9,V ugm-3 (GRAV EMFAB)
23/08/2023,6.4,V ugm-3 (GRAV EMFAB)
24/08/2023,8.7,V ugm-3 (GRAV EMFAB)
25/08/2023,4.6,V ugm-3 (GRAV EMFAB)
26/08/2023,5.4,V ugm-3 (GRAV EMFAB)
27/08/2023,4.3,V ugm-3 (GRAV EMFAB)
28/08/2023,4.2,V ugm-3 (GRAV EMFAB)
29/08/2023,5.5,V ugm-3 (GRAV EMFAB)
30/08/2023,4.7,V ugm-3 (GRAV EMFAB)
31/08/2023,6.7,V ugm-3 (GRAV EMFAB)
01/09/2023,6,V ugm-3 (GRAV EMFAB)
02/09/2023,8.2,V ugm-3 (GRAV EMFAB)
03/09/2023,11.5,V ugm-3 (GRAV EMFAB)
04/09/2023,10.8,V ugm-3 (GRAV EMFAB)
05/09/2023,12.8,V ugm-3 (GRAV EMFAB)
06/09/2023,20.2,V ugm-3 (GRAV EMFAB)
07/09/2023,20.7,V ugm-3 (GRAV EMFAB)
08/09/2023,16.9,V ugm-3 (GRAV EMFAB)
09/09/2023,19.1,V ugm-3 (GRAV EMFAB)
10/09/2023,20.4,V ugm-3 (GRAV EMFAB)
11/09/2023,8.5,V ugm-3 (GRAV EMFAB)
12/09/2023,5.4,V ugm-3 (GRAV EMFAB)
13/09/2023,5.3,V ugm-3 (GRAV EMFAB)
14/09/2023,6.4,V ugm-3 (GRAV EMFAB)
15/09/2023,9.3,V ugm-3 (GRAV EMFAB)
16/09/2023,9.9,V ugm-3 (GRAV EMFAB)
17/09/2023,18.1,V ugm-3 (GRAV EMFAB)
18/09/2023,5.6,V ugm-3 (GRAV EMFAB)
19/09/2023,5.2,V ugm-3 (GRAV EMFAB)
20/09/2023,5.9,V ugm-3 (GRAV EMFAB)
21/09/2023,5.7,V ugm-3 (GRAV EMFAB)
22/09/2023,5.5,V ugm-3 (GRAV EMFAB)
23/09/2023,5.9,V ugm-3 (GRAV EMFAB)
24/09/2023,5.6,V ugm-3 (GRAV EMFAB)
25/09/2023,6.8,V ugm-3 (GRAV EMFAB)
26/09/2023,6.6,V ugm-3 (GRAV EMFAB)
27/09/2023,7.2,V ugm-3 (GRAV EMFAB)
28/09/2023,6.3,V ugm-3 (GRAV EMFAB)
29/09/2023,5.7,V ugm-3 (GRAV EMFAB)
30/09/2023,6.2,V ugm-3 (GRAV EMFAB)
01/10/2023,8.1,V ugm-3 (GRAV EMFAB)
02/10/2023,10.5,V ugm-3 (GRAV EMFAB)
03/10/2023,5.6,V ugm-3 (GRAV EMFAB)
04/10/2023,5.7,V ugm-3 (GRAV EMFAB)
05/10/2023,6,V ugm-3 (GRAV EMFAB)
06/10/2023,6.7,V ugm-3 (GRAV EMFAB)
07/10/2023,8.8,V ugm-3 (GRAV EMFAB)
08/10/2023,11.1,V ugm-3 (GRAV EMFAB)
09/10/2023,14.3,V ugm-3 (GRAV EMFAB)
10/10/2023,13,V ugm-3 (GRAV EMFAB)
11/10/2023,10.8,V ugm-3 (GRAV EMFAB)
12/10/2023,6,V ugm-3 (GRAV EMFAB)
13/10/2023,5.8,V ugm-3 (GRAV EMFAB)
14/10/2023,4.9,V ugm-3 (GRAV EMFAB)
15/10/2023,5.8,V ugm-3 (GRAV EMFAB)
16/10/2023,8.4,V ugm-3 (GRAV EMFAB)
17/10/2023,5.8,V ugm-3 (GRAV EMFAB)
18/10/2023,6.8,V ugm-3 (GRAV EMFAB)
19/10/2023,5.2,V ugm-3 (GRAV EMFAB)
20/10/2023,5.5,V ugm-3 (GRAV EMFAB)
21/10/2023,4.1,V ugm-3 (GRAV EMFAB)
22/10/2023,5.7,V ugm-3 (GRAV EMFAB)
23/10/2023,8.1,V ugm-3 (GRAV EMFAB)
24/10/2023,8.7,V ugm-3 (GRAV EMFAB)
25/10/2023,9.3,V ugm-3 (GRAV EMFAB)
26/10/2023,7.2,V ugm-3 (GRAV EMFAB)
27/10/2023,6,V ugm-3 (GRAV EMFAB)
28/10/2023,4.2,V ugm-3 (GRAV EMFAB)
29/10/2023,3.2,V ugm-3 (GRAV EMFAB)
30/10/2023,5.9,V ugm-3 (GRAV EMFAB)
31/10/2023,6.7,V ugm-3 (GRAV EMFAB)
01/11/2023,4.1,V ugm-3 (GRAV EMFAB)
02/11/2023,3.1,V ugm-3 (GRAV EMFAB)
03/11/2023,5.9,V ugm-3 (GRAV EMFAB)
04/11/2023,7.1,V ugm-3 (GRAV EMFAB)
05/11/2023,9.4,V ugm-3 (GRAV EMFAB)
06/11/2023,6.8,V ugm-3 (GRAV EMFAB)
07/11/2023,6.2,V ugm-3 (GRAV EMFAB)
08/11/2023,5.9,V ugm-3 (GRAV EMFAB)
09/11/2023,5.5,V ugm-3 (GRAV EMFAB)
10/11/2023,6.3,V ugm-3 (GRAV EMFAB)
11/11/2023,12,V ugm-3 (GRAV EMFAB)
12/11/2023,13.6,V ugm-3 (GRAV EMFAB)
13/11/2023,5.3,V ugm-3 (GRAV EMFAB)
14/11/2023,6.4,V ugm-3 (GRAV EMFAB)
15/11/2023,6.4,V ugm-3 (GRAV EMFAB)
16/11/2023,10.9,V ugm-3 (GRAV EMFAB)
17/11/2023,9.8,V ugm-3 (GRAV EMFAB)
18/11/2023,4.5,V ugm-3 (GRAV EMFAB)
19/11/2023,5,V ugm-3 (GRAV EMFAB)
20/11/2023,4.3,V ugm-3 (GRAV EMFAB)
21/11/2023,2.3,V ugm-3 (GRAV EMFAB)
22/11/2023,10.3,V ugm-3 (GRAV EMFAB)
23/11/2023,6.7,V ugm-3 (GRAV EMFAB)
24/11/2023,4.7,V ugm-3 (GRAV EMFAB)
25/11/2023,11.3,V ugm-3 (GRAV EMFAB)
26/11/2023,No data,V ugm-3 (GRAV EMFAB)
27/11/2023,No data,V ugm-3 (GRAV EMFAB)
28/11/2023,6.8,V ugm-3 (GRAV EMFAB)
29/11/2023,13.2,V ugm-3 (GRAV EMFAB)
30/11/2023,11.2,V ugm-3 (GRAV EMFAB)
01/12/2023,11.1,V ugm-3 (GRAV EMFAB)
02/12/2023,18.4,V ugm-3 (GRAV EMFAB)
03/12/2023,9.4,V ugm-3 (GRAV EMFAB)
04/12/2023,6.2,V ugm-3 (GRAV EMFAB)
05/12/2023,5.8,V ugm-3 (GRAV EMFAB)
06/12/2023,13.9,V ugm-3 (GRAV EMFAB)
07/12/2023,7.7,V ugm-3 (GRAV EMFAB)
08/12/2023,9.7,V ugm-3 (GRAV EMFAB)
09/12/2023,6.1,V ugm-3 (GRAV EMFAB)
10/12/2023,7.4,V ugm-3 (GRAV EMFAB)
11/12/2023,8.1,V ugm-3 (GRAV EMFAB)
12/12/2023,6.1,V ugm-3 (GRAV EMFAB)
13/12/2023,3.8,V ugm-3 (GRAV EMFAB)
14/12/2023,11.9,V ugm-3 (GRAV EMFAB)
15/12/2023,14.2,V ugm-3 (GRAV EMFAB)
16/12/2023,5.4,V ugm-3 (GRAV EMFAB)
17/12/2023,6.6,V ugm-3 (GRAV EMFAB)
18/12/2023,6.3,V ugm-3 (GRAV EMFAB)
19/12/2023,4.4,V ugm-3 (GRAV EMFAB)
20/12/2023,5.6,V ugm-3 (GRAV EMFAB)
21/12/2023,4.1,V ugm-3 (GRAV EMFAB)
22/12/2023,3.7,V ugm-3 (GRAV EMFAB)
23/12/2023,3.4,V ugm-3 (GRAV EMFAB)
24/12/2023,1.9,V ugm-3 (GRAV EMFAB)
25/12/2023,2.3,V ugm-3 (GRAV EMFAB)
26/12/2023,6.3,V ugm-3 (GRAV EMFAB)
27/12/2023,5.4,V ugm-3 (GRAV EMFAB)
28/12/2023,6.8,V ugm-3 (GRAV EMFAB)
29/12/2023,4.3,V ugm-3 (GRAV EMFAB)
30/12/2023,4.2,V ugm-3 (GRAV EMFAB)
31/12/2023,3.4,V ugm-3 (GRAV EMFAB)
01/01/2024,4.3,V ugm-3 (GRAV EMFAB)
02/01/2024,3.5,V ugm-3 (GRAV EMFAB)
03/01/2024,5.3,V ugm-3 (GRAV EMFAB)
04/01/2024,5,V ugm-3 (GRAV EMFAB)
05/01/2024,6.5,V ugm-3 (GRAV EMFAB)
06/01/2024,4.5,V ugm-3 (GRAV EMFAB)
07/01/2024,3.7,V ugm-3 (GRAV EMFAB)
08/01/2024,4.2,V ugm-3 (GRAV EMFAB)
09/01/2024,5.4,V ugm-3 (GRAV EMFAB)
10/01/2024,4.2,V ugm-3 (GRAV EMFAB)
11/01/2024,6,V ugm-3 (GRAV EMFAB)
12/01/2024,4.5,V ugm-3 (GRAV EMFAB)
13/01/2024,16.7,V ugm-3 (GRAV EMFAB)
14/01/2024,12.4,V ugm-3 (GRAV EMFAB)
15/01/2024,9.3,V ugm-3 (GRAV EMFAB)
16/01/2024,17.2,V ugm-3 (GRAV EMFAB)
17/01/2024,14.2,V ugm-3 (GRAV EMFAB)
18/01/2024,16.6,V ugm-3 (GRAV EMFAB)
19/01/2024,17.3,V ugm-3 (GRAV EMFAB)
20/01/2024,8.1,V ugm-3 (GRAV EMFAB)
21/01/2024,6.4,V ugm-3 (GRAV EMFAB)
22/01/2024,6.2,V ugm-3 (GRAV EMFAB)
23/01/2024,4.4,V ugm-3 (GRAV EMFAB)
24/01/2024,10.9,V ugm-3 (GRAV EMFAB)
25/01/2024,7.4,V ugm-3 (GRAV EMFAB)
26/01/2024,6.8,V ugm-3 (GRAV EMFAB)
27/01/2024,9,V ugm-3 (GRAV EMFAB)
28/01/2024,12.1,V ugm-3 (GRAV EMFAB)
29/01/2024,15.3,V ugm-3 (GRAV EMFAB)
30/01/2024,4.7,V ugm-3 (GRAV EMFAB)
31/01/2024,9.1,V ugm-3 (GRAV EMFAB)
01/02/2024,9.7,V ugm-3 (GRAV EMFAB)
02/02/2024,5.9,V ugm-3 (GRAV EMFAB)
03/02/2024,4.8,V ugm-3 (GRAV EMFAB)
04/02/2024,5.3,V ugm-3 (GRAV EMFAB)
05/02/2024,8.8,V ugm-3 (GRAV EMFAB)
06/02/2024,8.5,V ugm-3 (GRAV EMFAB)
07/02/2024,5.2,V ugm-3 (GRAV EMFAB)
08/02/2024,7.7,V ugm-3 (GRAV EMFAB)
09/02/2024,5.7,V ugm-3 (GRAV EMFAB)
10/02/2024,6,V ugm-3 (GRAV EMFAB)
11/02/2024,8,V ugm-3 (GRAV EMFAB)
12/02/2024,6.6,V ugm-3 (GRAV EMFAB)
13/02/2024,5.2,V ugm-3 (GRAV EMFAB)
14/02/2024,5.3,V ugm-3 (GRAV EMFAB)
15/02/2024,8.4,V ugm-3 (GRAV EMFAB)
16/02/2024,7.1,V ugm-3 (GRAV EMFAB)
17/02/2024,5.3,V ugm-3 (GRAV EMFAB)
18/02/2024,4.6,V ugm-3 (GRAV EMFAB)
19/02/2024,7.2,V ugm-3 (GRAV EMFAB)
20/02/2024,7.5,V ugm-3 (GRAV EMFAB)
21/02/2024,4.7,V ugm-3 (GRAV EMFAB)
22/02/2024,4,V ugm-3 (GRAV EMFAB)
23/02/2024,5.6,V ugm-3 (GRAV EMFAB)
24/02/2024,9.8,V ugm-3 (GRAV EMFAB)
25/02/2024,12.9,V ugm-3 (GRAV EMFAB)
26/02/2024,3,V ugm-3 (GRAV EMFAB)
27/02/2024,7,V ugm-3 (GRAV EMFAB)
28/02/2024,6.5,V ugm-3 (GRAV EMFAB)
29/02/2024,4.2,V ugm-3 (GRAV EMFAB)
01/03/2024,4.9,V ugm-3 (GRAV EMFAB)
02/03/2024,4,V ugm-3 (GRAV EMFAB)
03/03/2024,9.4,V ugm-3 (GRAV EMFAB)
04/03/2024,7.2,V ugm-3 (GRAV EMFAB)
05/03/2024,5.4,V ugm-3 (GRAV EMFAB)
06/03/2024,21.9,V ugm-3 (GRAV EMFAB)
07/03/2024,30.5,V ugm-3 (GRAV EMFAB)
08/03/2024,26.6,V ugm-3 (GRAV EMFAB)
09/03/2024,13.7,V ugm-3 (GRAV EMFAB)
10/03/2024,15,V ugm-3 (GRAV EMFAB)
11/03/2024,32.3,V ugm-3 (GRAV EMFAB)
12/03/2024,No data,V ugm-3 (GRAV EMFAB)
13/03/2024,No data,V ugm-3 (GRAV EMFAB)
14/03/2024,7,V ugm-3 (GRAV EMFAB)
15/03/2024,7.2,V ugm-3 (GRAV EMFAB)
16/03/2024,5,V ugm-3 (GRAV EMFAB)
17/03/2024,5.6,V ugm-3 (GRAV EMFAB)
18/03/2024,6.1,V ugm-3 (GRAV EMFAB)
19/03/2024,5.1,V ugm-3 (GRAV EMFAB)
20/03/2024,8.5,V ugm-3 (GRAV EMFAB)
21/03/2024,10.4,V ugm-3 (GRAV EMFAB)
22/03/2024,7.4,V ugm-3 (GRAV EMFAB)
23/03/2024,4.3,V ugm-3 (GRAV EMFAB)
24/03/2024,5.7,V ugm-3 (GRAV EMFAB)
25/03/2024,7.6,V ugm-3 (GRAV EMFAB)
26/03/2024,11.2,V ugm-3 (GRAV EMFAB)
27/03/2024,7.3,V ugm-3 (GRAV EMFAB)
28/03/2024,5.2,V ugm-3 (GRAV EMFAB)
29/03/2024,4.1,V ugm-3 (GRAV EMFAB)
30/03/2024,5.4,V ugm-3 (GRAV EMFAB)
31/03/2024,17.4,V ugm-3 (GRAV EMFAB)
01/04/2024,4.7,V ugm-3 (GRAV EMFAB)
02/04/2024,4.4,V ugm-3 (GRAV EMFAB)
03/04/2024,4.3,V ugm-3 (GRAV EMFAB)
04/04/2024,6.2,V ugm-3 (GRAV EMFAB)
05/04/2024,7.2,V ugm-3 (GRAV EMFAB)
06/04/2024,5.9,V ugm-3 (GRAV EMFAB)
07/04/2024,6.4,V ugm-3 (GRAV EMFAB)
08/04/2024,6.2,V ugm-3 (GRAV EMFAB)
09/04/2024,4,V ugm-3 (GRAV EMFAB)
10/04/2024,5,V ugm-3 (GRAV EMFAB)
11/04/2024,5.4,V ugm-3 (GRAV EMFAB)
12/04/2024,6.7,V ugm-3 (GRAV EMFAB)
13/04/2024,6,V ugm-3 (GRAV EMFAB)
14/04/2024,4.6,V ugm-3 (GRAV EMFAB)
15/04/2024,4.3,V ugm-3 (GRAV EMFAB)
16/04/2024,3,V ugm-3 (GRAV EMFAB)
17/04/2024,3.2,V ugm-3 (GRAV EMFAB)
18/04/2024,3.4,V ugm-3 (GRAV EMFAB)
19/04/2024,3.8,V ugm-3 (GRAV EMFAB)
20/04/2024,3.8,V ugm-3 (GRAV EMFAB)
21/04/2024,3.5,V ugm-3 (GRAV EMFAB)
22/04/2024,4.2,V ugm-3 (GRAV EMFAB)
23/04/2024,5.3,V ugm-3 (GRAV EMFAB)
24/04/2024,4.5,V ugm-3 (GRAV EMFAB)
25/04/2024,10.4,V ugm-3 (GRAV EMFAB)
26/04/2024,8.9,V ugm-3 (GRAV EMFAB)
27/04/2024,6.6,V ugm-3 (GRAV EMFAB)
28/04/2024,4.2,V ugm-3 (GRAV EMFAB)
29/04/2024,5.8,V ugm-3 (GRAV EMFAB)
30/04/2024,7.4,V ugm-3 (GRAV EMFAB)
01/05/2024,13.9,V ugm-3 (GRAV EMFAB)
02/05/2024,19.6,V ugm-3 (GRAV EMFAB)
03/05/2024,5.8,V ugm-3 (GRAV EMFAB)
04/05/2024,6.4,V ugm-3 (GRAV EMFAB)
05/05/2024,7.7,V ugm-3 (GRAV EMFAB)
06/05/2024,12.5,V ugm-3 (GRAV EMFAB)
07/05/2024,9.2,V ugm-3 (GRAV EMFAB)
08/05/2024,9.8,V ugm-3 (GRAV EMFAB)
09/05/2024,10.5,V ugm-3 (GRAV EMFAB)
10/05/2024,11.9,V ugm-3 (GRAV EMFAB)
11/05/2024,17,V ugm-3 (GRAV EMFAB)
12/05/2024,12.5,V ugm-3 (GRAV EMFAB)
13/05/2024,8.6,V ugm-3 (GRAV EMFAB)
14/05/2024,7.1,V ugm-3 (GRAV EMFAB)
15/05/2024,7.3,V ugm-3 (GRAV EMFAB)
16/05/2024,11.1,V ugm-3 (GRAV EMFAB)
17/05/2024,6.9,V ugm-3 (GRAV EMFAB)
18/05/2024,10.1,V ugm-3 (GRAV EMFAB)
19/05/2024,11.5,V ugm-3 (GRAV EMFAB)
20/05/2024,9.3,V ugm-3 (GRAV EMFAB)
21/05/2024,9,V ugm-3 (GRAV EMFAB)
22/05/2024,10.7,V ugm-3 (GRAV EMFAB)
23/05/2024,6.1,V ugm-3 (GRAV EMFAB)
24/05/2024,7.1,V ugm-3 (GRAV EMFAB)
25/05/2024,9.1,V ugm-3 (GRAV EMFAB)
26/05/2024,5.1,V ugm-3 (GRAV EMFAB)
27/05/2024,4.1,V ugm-3 (GRAV EMFAB)
28/05/2024,5.3,V ugm-3 (GRAV EMFAB)
29/05/2024,4.8,V ugm-3 (GRAV EMFAB)
30/05/2024,3.2,V ugm-3 (GRAV EMFAB)
31/05/2024,4,V ugm-3 (GRAV EMFAB)
01/06/2024,5.1,V ugm-3 (GRAV EMFAB)
02/06/2024,6.6,V ugm-3 (GRAV EMFAB)
03/06/2024,4.9,V ugm-3 (GRAV EMFAB)
04/06/2024,7.2,V ugm-3 (GRAV EMFAB)
05/06/2024,10.1,V ugm-3 (GRAV EMFAB)
06/06/2024,11.3,V ugm-3 (GRAV EMFAB)
07/06/2024,8.4,V ugm-3 (GRAV EMFAB)
08/06/2024,4.8,V ugm-3 (GRAV EMFAB)
09/06/2024,6.1,V ugm-3 (GRAV EMFAB)
10/06/2024,4.2,V ugm-3 (GRAV EMFAB)
11/06/2024,4.4,V ugm-3 (GRAV EMFAB)
12/06/2024,8.3,V ugm-3 (GRAV EMFAB)
13/06/2024,6.9,V ugm-3 (GRAV EMFAB)
14/06/2024,4.4,V ugm-3 (GRAV EMFAB)
15/06/2024,4.8,V ugm-3 (GRAV EMFAB)
16/06/2024,5.2,V ugm-3 (GRAV EMFAB)
17/06/2024,5.9,V ugm-3 (GRAV EMFAB)
18/06/2024,6,V ugm-3 (GRAV EMFAB)
19/06/2024,4.3,V ugm-3 (GRAV EMFAB)
20/06/2024,5.4,V ugm-3 (GRAV EMFAB)
21/06/2024,8.8,V ugm-3 (GRAV EMFAB)
22/06/2024,5.2,V ugm-3 (GRAV EMFAB)
23/06/2024,6.7,V ugm-3 (GRAV EMFAB)
24/06/2024,8.4,V ugm-3 (GRAV EMFAB)
25/06/2024,10.6,V ugm-3 (GRAV EMFAB)
26/06/2024,12.4,V ugm-3 (GRAV EMFAB)
27/06/2024,9.3,V ugm-3 (GRAV EMFAB)
28/06/2024,6.1,V ugm-3 (GRAV EMFAB)
29/06/2024,5.9,V ugm-3 (GRAV EMFAB)
30/06/2024,4.2,V ugm-3 (GRAV EMFAB)
01/07/2024,4.2,V ugm-3 (GRAV EMFAB)
02/07/2024,5,V ugm-3 (GRAV EMFAB)
03/07/2024,8.1,V ugm-3 (GRAV EMFAB)
04/07/2024,6.8,V ugm-3 (GRAV EMFAB)
05/07/2024,5.1,V ugm-3 (GRAV EMFAB)
06/07/2024,4.5,V ugm-3 (GRAV EMFAB)
07/07/2024,4,V ugm-3 (GRAV EMFAB)
08/07/2024,6.1,V ugm-3 (GRAV EMFAB)
09/07/2024,5.3,V ugm-3 (GRAV EMFAB)
10/07/2024,4,V ugm-3 (GRAV EMFAB)
11/07/2024,5.5,V ugm-3 (GRAV EMFAB)
12/07/2024,4.6,V ugm-3 (GRAV EMFAB)
13/07/2024,5.4,V ugm-3 (GRAV EMFAB)
14/07/2024,6.9,V ugm-3 (GRAV EMFAB)
15/07/2024,7.6,V ugm-3 (GRAV EMFAB)
16/07/2024,9.1,V ugm-3 (GRAV EMFAB)
17/07/2024,8.4,V ugm-3 (GRAV EMFAB)
18/07/2024,8.7,V ugm-3 (GRAV EMFAB)
19/07/2024,11.8,V ugm-3 (GRAV EMFAB)
20/07/2024,6.8,V ugm-3 (GRAV EMFAB)
21/07/2024,4.8,V ugm-3 (GRAV EMFAB)
22/07/2024,6,V ugm-3 (GRAV EMFAB)
23/07/2024,5.6,V ugm-3 (GRAV EMFAB)
24/07/2024,8.4,V ugm-3 (GRAV EMFAB)
25/07/2024,5.2,V ugm-3 (GRAV EMFAB)
26/07/2024,7.4,V ugm-3 (GRAV EMFAB)
27/07/2024,5.8,V ugm-3 (GRAV EMFAB)
28/07/2024,8,V ugm-3 (GRAV EMFAB)
29/07/2024,10.4,V ugm-3 (GRAV EMFAB)
30/07/2024,13.2,V ugm-3 (GRAV EMFAB)
31/07/2024,10.7,V ugm-3 (GRAV EMFAB)
01/08/2024,11.3,V ugm-3 (GRAV EMFAB)
02/08/2024,11.6,V ugm-3 (GRAV EMFAB)
03/08/2024,6.4,V ugm-3 (GRAV EMFAB)
04/08/2024,6.2,V ugm-3 (GRAV EMFAB)
05/08/2024,6.3,V ugm-3 (GRAV EMFAB)
06/08/2024,6.6,V ugm-3 (GRAV EMFAB)
07/08/2024,6.8,V ugm-3 (GRAV EMFAB)
08/08/2024,6.2,V ugm-3 (GRAV EMFAB)
09/08/2024,6.4,V ugm-3 (GRAV EMFAB)
10/08/2024,6.7,V ugm-3 (GRAV EMFAB)
11/08/2024,6.3,V ugm-3 (GRAV EMFAB)
12/08/2024,9.7,V ugm-3 (GRAV EMFAB)
13/08/2024,7,V ugm-3 (GRAV EMFAB)
14/08/2024,7.9,V ugm-3 (GRAV EMFAB)
15/08/2024,No data,V ugm-3 (GRAV EMFAB)
16/08/2024,6.3,V ugm-3 (GRAV EMFAB)
17/08/2024,6.7,V ugm-3 (GRAV EMFAB)
18/08/2024,8.5,V ugm-3 (GRAV EMFAB)
19/08/2024,18.3,V ugm-3 (GRAV EMFAB)
20/08/2024,6.7,V ugm-3 (GRAV EMFAB)
21/08/2024,6.4,V ugm-3 (GRAV EMFAB)
22/08/2024,4.5,V ugm-3 (GRAV EMFAB)
23/08/2024,5.7,V ugm-3 (GRAV EMFAB)
24/08/2024,5.1,V ugm-3 (GRAV EMFAB)
25/08/2024,5.1,V ugm-3 (GRAV EMFAB)
26/08/2024,7.7,V ugm-3 (GRAV EMFAB)
27/08/2024,8.1,V ugm-3 (GRAV EMFAB)
28/08/2024,12.4,V ugm-3 (GRAV EMFAB)
29/08/2024,8.4,V ugm-3 (GRAV EMFAB)
30/08/2024,11.9,V ugm-3 (GRAV EMFAB)
31/08/2024,11.2,V ugm-3 (GRAV EMFAB)
01/09/2024,13.5,V ugm-3 (GRAV EMFAB)
02/09/2024,8.4,V ugm-3 (GRAV EMFAB)
03/09/2024,5.3,V ugm-3 (GRAV EMFAB)
04/09/2024,5.8,V ugm-3 (GRAV EMFAB)
05/09/2024,9.8,V ugm-3 (GRAV EMFAB)
06/09/2024,12.8,V ugm-3 (GRAV EMFAB)
07/09/2024,12.3,V ugm-3 (GRAV EMFAB)
08/09/2024,6.3,V ugm-3 (GRAV EMFAB)
09/09/2024,6.2,V ugm-3 (GRAV EMFAB)
10/09/2024,6.5,V ugm-3 (GRAV EMFAB)
11/09/2024,4.9,V ugm-3 (GRAV EMFAB)
12/09/2024,3.5,V ugm-3 (GRAV EMFAB)
13/09/2024,7.4,V ugm-3 (GRAV EMFAB)
14/09/2024,10.2,V ugm-3 (GRAV EMFAB)
15/09/2024,7.1,V ugm-3 (GRAV EMFAB)
16/09/2024,4.8,V ugm-3 (GRAV EMFAB)
17/09/2024,3.8,V ugm-3 (GRAV EMFAB)
18/09/2024,8.5,V ugm-3 (GRAV EMFAB)
19/09/2024,18.8,V ugm-3 (GRAV EMFAB)
20/09/2024,18.8,V ugm-3 (GRAV EMFAB)
21/09/2024,18.7,V ugm-3 (GRAV EMFAB)
22/09/2024,14.4,V ugm-3 (GRAV EMFAB)
23/09/2024,7.2,V ugm-3 (GRAV EMFAB)
24/09/2024,7.3,V ugm-3 (GRAV EMFAB)
25/09/2024,6.4,V ugm-3 (GRAV EMFAB)
26/09/2024,5.2,V ugm-3 (GRAV EMFAB)
27/09/2024,4.3,V ugm-3 (GRAV EMFAB)
28/09/2024,8.2,V ugm-3 (GRAV EMFAB)
29/09/2024,6.6,V ugm-3 (GRAV EMFAB)
30/09/2024,3.4,V ugm-3 (GRAV EMFAB)
01/10/2024,4.1,V ugm-3 (GRAV EMFAB)
02/10/2024,3.5,V ugm-3 (GRAV EMFAB)
03/10/2024,6.5,V ugm-3 (GRAV EMFAB)
04/10/2024,9.4,V ugm-3 (GRAV EMFAB)
05/10/2024,8.1,V ugm-3 (GRAV EMFAB)
06/10/2024,5,V ugm-3 (GRAV EMFAB)
07/10/2024,5.6,V ugm-3 (GRAV EMFAB)
08/10/2024,5.1,V ugm-3 (GRAV EMFAB)
09/10/2024,4.5,V ugm-3 (GRAV EMFAB)
10/10/2024,5,V ugm-3 (GRAV EMFAB)
11/10/2024,10.7,V ugm-3 (GRAV EMFAB)
12/10/2024,5.2,V ugm-3 (GRAV EMFAB)
13/10/2024,5.5,V ugm-3 (GRAV EMFAB)
14/10/2024,7.2,V ugm-3 (GRAV EMFAB)
15/10/2024,17.2,V ugm-3 (GRAV EMFAB)
16/10/2024,9.7,V ugm-3 (GRAV EMFAB)
17/10/2024,7.3,V ugm-3 (GRAV EMFAB)
18/10/2024,7.9,V ugm-3 (GRAV EMFAB)
19/10/2024,6.5,V ugm-3 (GRAV EMFAB)
20/10/2024,5.9,V ugm-3 (GRAV EMFAB)
21/10/2024,8.8,V ugm-3 (GRAV EMFAB)
22/10/2024,7.2,V ugm-3 (GRAV EMFAB)
23/10/2024,7.6,V ugm-3 (GRAV EMFAB)
24/10/2024,9,V ugm-3 (GRAV EMFAB)
25/10/2024,12.1,V ugm-3 (GRAV EMFAB)
26/10/2024,13,V ugm-3 (GRAV EMFAB)
27/10/2024,7.8,V ugm-3 (GRAV EMFAB)
28/10/2024,5.8,V ugm-3 (GRAV EMFAB)
29/10/2024,7.1,V ugm-3 (GRAV EMFAB)
30/10/2024,8.9,V ugm-3 (GRAV EMFAB)
31/10/2024,18.4,V ugm-3 (GRAV EMFAB)
01/11/2024,16.8,V ugm-3 (GRAV EMFAB)
02/11/2024,7.1,V ugm-3 (GRAV EMFAB)
03/11/2024,13.8,V ugm-3 (GRAV EMFAB)
04/11/2024,19.9,V ugm-3 (GRAV EMFAB)
05/11/2024,30.3,V ugm-3 (GRAV EMFAB)
06/11/2024,25.6,V ugm-3 (GRAV EMFAB)
07/11/2024,24,V ugm-3 (GRAV EMFAB)
08/11/2024,23.1,V ugm-3 (GRAV EMFAB)
09/11/2024,22.7,V ugm-3 (GRAV EMFAB)
10/11/2024,26.9,V ugm-3 (GRAV EMFAB)
11/11/2024,7.5,V ugm-3 (GRAV EMFAB)
12/11/2024,4.6,V ugm-3 (GRAV EMFAB)
13/11/2024,9,V ugm-3 (GRAV EMFAB)
14/11/2024,11.8,V ugm-3 (GRAV EMFAB)
15/11/2024,14,V ugm-3 (GRAV EMFAB)
16/11/2024,14.9,V ugm-3 (GRAV EMFAB)
17/11/2024,5,V ugm-3 (GRAV EMFAB)
18/11/2024,6.5,V ugm-3 (GRAV EMFAB)
19/11/2024,4.1,V ugm-3 (GRAV EMFAB)
20/11/2024,8,V ugm-3 (GRAV EMFAB)
21/11/2024,10.3,V ugm-3 (GRAV EMFAB)
22/11/2024,7.9,V ugm-3 (GRAV EMFAB)
23/11/2024,5.2,V ugm-3 (GRAV EMFAB)
24/11/2024,8.4,V ugm-3 (GRAV EMFAB)
25/11/2024,6.2,V ugm-3 (GRAV EMFAB)
26/11/2024,8.7,V ugm-3 (GRAV EMFAB)
27/11/2024,7.8,V ugm-3 (GRAV EMFAB)
28/11/2024,No data,V ugm-3 (GRAV EMFAB)
29/11/2024,10,V ugm-3 (GRAV EMFAB)
30/11/2024,10.9,V ugm-3 (GRAV EMFAB)
01/12/2024,7.5,V ugm-3 (GRAV EMFAB)
02/12/2024,4.4,V ugm-3 (GRAV EMFAB)
03/12/2024,8,V ugm-3 (GRAV EMFAB)
04/12/2024,13.4,V ugm-3 (GRAV EMFAB)
05/12/2024,4.9,V ugm-3 (GRAV EMFAB)
06/12/2024,7.3,V ugm-3 (GRAV EMFAB)
07/12/2024,2.4,V ugm-3 (GRAV EMFAB)
08/12/2024,2.2,V ugm-3 (GRAV EMFAB)
09/12/2024,3.7,V ugm-3 (GRAV EMFAB)
10/12/2024,3.1,V ugm-3 (GRAV EMFAB)
11/12/2024,4,V ugm-3 (GRAV EMFAB)
12/12/2024,6.1,V ugm-3 (GRAV EMFAB)
13/12/2024,18.6,V ugm-3 (GRAV EMFAB)
14/12/2024,11.7,V ugm-3 (GRAV EMFAB)
15/12/2024,4.8,V ugm-3 (GRAV EMFAB)
16/12/2024,3.4,V ugm-3 (GRAV EMFAB)
17/12/2024,7,V ugm-3 (GRAV EMFAB)
18/12/2024,5.7,V ugm-3 (GRAV EMFAB)
19/12/2024,4.1,V ugm-3 (GRAV EMFAB)
20/12/2024,6.4,V ugm-3 (GRAV EMFAB)
21/12/2024,6.5,V ugm-3 (GRAV EMFAB)
22/12/2024,5.4,V ugm-3 (GRAV EMFAB)
23/12/2024,8.3,V ugm-3 (GRAV EMFAB)
24/12/2024,9.9,V ugm-3 (GRAV EMFAB)
25/12/2024,7.5,V ugm-3 (GRAV EMFAB)
26/12/2024,11.2,V ugm-3 (GRAV EMFAB)
27/12/2024,15.3,V ugm-3 (GRAV EMFAB)
28/12/2024,8.2,V ugm-3 (GRAV EMFAB)
29/12/2024,6.8,V ugm-3 (GRAV EMFAB)
30/12/2024,3.8,V ugm-3 (GRAV EMFAB)
31/12/2024,4.2,V ugm-3 (GRAV EMFAB)
01/01/2025,4,V ugm-3 (GRAV EMFAB)
02/01/2025,6.4,V ugm-3 (GRAV EMFAB)
03/01/2025,13.7,V ugm-3 (GRAV EMFAB)
04/01/2025,13.5,V ugm-3 (GRAV EMFAB)
05/01/2025,3,V ugm-3 (GRAV EMFAB)
06/01/2025,No data,V ugm-3 (GRAV EMFAB)
07/01/2025,No data,V ugm-3 (GRAV EMFAB)
08/01/2025,No data,V ugm-3 (GRAV EMFAB)
09/01/2025,No data,V ugm-3 (GRAV EMFAB)
10/01/2025,No data,V ugm-3 (GRAV EMFAB)
11/01/2025,39,V ugm-3 (GRAV EMFAB)
12/01/2025,36,V ugm-3 (GRAV EMFAB)
13/01/2025,12.3,V ugm-3 (GRAV EMFAB)
14/01/2025,16.5,V ugm-3 (GRAV EMFAB)
15/01/2025,17.8,V ugm-3 (GRAV EMFAB)
16/01/2025,14.1,V ugm-3 (GRAV EMFAB)
17/01/2025,20.8,V ugm-3 (GRAV EMFAB)
18/01/2025,29.2,V ugm-3 (GRAV EMFAB)
19/01/2025,23.1,V ugm-3 (GRAV EMFAB)
20/01/2025,21.1,V ugm-3 (GRAV EMFAB)
21/01/2025,24.4,V ugm-3 (GRAV EMFAB)
22/01/2025,28.1,V ugm-3 (GRAV EMFAB)
23/01/2025,12.8,V ugm-3 (GRAV EMFAB)
24/01/2025,9.6,V ugm-3 (GRAV EMFAB)
25/01/2025,7.5,V ugm-3 (GRAV EMFAB)
26/01/2025,5.1,V ugm-3 (GRAV EMFAB)
27/01/2025,4.1,V ugm-3 (GRAV EMFAB)
28/01/2025,5,V ugm-3 (GRAV EMFAB)
29/01/2025,7.8,V ugm-3 (GRAV EMFAB)
30/01/2025,7.7,V ugm-3 (GRAV EMFAB)
31/01/2025,7.8,V ugm-3 (GRAV EMFAB)
01/02/2025,10,V ugm-3 (GRAV EMFAB)
02/02/2025,17.9,V ugm-3 (GRAV EMFAB)
03/02/2025,18.2,V ugm-3 (GRAV EMFAB)
04/02/2025,6.9,V ugm-3 (GRAV EMFAB)
05/02/2025,7.9,V ugm-3 (GRAV EMFAB)
06/02/2025,9.2,V ugm-3 (GRAV EMFAB)
07/02/2025,11,V ugm-3 (GRAV EMFAB)
08/02/2025,20.8,V ugm-3 (GRAV EMFAB)
09/02/2025,20,V ugm-3 (GRAV EMFAB)
10/02/2025,33.9,V ugm-3 (GRAV EMFAB)
11/02/2025,26.6,V ugm-3 (GRAV EMFAB)
12/02/2025,21,V ugm-3 (GRAV EMFAB)
13/02/2025,21.2,V ugm-3 (GRAV EMFAB)
14/02/2025,22.8,V ugm-3 (GRAV EMFAB)
15/02/2025,25.9,V ugm-3 (GRAV EMFAB)
16/02/2025,21.8,V ugm-3 (GRAV EMFAB)
17/02/2025,20.5,V ugm-3 (GRAV EMFAB)
18/02/2025,30.9,V ugm-3 (GRAV EMFAB)
19/02/2025,32,V ugm-3 (GRAV EMFAB)
20/02/2025,6.7,V ugm-3 (GRAV EMFAB)
21/02/2025,8.7,V ugm-3 (GRAV EMFAB)
22/02/2025,7.4,V ugm-3 (GRAV EMFAB)
23/02/2025,4.8,V ugm-3 (GRAV EMFAB)
24/02/2025,4.7,V ugm-3 (GRAV EMFAB)
25/02/2025,6,V ugm-3 (GRAV EMFAB)
26/02/2025,5.9,V ugm-3 (GRAV EMFAB)
27/02/2025,5.2,V ugm-3 (GRAV EMFAB)
28/02/2025,11.5,V ugm-3 (GRAV EMFAB)
01/03/2025,11,V ugm-3 (GRAV EMFAB)
02/03/2025,21,V ugm-3 (GRAV EMFAB)
03/03/2025,26.5,V ugm-3 (GRAV EMFAB)
04/03/2025,27.8,V ugm-3 (GRAV EMFAB)
05/03/2025,39.9,V ugm-3 (GRAV EMFAB)
06/03/2025,23.6,V ugm-3 (GRAV EMFAB)
07/03/2025,12,V ugm-3 (GRAV EMFAB)
08/03/2025,21.1,V ugm-3 (GRAV EMFAB)
09/03/2025,34.7,V ugm-3 (GRAV EMFAB)
10/03/2025,59.8,V ugm-3 (GRAV EMFAB)
11/03/2025,7.7,V ugm-3 (GRAV EMFAB)
12/03/2025,6.2,V ugm-3 (GRAV EMFAB)
13/03/2025,5.3,V ugm-3 (GRAV EMFAB)
14/03/2025,7.9,V ugm-3 (GRAV EMFAB)
15/03/2025,6,V ugm-3 (GRAV EMFAB)
16/03/2025,4.6,V ugm-3 (GRAV EMFAB)
17/03/2025,8.5,V ugm-3 (GRAV EMFAB)
18/03/2025,15.1,V ugm-3 (GRAV EMFAB)
19/03/2025,22.9,V ugm-3 (GRAV EMFAB)
20/03/2025,18.5,V ugm-3 (GRAV EMFAB)
21/03/2025,25.1,V ugm-3 (GRAV EMFAB)
22/03/2025,10.9,V ugm-3 (GRAV EMFAB)
23/03/2025,29.2,V ugm-3 (GRAV EMFAB)
24/03/2025,32.8,V ugm-3 (GRAV EMFAB)
25/03/2025,25.3,V ugm-3 (GRAV EMFAB)
26/03/2025,14.2,V ugm-3 (GRAV EMFAB)
27/03/2025,13.6,V ugm-3 (GRAV EMFAB)
28/03/2025,4.6,V ugm-3 (GRAV EMFAB)
29/03/2025,5.4,V ugm-3 (GRAV EMFAB)
30/03/2025,6,V ugm-3 (GRAV EMFAB)
31/03/2025,6.3,V ugm-3 (GRAV EMFAB)
01/04/2025,9.7,V ugm-3 (GRAV EMFAB)
02/04/2025,11,V ugm-3 (GRAV EMFAB)
03/04/2025,20.7,V ugm-3 (GRAV EMFAB)
04/04/2025,21.8,V ugm-3 (GRAV EMFAB)
05/04/2025,5.4,V ugm-3 (GRAV EMFAB)
06/04/2025,4.9,V ugm-3 (GRAV EMFAB)
07/04/2025,9.3,V ugm-3 (GRAV EMFAB)
08/04/2025,14.9,V ugm-3 (GRAV EMFAB)
09/04/2025,8.7,V ugm-3 (GRAV EMFAB)
10/04/2025,9.2,V ugm-3 (GRAV EMFAB)
11/04/2025,15.2,V ugm-3 (GRAV EMFAB)
12/04/2025,23.6,V ugm-3 (GRAV EMFAB)
13/04/2025,10.6,V ugm-3 (GRAV EMFAB)
14/04/2025,6.2,V ugm-3 (GRAV EMFAB)
15/04/2025,10.4,V ugm-3 (GRAV EMFAB)
16/04/2025,4.4,V ugm-3 (GRAV EMFAB)
17/04/2025,6.5,V ugm-3 (GRAV EMFAB)
18/04/2025,8.7,V ugm-3 (GRAV EMFAB)
19/04/2025,8.1,V ugm-3 (GRAV EMFAB)
20/04/2025,5.6,V ugm-3 (GRAV EMFAB)
21/04/2025,10.8,V ugm-3 (GRAV EMFAB)
22/04/2025,5.8,V ugm-3 (GRAV EMFAB)
23/04/2025,3.9,V ugm-3 (GRAV EMFAB)
24/04/2025,8,V ugm-3 (GRAV EMFAB)
25/04/2025,9.6,V ugm-3 (GRAV EMFAB)
26/04/2025,16.7,V ugm-3 (GRAV EMFAB)
27/04/2025,17.1,V ugm-3 (GRAV EMFAB)
28/04/2025,12.2,V ugm-3 (GRAV EMFAB)
29/04/2025,13.7,V ugm-3 (GRAV EMFAB)
30/04/2025,15.4,V ugm-3 (GRAV EMFAB)
01/05/2025,14.5,V ugm-3 (GRAV EMFAB)
02/05/2025,12.3,V ugm-3 (GRAV EMFAB)
03/05/2025,7,V ugm-3 (GRAV EMFAB)
04/05/2025,2.9,V ugm-3 (GRAV EMFAB)
05/05/2025,3,V ugm-3 (GRAV EMFAB)
06/05/2025,4,V ugm-3 (GRAV EMFAB)
07/05/2025,5,V ugm-3 (GRAV EMFAB)
08/05/2025,4.4,V ugm-3 (GRAV EMFAB)
09/05/2025,8.3,V ugm-3 (GRAV EMFAB)
10/05/2025,8.3,V ugm-3 (GRAV EMFAB)
11/05/2025,9.9,V ugm-3 (GRAV EMFAB)
12/05/2025,10.1,V ugm-3 (GRAV EMFAB)
13/05/2025,9.3,V ugm-3 (GRAV EMFAB)
14/05/2025,7.7,V ugm-3 (GRAV EMFAB)
15/05/2025,5.7,V ugm-3 (GRAV EMFAB)
16/05/2025,7,V ugm-3 (GRAV EMFAB)
17/05/2025,5.9,V ugm-3 (GRAV EMFAB)
18/05/2025,7.1,V ugm-3 (GRAV EMFAB)
19/05/2025,7.9,V ugm-3 (GRAV EMFAB)
20/05/2025,7.4,V ugm-3 (GRAV EMFAB)
21/05/2025,8.6,V ugm-3 (GRAV EMFAB)
22/05/2025,6.7,V ugm-3 (GRAV EMFAB)
23/05/2025,8.5,V ugm-3 (GRAV EMFAB)
24/05/2025,6.7,V ugm-3 (GRAV EMFAB)
25/05/2025,5,V ugm-3 (GRAV EMFAB)
26/05/2025,5.2,V ugm-3 (GRAV EMFAB)
27/05/2025,4.7,V ugm-3 (GRAV EMFAB)
28/05/2025,5.5,V ugm-3 (GRAV EMFAB)
29/05/2025,6.8,V ugm-3 (GRAV EMFAB)
30/05/2025,7.2,V ugm-3 (GRAV EMFAB)
31/05/2025,6.7,V ugm-3 (GRAV EMFAB)
01/06/2025,5.6,V ugm-3 (GRAV EMFAB)
02/06/2025,5.6,V ugm-3 (GRAV EMFAB)
03/06/2025,5.4,V ugm-3 (GRAV EMFAB)
04/06/2025,7,V ugm-3 (GRAV EMFAB)
05/06/2025,6,V ugm-3 (GRAV EMFAB)
06/06/2025,5,V ugm-3 (GRAV EMFAB)
07/06/2025,4.3,V ugm-3 (GRAV EMFAB)
08/06/2025,5.6,V ugm-3 (GRAV EMFAB)
09/06/2025,17.7,V ugm-3 (GRAV EMFAB)
10/06/2025,6.2,V ugm-3 (GRAV EMFAB)
11/06/2025,8.8,V ugm-3 (GRAV EMFAB)
12/06/2025,12,V ugm-3 (GRAV EMFAB)
13/06/2025,9.9,V ugm-3 (GRAV EMFAB)
14/06/2025,7.6,V ugm-3 (GRAV EMFAB)
15/06/2025,6.6,V ugm-3 (GRAV EMFAB)
16/06/2025,7.3,V ugm-3 (GRAV EMFAB)
17/06/2025,7.5,V ugm-3 (GRAV EMFAB)
18/06/2025,8.4,V ugm-3 (GRAV EMFAB)
19/06/2025,13.3,V ugm-3 (GRAV EMFAB)
20/06/2025,13.5,V ugm-3 (GRAV EMFAB)
21/06/2025,11.1,V ugm-3 (GRAV EMFAB)
22/06/2025,7.2,V ugm-3 (GRAV EMFAB)
23/06/2025,5.8,V ugm-3 (GRAV EMFAB)
24/06/2025,6.3,V ugm-3 (GRAV EMFAB)
25/06/2025,6.2,V ugm-3 (GRAV EMFAB)
26/06/2025,5.9,V ugm-3 (GRAV EMFAB)
27/06/2025,6,V ugm-3 (GRAV EMFAB)
28/06/2025,4.8,V ugm-3 (GRAV EMFAB)
29/06/2025,5.8,V ugm-3 (GRAV EMFAB)
30/06/2025,8.5,V ugm-3 (GRAV EMFAB)
01/07/2025,9.9,V ugm-3 (GRAV EMFAB)
02/07/2025,4.7,V ugm-3 (GRAV EMFAB)
03/07/2025,4.2,V ugm-3 (GRAV EMFAB)
04/07/2025,6.8,V ugm-3 (GRAV EMFAB)
05/07/2025,5,V ugm-3 (GRAV EMFAB)
06/07/2025,3.8,V ugm-3 (GRAV EMFAB)
07/07/2025,4.3,V ugm-3 (GRAV EMFAB)
08/07/2025,5.4,V ugm-3 (GRAV EMFAB)
09/07/2025,5.6,V ugm-3 (GRAV EMFAB)
10/07/2025,6.2,V ugm-3 (GRAV EMFAB)
11/07/2025,9.4,V ugm-3 (GRAV EMFAB)
12/07/2025,7.6,V ugm-3 (GRAV EMFAB)
13/07/2025,7,V ugm-3 (GRAV EMFAB)
14/07/2025,6.7,V ugm-3 (GRAV EMFAB)
15/07/2025,5.5,V ugm-3 (GRAV EMFAB)
16/07/2025,5.8,V ugm-3 (GRAV EMFAB)
17/07/2025,6.4,V ugm-3 (GRAV EMFAB)
18/07/2025,7,V ugm-3 (GRAV EMFAB)
19/07/2025,5.8,V ugm-3 (GRAV EMFAB)
20/07/2025,3.9,V ugm-3 (GRAV EMFAB)
21/07/2025,4.3,V ugm-3 (GRAV EMFAB)
22/07/2025,4.1,V ugm-3 (GRAV EMFAB)
23/07/2025,11.5,V ugm-3 (GRAV EMFAB)
24/07/2025,6.7,V ugm-3 (GRAV EMFAB)
25/07/2025,10,V ugm-3 (GRAV EMFAB)
26/07/2025,6.7,V ugm-3 (GRAV EMFAB)
27/07/2025,5.1,V ugm-3 (GRAV EMFAB)
28/07/2025,6.2,V ugm-3 (GRAV EMFAB)
29/07/2025,6.6,V ugm-3 (GRAV EMFAB)
30/07/2025,6.3,V ugm-3 (GRAV EMFAB)
31/07/2025,6.5,V ugm-3 (GRAV EMFAB)
01/08/2025,3.7,V ugm-3 (GRAV EMFAB)
02/08/2025,4.9,V ugm-3 (GRAV EMFAB)
03/08/2025,6.1,V ugm-3 (GRAV EMFAB)
04/08/2025,4.7,V ugm-3 (GRAV EMFAB)
05/08/2025,4.7,V ugm-3 (GRAV EMFAB)
06/08/2025,6.3,V ugm-3 (GRAV EMFAB)
07/08/2025,6.5,V ugm-3 (GRAV EMFAB)
08/08/2025,7.4,V ugm-3 (GRAV EMFAB)
09/08/2025,5.6,V ugm-3 (GRAV EMFAB)
10/08/2025,11.8,V ugm-3 (GRAV EMFAB)
11/08/2025,13.1,V ugm-3 (GRAV EMFAB)
12/08/2025,13.4,V ugm-3 (GRAV EMFAB)
13/08/2025,16.8,V ugm-3 (GRAV EMFAB)
14/08/2025,7,V ugm-3 (GRAV EMFAB)
15/08/2025,5.8,V ugm-3 (GRAV EMFAB)
16/08/2025,6.1,V ugm-3 (GRAV EMFAB)
17/08/2025,4.3,V ugm-3 (GRAV EMFAB)
18/08/2025,3.4,V ugm-3 (GRAV EMFAB)
19/08/2025,5.7,V ugm-3 (GRAV EMFAB)
20/08/2025,4,V ugm-3 (GRAV EMFAB)
21/08/2025,3.3,V ugm-3 (GRAV EMFAB)
22/08/2025,5.1,V ugm-3 (GRAV EMFAB)
23/08/2025,6.1,V ugm-3 (GRAV EMFAB)
24/08/2025,1.8,V ugm-3 (GRAV EMFAB)
25/08/2025,6.2,V ugm-3 (GRAV EMFAB)
26/08/2025,7.3,V ugm-3 (GRAV EMFAB)
27/08/2025,5.9,V ugm-3 (GRAV EMFAB)
28/08/2025,3.6,V ugm-3 (GRAV EMFAB)
29/08/2025,4.9,V ugm-3 (GRAV EMFAB)
30/08/2025,3.8,V ugm-3 (GRAV EMFAB)
31/08/2025,4.6,V ugm-3 (GRAV EMFAB)
01/09/2025,4.6,V ugm-3 (GRAV EMFAB)
02/09/2025,4.3,V ugm-3 (GRAV EMFAB)
03/09/2025,4.3,V ugm-3 (GRAV EMFAB)
04/09/2025,6.4,V ugm-3 (GRAV EMFAB)
05/09/2025,6.3,V ugm-3 (GRAV EMFAB)
06/09/2025,6.2,V ugm-3 (GRAV EMFAB)
07/09/2025,5.9,V ugm-3 (GRAV EMFAB)
08/09/2025,5.2,V ugm-3 (GRAV EMFAB)
09/09/2025,5.6,V ugm-3 (GRAV EMFAB)
10/09/2025,4.9,V ugm-3 (GRAV EMFAB)
11/09/2025,5.1,V ugm-3 (GRAV EMFAB)
12/09/2025,5.8,V ugm-3 (GRAV EMFAB)
13/09/2025,4.6,V ugm-3 (GRAV EMFAB)
14/09/2025,3.5,V ugm-3 (GRAV EMFAB)
15/09/2025,5.4,V ugm-3 (GRAV EMFAB)
16/09/2025,5.3,V ugm-3 (GRAV EMFAB)
17/09/2025,3.8,V ugm-3 (GRAV EMFAB)
18/09/2025,4.5,V ugm-3 (GRAV EMFAB)
19/09/2025,8,V ugm-3 (GRAV EMFAB)
20/09/2025,5.6,V ugm-3 (GRAV EMFAB)
21/09/2025,2.2,V ugm-3 (GRAV EMFAB)
22/09/2025,3.5,V ugm-3 (GRAV EMFAB)
23/09/2025,3.3,V ugm-3 (GRAV EMFAB)
24/09/2025,3.7,V ugm-3 (GRAV EMFAB)
25/09/2025,3.8,V ugm-3 (GRAV EMFAB)
26/09/2025,6.8,V ugm-3 (GRAV EMFAB)
27/09/2025,9.7,V ugm-3 (GRAV EMFAB)
28/09/2025,9.6,V ugm-3 (GRAV EMFAB)
29/09/2025,9.8,V ugm-3 (GRAV EMFAB)
30/09/2025,11.4,V ugm-3 (GRAV EMFAB)
01/10/2025,11.7,V ugm-3 (GRAV EMFAB)
02/10/2025,11.9,V ugm-3 (GRAV EMFAB)
03/10/2025,4.8,V ugm-3 (GRAV EMFAB)
04/10/2025,4.2,V ugm-3 (GRAV EMFAB)
05/10/2025,3.9,V ugm-3 (GRAV EMFAB)
06/10/2025,6.3,V ugm-3 (GRAV EMFAB)
07/10/2025,6.7,V ugm-3 (GRAV EMFAB)
08/10/2025,5.9,V ugm-3 (GRAV EMFAB)
09/10/2025,7.7,V ugm-3 (GRAV EMFAB)
10/10/2025,7.5,V ugm-3 (GRAV EMFAB)
11/10/2025,11.9,V ugm-3 (GRAV EMFAB)
12/10/2025,14.8,V ugm-3 (GRAV EMFAB)
13/10/2025,4.7,V ugm-3 (GRAV EMFAB)
14/10/2025,2.8,V ugm-3 (GRAV EMFAB)
15/10/2025,3,V ugm-3 (GRAV EMFAB)
16/10/2025,4.4,V ugm-3 (GRAV EMFAB)
17/10/2025,6,V ugm-3 (GRAV EMFAB)
18/10/2025,9.7,V ugm-3 (GRAV EMFAB)
19/10/2025,7.3,V ugm-3 (GRAV EMFAB)
20/10/2025,8.4,V ugm-3 (GRAV EMFAB)
21/10/2025,7.2,V ugm-3 (GRAV EMFAB)
22/10/2025,6.6,V ugm-3 (GRAV EMFAB)
23/10/2025,3.1,V ugm-3 (GRAV EMFAB)
24/10/2025,4.5,V ugm-3 (GRAV EMFAB)
25/10/2025,3.7,V ugm-3 (GRAV EMFAB)
26/10/2025,3,V ugm-3 (GRAV EMFAB)
27/10/2025,4.8,V ugm-3 (GRAV EMFAB)
28/10/2025,5,V ugm-3 (GRAV EMFAB)
29/10/2025,4.7,V ugm-3 (GRAV EMFAB)
30/10/2025,5.1,V ugm-3 (GRAV EMFAB)
31/10/2025,4.5,V ugm-3 (GRAV EMFAB)
01/11/2025,4.6,V ugm-3 (GRAV EMFAB)
02/11/2025,4.7,V ugm-3 (GRAV EMFAB)
03/11/2025,4.2,V ugm-3 (GRAV EMFAB)
04/11/2025,4.7,V ugm-3 (GRAV EMFAB)
05/11/2025,8.8,V ugm-3 (GRAV EMFAB)
06/11/2025,8.2,V ugm-3 (GRAV EMFAB)
07/11/2025,7.3,V ugm-3 (GRAV EMFAB)
08/11/2025,12.4,V ugm-3 (GRAV EMFAB)
09/11/2025,8.8,V ugm-3 (GRAV EMFAB)
10/11/2025,4.4,V ugm-3 (GRAV EMFAB)
11/11/2025,5,V ugm-3 (GRAV EMFAB)
12/11/2025,7.7,V ugm-3 (GRAV EMFAB)
13/11/2025,7.4,V ugm-3 (GRAV EMFAB)
14/11/2025,12.5,V ugm-3 (GRAV EMFAB)
15/11/2025,7.4,V ugm-3 (GRAV EMFAB)
16/11/2025,2.9,V ugm-3 (GRAV EMFAB)
17/11/2025,4,V ugm-3 (GRAV EMFAB)
18/11/2025,9.1,V ugm-3 (GRAV EMFAB)
19/11/2025,3,V ugm-3 (GRAV EMFAB)
20/11/2025,4.2,V ugm-3 (GRAV EMFAB)
21/11/2025,8.4,V ugm-3 (GRAV EMFAB)
22/11/2025,5.1,V ugm-3 (GRAV EMFAB)
23/11/2025,4.1,V ugm-3 (GRAV EMFAB)
24/11/2025,3.2,V ugm-3 (GRAV EMFAB)
25/11/2025,3.6,V ugm-3 (GRAV EMFAB)
26/11/2025,11,V ugm-3 (GRAV EMFAB)
27/11/2025,3.5,V ugm-3 (GRAV EMFAB)
28/11/2025,5.7,V ugm-3 (GRAV EMFAB)
29/11/2025,3.8,V ugm-3 (GRAV EMFAB)
30/11/2025,4.6,V ugm-3 (GRAV EMFAB)
01/12/2025,3.5,V ugm-3 (GRAV EMFAB)
02/12/2025,4.8,V ugm-3 (GRAV EMFAB)
03/12/2025,6.5,V ugm-3 (GRAV EMFAB)
04/12/2025,6.5,V ugm-3 (GRAV EMFAB)
05/12/2025,6.4,V ugm-3 (GRAV EMFAB)
06/12/2025,6.1,V ugm-3 (GRAV EMFAB)
07/12/2025,4.3,V ugm-3 (GRAV EMFAB)
08/12/2025,5.3,V ugm-3 (GRAV EMFAB)
09/12/2025,5.5,V ugm-3 (GRAV EMFAB)
10/12/2025,6.9,V ugm-3 (GRAV EMFAB)
11/12/2025,6.5,V ugm-3 (GRAV EMFAB)
12/12/2025,6.8,V ugm-3 (GRAV EMFAB)
13/12/2025,8.7,V ugm-3 (GRAV EMFAB)
14/12/2025,5.6,V ugm-3 (GRAV EMFAB)
15/12/2025,8.1,V ugm-3 (GRAV EMFAB)
16/12/2025,6.1,V ugm-3 (GRAV EMFAB)
17/12/2025,8.4,V ugm-3 (GRAV EMFAB)
18/12/2025,3.3,V ugm-3 (GRAV EMFAB)
19/12/2025,5.2,V ugm-3 (GRAV EMFAB)
20/12/2025,6.2,V ugm-3 (GRAV EMFAB)
21/12/2025,10.9,V ugm-3 (GRAV EMFAB)
22/12/2025,16,V ugm-3 (GRAV EMFAB)
23/12/2025,15.3,V ugm-3 (GRAV EMFAB)
24/12/2025,5.6,V ugm-3 (GRAV EMFAB)
25/12/2025,4.3,V ugm-3 (GRAV EMFAB)
26/12/2025,10.2,V ugm-3 (GRAV EMFAB)
27/12/2025,3.9,V ugm-3 (GRAV EMFAB)
28/12/2025,4.5,V ugm-3 (GRAV EMFAB)
29/12/2025,3.5,V ugm-3 (GRAV EMFAB)
30/12/2025,3.9,V ugm-3 (GRAV EMFAB)
31/12/2025,18.4,V ugm-3 (GRAV EMFAB)
,,
,,
,,
End,,
