date,mean_relative_humidity_pct,hourly_obs_count,relative_humidity_max_pct,relative_humidity_min_pct,mean_relative_humidity_iqr_outlier,relative_humidity_max_iqr_outlier,relative_humidity_min_iqr_outlier,humidity_imputed_from_st_james,humidity_imputed_from_northolt
2022-04-07,58.949999999999996,24,89.1,34.7,False,False,False,False,False
2022-04-08,59.78333333333333,24,79.3,37.0,False,False,False,False,False
2022-04-09,56.104166666666664,24,86.4,32.0,False,False,False,False,False
2022-04-10,49.99166666666667,24,75.2,30.7,False,False,False,False,False
2022-04-11,51.479166666666664,24,70.6,26.5,False,False,False,False,False
2022-04-12,68.86666666666666,24,84.3,59.4,False,False,False,False,False
2022-04-13,71.25416666666666,24,88.8,51.0,False,False,False,False,False
2022-04-14,68.52916666666667,24,93.4,48.6,False,False,False,False,False
2022-04-15,63.0625,24,86.0,41.9,False,False,False,False,False
2022-04-16,66.94166666666666,24,89.3,42.1,False,False,False,False,False
2022-04-17,51.10833333333333,24,87.7,17.2,False,False,False,False,False
2022-04-18,55.90416666666667,24,84.2,31.8,False,False,False,False,False
2022-04-19,57.88333333333333,24,75.9,43.3,False,False,False,False,False
2022-04-20,56.39166666666667,24,89.0,27.9,False,False,False,False,False
2022-04-21,56.75416666666666,24,82.5,35.1,False,False,False,False,False
2022-04-22,62.395833333333336,24,77.0,48.4,False,False,False,False,False
2022-04-23,64.69583333333334,24,77.8,48.7,False,False,False,False,False
2022-04-24,56.75833333333333,24,82.6,37.2,False,False,False,False,False
2022-04-25,66.1125,24,85.5,48.4,False,False,False,False,False
2022-04-26,55.05416666666667,24,81.0,32.1,False,False,False,False,False
2022-04-27,59.237500000000004,24,73.6,49.6,False,False,False,False,False
2022-04-28,60.95416666666667,24,71.8,52.2,False,False,False,False,False
2022-04-29,60.70416666666667,24,78.4,48.5,False,False,False,False,False
2022-04-30,55.916666666666664,24,73.4,33.4,False,False,False,False,False
2022-05-01,65.49166666666666,24,83.6,43.9,False,False,False,False,False
2022-05-02,68.19583333333334,24,88.2,52.1,False,False,False,False,False
2022-05-03,74.41666666666667,24,86.3,66.5,False,False,False,False,False
2022-05-04,75.03750000000001,24,86.4,53.4,False,False,False,False,False
2022-05-05,65.10416666666667,24,87.7,46.6,False,False,False,False,False
2022-05-06,63.125,24,87.8,32.9,False,False,False,False,False
2022-05-07,77.41666666666667,24,96.4,59.6,False,False,False,False,False
2022-05-08,61.34583333333333,24,82.0,40.2,False,False,False,False,False
2022-05-09,60.28333333333333,24,84.7,45.0,False,False,False,False,False
2022-05-10,64.03333333333333,24,80.9,42.4,False,False,False,False,False
2022-05-11,79.58333333333333,24,92.3,61.1,False,False,False,False,False
2022-05-12,66.63333333333334,24,93.2,43.9,False,False,False,False,False
2022-05-13,64.05,24,80.0,45.9,False,False,False,False,False
2022-05-14,61.32083333333333,24,87.2,38.8,False,False,False,False,False
2022-05-15,73.52916666666667,24,87.5,60.1,False,False,False,False,False
2022-05-16,76.95416666666667,24,93.4,58.5,False,False,False,False,False
2022-05-17,63.26818181818182,22,86.2,35.5,False,False,False,False,False
2022-05-18,57.21666666666667,24,83.9,29.2,False,False,False,False,False
2022-05-19,63.88333333333333,24,88.4,37.2,False,False,False,False,False
2022-05-20,68.71666666666667,24,89.2,55.8,False,False,False,False,False
2022-05-21,63.737500000000004,24,87.7,42.1,False,False,False,False,False
2022-05-22,57.74166666666667,24,85.7,27.6,False,False,False,False,False
2022-05-23,66.72083333333333,24,90.2,48.4,False,False,False,False,False
2022-05-24,75.88333333333334,24,93.6,47.0,False,False,False,False,False
2022-05-25,72.77499999999999,24,84.4,58.1,False,False,False,False,False
2022-05-26,74.49583333333334,24,89.1,62.7,False,False,False,False,False
2022-05-27,58.09583333333333,24,89.7,36.6,False,False,False,False,False
2022-05-28,52.979166666666664,24,67.4,40.7,False,True,False,False,False
2022-05-29,56.59166666666667,24,71.0,41.6,False,False,False,False,False
2022-05-30,73.55,24,87.3,53.6,False,False,False,False,False
2022-05-31,80.1375,24,90.9,59.3,False,False,False,False,False
2022-06-01,66.825,24,90.5,40.8,False,False,False,False,False
2022-06-02,60.70416666666667,24,86.1,43.3,False,False,False,False,False
2022-06-03,58.612500000000004,24,78.4,37.1,False,False,False,False,False
2022-06-04,63.87916666666666,24,78.0,48.3,False,False,False,False,False
2022-06-05,88.65833333333335,24,94.2,79.4,False,False,False,False,False
2022-06-06,83.9875,24,95.3,71.4,False,False,False,False,False
2022-06-07,71.08749999999999,24,81.9,51.5,False,False,False,False,False
2022-06-08,67.08749999999999,24,93.4,40.4,False,False,False,False,False
2022-06-09,70.56666666666666,24,86.9,49.0,False,False,False,False,False
2022-06-10,65.61666666666666,24,91.4,43.3,False,False,False,False,False
2022-06-11,63.6,24,87.3,42.4,False,False,False,False,False
2022-06-12,56.7125,24,83.3,39.9,False,False,False,False,False
2022-06-13,54.0,24,72.8,41.0,False,False,False,False,False
2022-06-14,51.925000000000004,24,74.9,35.7,False,False,False,False,False
2022-06-15,49.00833333333333,24,69.8,32.4,False,False,False,False,False
2022-06-16,49.270833333333336,24,72.0,31.6,False,False,False,False,False
2022-06-17,45.65,24,58.5,35.0,False,True,False,False,False
2022-06-18,70.19166666666666,24,86.6,57.9,False,False,False,False,False
2022-06-19,64.2375,24,81.1,45.7,False,False,False,False,False
2022-06-20,55.333333333333336,24,71.2,39.1,False,False,False,False,False
2022-06-21,49.725,24,78.4,26.4,False,False,False,False,False
2022-06-22,54.22083333333333,24,76.7,37.0,False,False,False,False,False
2022-06-23,65.96249999999999,24,80.8,47.8,False,False,False,False,False
2022-06-24,68.89583333333333,24,85.5,55.7,False,False,False,False,False
2022-06-25,63.93333333333334,24,83.4,41.7,False,False,False,False,False
2022-06-26,56.479166666666664,24,81.4,38.3,False,False,False,False,False
2022-06-27,66.67916666666666,24,81.0,52.2,False,False,False,False,False
2022-06-28,58.975,24,79.9,39.5,False,False,False,False,False
2022-06-29,67.6875,24,86.4,53.2,False,False,False,False,False
2022-06-30,69.42083333333333,24,86.8,48.0,False,False,False,False,False
2022-07-01,66.28750000000001,24,85.1,46.4,False,False,False,False,False
2022-07-02,65.00833333333334,24,83.0,46.5,False,False,False,False,False
2022-07-03,62.73333333333333,24,83.7,41.8,False,False,False,False,False
2022-07-04,55.89166666666667,24,78.5,46.5,False,False,False,False,False
2022-07-05,56.725,24,76.9,45.1,False,False,False,False,False
2022-07-06,59.987500000000004,24,69.4,50.3,False,False,False,False,False
2022-07-07,58.42916666666667,24,74.5,38.1,False,False,False,False,False
2022-07-08,52.79583333333333,24,77.8,31.4,False,False,False,False,False
2022-07-09,55.5875,24,73.0,32.7,False,False,False,False,False
2022-07-10,53.791666666666664,24,75.8,32.5,False,False,False,False,False
2022-07-11,45.67083333333333,24,59.2,32.8,False,True,False,False,False
2022-07-12,47.68333333333334,24,57.5,37.2,False,True,False,False,False
2022-07-13,52.54583333333333,24,77.3,37.6,False,False,False,False,False
2022-07-14,53.050000000000004,24,81.9,34.5,False,False,False,False,False
2022-07-15,48.40416666666667,24,67.5,34.3,False,True,False,False,False
2022-07-16,51.199999999999996,24,71.2,34.7,False,False,False,False,False
2022-07-17,39.21666666666667,24,58.4,24.0,True,True,False,False,False
2022-07-18,33.725,24,54.2,18.3,True,True,False,False,False
2022-07-19,35.3375,24,70.1,15.4,True,False,False,False,False
2022-07-20,69.58749999999999,24,84.8,51.1,False,False,False,False,False
2022-07-21,66.5125,24,88.2,49.8,False,False,False,False,False
2022-07-22,65.175,24,74.4,53.8,False,False,False,False,False
2022-07-23,62.300000000000004,24,77.9,37.3,False,False,False,False,False
2022-07-24,61.01666666666667,24,80.3,40.7,False,False,False,False,False
2022-07-25,64.25416666666666,24,79.7,50.3,False,False,False,False,False
2022-07-26,65.5,24,81.8,48.2,False,False,False,False,False
2022-07-27,60.74166666666667,24,75.4,48.2,False,False,False,False,False
2022-07-28,56.75833333333333,24,74.3,41.2,False,False,False,False,False
2022-07-29,53.79583333333333,24,74.3,34.5,False,False,False,False,False
2022-07-30,60.74166666666667,24,77.9,48.9,False,False,False,False,False
2022-07-31,69.56666666666666,24,80.5,54.3,False,False,False,False,False
2022-08-01,64.17916666666666,24,78.8,49.7,False,False,False,False,False
2022-08-02,71.02499999999999,24,83.8,63.0,False,False,False,False,False
2022-08-03,74.15416666666667,24,86.3,59.9,False,False,False,False,False
2022-08-04,53.42916666666667,24,73.9,37.5,False,False,False,False,False
2022-08-05,43.57083333333333,24,60.5,30.1,False,True,False,False,False
2022-08-06,44.44166666666666,24,64.4,24.6,False,True,False,False,False
2022-08-07,44.50416666666666,24,67.8,29.1,False,True,False,False,False
2022-08-08,52.35833333333333,24,70.2,37.6,False,False,False,False,False
2022-08-09,60.020833333333336,24,83.9,38.7,False,False,False,False,False
2022-08-10,57.88333333333333,24,80.1,36.0,False,False,False,False,False
2022-08-11,49.85833333333333,24,74.1,27.5,False,False,False,False,False
2022-08-12,43.637499999999996,24,65.1,24.2,False,True,False,False,False
2022-08-13,44.025,24,70.2,20.5,False,False,False,False,False
2022-08-14,42.233333333333334,24,66.3,21.0,True,True,False,False,False
2022-08-15,52.6625,24,71.8,33.3,False,False,False,False,False
2022-08-16,75.90833333333333,24,87.7,61.4,False,False,False,False,False
2022-08-17,81.14583333333333,24,92.2,52.9,False,False,False,False,False
2022-08-18,71.325,24,87.2,48.7,False,False,False,False,False
2022-08-19,63.487500000000004,24,93.1,37.1,False,False,False,False,False
2022-08-20,63.78333333333333,24,81.5,44.6,False,False,False,False,False
2022-08-21,65.64166666666667,24,85.1,38.5,False,False,False,False,False
2022-08-22,71.25833333333334,24,85.5,59.5,False,False,False,False,False
2022-08-23,79.15416666666667,24,94.1,60.6,False,False,False,False,False
2022-08-24,66.875,24,85.2,44.2,False,False,False,False,False
2022-08-25,82.72083333333333,24,94.1,67.0,False,False,False,False,False
2022-08-26,64.83749999999999,24,92.2,40.4,False,False,False,False,False
2022-08-27,62.025,24,79.3,40.8,False,False,False,False,False
2022-08-28,62.416666666666664,24,78.0,46.6,False,False,False,False,False
2022-08-29,61.49583333333334,24,77.3,47.2,False,False,False,False,False
2022-08-30,63.85,24,79.8,49.6,False,False,False,False,False
2022-08-31,60.262499999999996,24,76.5,40.7,False,False,False,False,False
2022-09-01,65.12916666666666,24,84.2,43.8,False,False,False,False,False
2022-09-02,70.74166666666666,24,85.8,49.3,False,False,False,False,False
2022-09-03,69.56666666666666,24,85.8,53.9,False,False,False,False,False
2022-09-04,67.72500000000001,24,87.9,53.7,False,False,False,False,False
2022-09-05,73.52083333333333,24,91.0,57.9,False,False,False,False,False
2022-09-06,79.70416666666667,24,91.8,59.0,False,False,False,False,False
2022-09-07,79.33333333333333,24,91.6,59.2,False,False,False,False,False
2022-09-08,86.25,24,92.4,72.5,False,False,False,False,False
2022-09-09,84.30416666666666,24,93.6,64.9,False,False,False,False,False
2022-09-10,79.69090909090909,22,93.2,62.6,False,False,False,False,False
2022-09-11,77.12272727272727,22,97.8,53.9,False,False,False,False,False
2022-09-12,67.54166666666667,24,85.9,48.9,False,False,False,False,False
2022-09-13,78.79583333333333,24,89.4,69.0,False,False,False,False,False
2022-09-14,73.80833333333334,24,90.4,50.8,False,False,False,False,False
2022-09-15,65.41250000000001,24,82.3,48.9,False,False,False,False,False
2022-09-16,56.11666666666667,24,80.6,37.1,False,False,False,False,False
2022-09-17,53.887499999999996,24,77.1,36.5,False,False,False,False,False
2022-09-18,62.395833333333336,24,78.1,50.1,False,False,False,False,False
2022-09-19,64.20416666666667,24,75.2,46.8,False,False,False,False,False
2022-09-20,63.916666666666664,24,83.7,44.8,False,False,False,False,False
2022-09-21,60.99583333333334,24,71.8,41.3,False,False,False,False,False
2022-09-22,70.13333333333334,24,84.6,54.1,False,False,False,False,False
2022-09-23,77.0625,24,94.4,61.1,False,False,False,False,False
2022-09-24,70.25,24,89.0,47.8,False,False,False,False,False
2022-09-25,63.71666666666667,24,84.3,43.2,False,False,False,False,False
2022-09-26,72.79166666666667,24,93.8,53.6,False,False,False,False,False
2022-09-27,76.325,24,82.6,63.1,False,False,False,False,False
2022-09-28,72.84166666666667,24,91.3,53.8,False,False,False,False,False
2022-09-29,68.76666666666667,24,85.3,48.8,False,False,False,False,False
2022-09-30,83.41250000000001,24,97.3,56.7,False,False,False,False,False
2022-10-01,74.59583333333333,24,91.2,54.8,False,False,False,False,False
2022-10-02,70.575,24,90.9,43.7,False,False,False,False,False
2022-10-03,73.78750000000001,24,87.5,56.4,False,False,False,False,False
2022-10-04,79.4375,24,90.1,69.6,False,False,False,False,False
2022-10-05,73.29166666666667,24,87.5,65.5,False,False,False,False,False
2022-10-06,71.24583333333334,24,83.9,55.0,False,False,False,False,False
2022-10-07,78.85833333333333,24,90.6,57.4,False,False,False,False,False
2022-10-08,72.00416666666668,24,91.4,46.5,False,False,False,False,False
2022-10-09,68.10833333333333,24,85.9,44.4,False,False,False,False,False
2022-10-10,66.92083333333333,24,94.0,44.6,False,False,False,False,False
2022-10-11,69.85833333333333,24,88.3,44.5,False,False,False,False,False
2022-10-12,74.95,24,87.7,61.3,False,False,False,False,False
2022-10-13,84.80416666666666,24,96.5,63.0,False,False,False,False,False
2022-10-14,86.55833333333334,24,92.6,77.0,False,False,False,False,False
2022-10-15,79.99166666666666,24,94.8,59.2,False,False,False,False,False
2022-10-16,75.22500000000001,24,91.4,60.7,False,False,False,False,False
2022-10-17,76.19166666666668,24,89.4,52.8,False,False,False,False,False
2022-10-18,76.35833333333333,24,94.6,51.5,False,False,False,False,False
2022-10-19,79.91250000000001,24,85.9,69.4,False,False,False,False,False
2022-10-20,88.88333333333333,24,94.6,81.4,False,False,False,False,False
2022-10-21,83.50416666666666,24,95.4,65.8,False,False,False,False,False
2022-10-22,81.89583333333333,24,90.1,67.8,False,False,False,False,False
2022-10-23,86.50416666666666,24,94.3,73.0,False,False,False,False,False
2022-10-24,80.25416666666666,24,88.9,59.8,False,False,False,False,False
2022-10-25,81.39583333333333,24,89.4,67.0,False,False,False,False,False
2022-10-26,76.375,24,91.0,57.5,False,False,False,False,False
2022-10-27,82.08333333333333,24,93.3,68.1,False,False,False,False,False
2022-10-28,77.2375,24,91.3,55.6,False,False,False,False,False
2022-10-29,81.21666666666667,24,91.0,65.6,False,False,False,False,False
2022-10-30,83.58333333333333,24,90.0,71.6,False,False,False,False,False
2022-10-31,83.72083333333333,24,92.9,66.3,False,False,False,False,False
2022-11-01,77.36666666666666,24,86.5,65.8,False,False,False,False,False
2022-11-02,74.82083333333334,24,89.5,62.6,False,False,False,False,False
2022-11-03,87.54166666666667,24,92.4,78.8,False,False,False,False,False
2022-11-04,79.01666666666667,24,91.9,62.0,False,False,False,False,False
2022-11-05,86.85000000000001,24,93.2,82.0,False,False,False,False,False
2022-11-06,88.76666666666667,24,96.4,80.4,False,False,False,False,False
2022-11-07,83.02916666666667,24,89.9,68.5,False,False,False,False,False
2022-11-08,77.63333333333334,24,88.1,66.3,False,False,False,False,False
2022-11-09,84.28333333333333,12,88.7,75.4,False,False,False,False,False
2022-11-10,73.20833333333333,12,76.2,69.5,False,False,False,False,False
2022-11-11,76.54166666666667,24,85.4,70.4,False,False,False,False,False
2022-11-12,86.25416666666666,24,95.2,73.0,False,False,False,False,False
2022-11-13,93.07916666666667,24,96.8,83.7,False,False,False,False,False
2022-11-14,93.29583333333333,24,98.4,78.8,False,False,False,False,False
2022-11-15,83.03333333333333,24,91.8,75.2,False,False,False,False,False
2022-11-16,85.68333333333334,24,93.5,71.7,False,False,False,False,False
2022-11-17,81.31666666666666,24,95.2,64.5,False,False,False,False,False
2022-11-18,73.6125,24,83.5,65.5,False,False,False,False,False
2022-11-19,76.78333333333333,24,87.1,68.9,False,False,False,False,False
2022-11-20,81.175,24,95.2,68.3,False,False,False,False,False
2022-11-21,83.1875,24,93.2,72.8,False,False,False,False,False
2022-11-22,81.13333333333334,24,91.2,69.0,False,False,False,False,False
2022-11-23,78.12083333333334,24,92.2,60.2,False,False,False,False,False
2022-11-24,77.91250000000001,24,84.8,68.9,False,False,False,False,False
2022-11-25,75.61666666666666,24,85.7,62.5,False,False,False,False,False
2022-11-26,82.60416666666667,24,88.2,74.1,False,False,False,False,False
2022-11-27,91.02499999999999,24,94.4,84.5,False,False,False,False,False
2022-11-28,88.82916666666667,24,94.7,78.5,False,False,False,False,False
2022-11-29,90.77916666666665,24,96.4,87.2,False,False,False,False,False
2022-11-30,88.29583333333333,24,92.0,79.4,False,False,False,False,False
2022-12-01,87.05416666666667,24,94.3,77.2,False,False,False,False,False
2022-12-02,85.1375,24,95.7,76.4,False,False,False,False,False
2022-12-03,72.53333333333333,24,80.2,65.7,False,False,False,False,False
2022-12-04,75.44166666666666,24,83.5,64.9,False,False,False,False,False
2022-12-05,80.0125,24,88.6,74.5,False,False,False,False,False
2022-12-06,78.39583333333333,24,86.6,64.1,False,False,False,False,False
2022-12-07,82.575,24,86.8,71.0,False,False,False,False,False
2022-12-08,81.00416666666666,24,90.5,62.4,False,False,False,False,False
2022-12-09,85.825,24,92.0,77.7,False,False,False,False,False
2022-12-10,86.16666666666667,24,91.1,75.1,False,False,False,False,False
2022-12-11,93.80416666666667,24,97.0,89.4,False,False,False,False,False
2022-12-12,90.5625,24,94.8,83.5,False,False,False,False,False
2022-12-13,76.98333333333333,24,86.3,63.7,False,False,False,False,False
2022-12-14,79.22500000000001,24,91.2,69.5,False,False,False,False,False
2022-12-15,76.575,24,86.2,58.4,False,False,False,False,False
2022-12-16,85.95416666666667,24,91.4,75.8,False,False,False,False,False
2022-12-17,79.95833333333333,24,89.3,69.2,False,False,False,False,False
2022-12-18,88.68333333333334,24,93.0,79.6,False,False,False,False,False
2022-12-19,88.07083333333333,24,92.0,84.7,False,False,False,False,False
2022-12-20,82.99166666666666,24,90.3,69.0,False,False,False,False,False
2022-12-21,86.1375,24,91.5,80.0,False,False,False,False,False
2022-12-22,91.35416666666667,24,97.5,84.2,False,False,False,False,False
2022-12-23,86.09166666666665,24,95.4,76.3,False,False,False,False,False
2022-12-24,86.14583333333333,24,89.4,82.0,False,False,False,False,False
2022-12-25,85.81666666666666,24,91.6,77.0,False,False,False,False,False
2022-12-26,74.8875,24,85.4,58.7,False,False,False,False,False
2022-12-27,82.43333333333334,24,90.4,72.5,False,False,False,False,False
2022-12-28,87.19583333333333,24,93.6,76.0,False,False,False,False,False
2022-12-29,72.4875,24,80.4,62.1,False,False,False,False,False
2022-12-30,82.625,24,90.8,77.2,False,False,False,False,False
2022-12-31,83.43333333333334,24,89.9,73.2,False,False,False,False,False
2023-01-01,77.5,24,91.5,71.0,False,False,False,False,False
2023-01-02,82.53750000000001,24,92.2,64.2,False,False,False,False,False
2023-01-03,87.77916666666665,24,93.6,82.5,False,False,False,False,False
2023-01-04,78.4875,24,90.2,67.0,False,False,False,False,False
2023-01-05,78.89583333333333,24,87.2,71.2,False,False,False,False,False
2023-01-06,82.75,24,90.4,73.4,False,False,False,False,False
2023-01-07,79.925,24,87.2,73.9,False,False,False,False,False
2023-01-08,83.325,24,88.1,76.8,False,False,False,False,False
2023-01-09,76.65416666666667,24,90.2,58.1,False,False,False,False,False
2023-01-10,84.01666666666667,24,92.1,76.0,False,False,False,False,False
2023-01-11,76.7375,24,81.5,65.3,False,False,False,False,False
2023-01-12,78.92083333333333,24,88.3,57.7,False,False,False,False,False
2023-01-13,67.20416666666667,24,75.6,59.0,False,False,False,False,False
2023-01-14,79.78333333333333,24,90.4,61.9,False,False,False,False,False
2023-01-15,72.44166666666666,24,83.2,61.7,False,False,False,False,False
2023-01-16,80.91666666666667,24,91.1,68.5,False,False,False,False,False
2023-01-17,80.95416666666667,24,86.3,71.6,False,False,False,False,False
2023-01-18,80.05416666666666,24,86.3,65.2,False,False,False,False,False
2023-01-19,81.02499999999999,24,90.5,62.1,False,False,False,False,False
2023-01-20,76.25416666666666,24,82.5,67.1,False,False,False,False,False
2023-01-21,77.92083333333333,24,88.1,58.0,False,False,False,False,False
2023-01-22,87.7,24,93.0,69.0,False,False,False,False,False
2023-01-23,86.95833333333333,24,96.3,74.2,False,False,False,False,False
2023-01-24,75.92083333333333,24,87.0,70.2,False,False,False,False,False
2023-01-25,93.83749999999999,24,97.3,83.2,False,False,False,False,False
2023-01-26,81.22916666666667,24,87.4,72.7,False,False,False,False,False
2023-01-27,74.76666666666667,24,88.3,60.6,False,False,False,False,False
2023-01-28,67.16250000000001,24,77.9,59.0,False,False,False,False,False
2023-01-29,84.93333333333334,24,89.8,80.9,False,False,False,False,False
2023-01-30,72.65416666666667,24,88.6,58.0,False,False,False,False,False
2023-01-31,72.42916666666666,24,83.5,53.7,False,False,False,False,False
2023-02-01,71.06666666666666,24,76.6,61.5,False,False,False,False,False
2023-02-02,75.87916666666666,24,84.5,68.1,False,False,False,False,False
2023-02-03,78.0,24,85.1,68.8,False,False,False,False,False
2023-02-04,78.41666666666667,24,87.6,63.6,False,False,False,False,False
2023-02-05,69.82916666666667,24,81.6,53.3,False,False,False,False,False
2023-02-06,70.06666666666666,24,89.6,38.8,False,False,False,False,False
2023-02-07,82.72083333333333,24,95.7,63.9,False,False,False,False,False
2023-02-08,76.6375,24,91.6,41.0,False,False,False,False,False
2023-02-09,76.29166666666667,24,88.9,48.3,False,False,False,False,False
2023-02-10,78.55,24,90.2,60.6,False,False,False,False,False
2023-02-11,77.175,24,87.9,66.4,False,False,False,False,False
2023-02-12,75.81666666666666,24,83.0,68.5,False,False,False,False,False
2023-02-13,74.16666666666667,24,84.4,59.4,False,False,False,False,False
2023-02-14,82.57083333333334,24,97.8,58.6,False,False,False,False,False
2023-02-15,73.25833333333334,24,87.1,51.7,False,False,False,False,False
2023-02-16,84.46249999999999,24,88.2,77.5,False,False,False,False,False
2023-02-17,81.91666666666667,24,90.5,72.3,False,False,False,False,False
2023-02-18,78.14583333333333,24,91.7,69.8,False,False,False,False,False
2023-02-19,70.6875,24,83.2,55.6,False,False,False,False,False
2023-02-20,82.13333333333334,24,89.0,71.1,False,False,False,False,False
2023-02-21,85.07916666666667,24,88.7,81.5,False,False,False,False,False
2023-02-22,84.58333333333333,24,94.5,70.4,False,False,False,False,False
2023-02-23,75.51666666666667,24,86.5,62.7,False,False,False,False,False
2023-02-24,74.89999999999999,24,88.8,56.9,False,False,False,False,False
2023-02-25,69.0625,24,79.0,48.5,False,False,False,False,False
2023-02-26,61.24166666666667,24,79.5,41.1,False,False,False,False,False
2023-02-27,65.15833333333333,24,77.1,53.4,False,False,False,False,False
2023-02-28,77.27499999999999,24,84.3,69.8,False,False,False,False,False
2023-03-01,73.32916666666667,24,84.3,62.6,False,False,False,False,False
2023-03-02,66.63333333333334,24,80.2,52.7,False,False,False,False,False
2023-03-03,65.44583333333334,24,73.1,57.4,False,False,False,False,False
2023-03-04,66.42916666666666,24,77.2,58.1,False,False,False,False,False
2023-03-05,65.27916666666667,24,73.7,57.9,False,False,False,False,False
2023-03-06,79.64583333333333,24,89.3,60.9,False,False,False,False,False
2023-03-07,81.67083333333333,24,92.0,67.5,False,False,False,False,False
2023-03-08,90.04166666666667,24,95.3,79.7,False,False,False,False,False
2023-03-09,92.70833333333333,24,96.3,84.5,False,False,False,False,False
2023-03-10,76.7375,24,94.8,55.6,False,False,False,False,False
2023-03-11,68.74166666666666,24,91.6,49.9,False,False,False,False,False
2023-03-12,84.04583333333333,24,93.2,68.0,False,False,False,False,False
2023-03-13,75.49583333333334,24,90.1,64.0,False,False,False,False,False
2023-03-14,67.3,24,89.5,39.5,False,False,False,False,False
2023-03-15,79.55,24,92.3,56.6,False,False,False,False,False
2023-03-16,77.75833333333334,24,92.6,63.6,False,False,False,False,False
2023-03-17,83.60416666666667,24,91.0,66.8,False,False,False,False,False
2023-03-18,83.93333333333332,24,91.2,66.6,False,False,False,False,False
2023-03-19,72.32916666666667,24,89.8,55.5,False,False,False,False,False
2023-03-20,83.99166666666666,24,91.6,71.8,False,False,False,False,False
2023-03-21,78.91666666666667,24,90.7,65.5,False,False,False,False,False
2023-03-22,77.6875,24,90.1,66.2,False,False,False,False,False
2023-03-23,74.55,24,88.1,56.8,False,False,False,False,False
2023-03-24,76.49583333333332,24,83.5,59.0,False,False,False,False,False
2023-03-25,67.35000000000001,24,81.3,49.6,False,False,False,False,False
2023-03-26,77.07083333333334,24,92.4,61.1,False,False,False,False,False
2023-03-27,53.479166666666664,24,70.6,34.7,False,False,False,False,False
2023-03-28,75.05,24,87.6,57.7,False,False,False,False,False
2023-03-29,87.27499999999999,24,93.3,72.3,False,False,False,False,False
2023-03-30,75.94583333333334,24,87.2,63.2,False,False,False,False,False
2023-03-31,87.04166666666667,24,92.8,78.1,False,False,False,False,False
2023-04-01,80.14166666666667,24,88.9,69.8,False,False,False,False,False
2023-04-02,66.24583333333334,24,83.8,45.7,False,False,False,False,False
2023-04-03,61.762499999999996,24,78.1,39.9,False,False,False,False,False
2023-04-04,56.34583333333333,24,77.0,34.9,False,False,False,False,False
2023-04-05,66.24583333333334,24,88.5,48.7,False,False,False,False,False
2023-04-06,79.69583333333334,24,94.8,54.4,False,False,False,False,False
2023-04-07,59.675000000000004,24,80.6,31.6,False,False,False,False,False
2023-04-08,68.21666666666667,24,88.5,42.3,False,False,False,False,False
2023-04-09,65.33749999999999,24,89.5,40.3,False,False,False,False,False
2023-04-10,71.86666666666666,24,92.4,47.8,False,False,False,False,False
2023-04-11,74.6375,24,90.7,52.3,False,False,False,False,False
2023-04-12,73.27083333333333,24,85.1,49.9,False,False,False,False,False
2023-04-13,60.55833333333334,24,78.4,37.6,False,False,False,False,False
2023-04-14,77.8,24,89.9,62.6,False,False,False,False,False
2023-04-15,74.37083333333334,24,87.8,50.0,False,False,False,False,False
2023-04-16,64.35000000000001,24,80.0,45.6,False,False,False,False,False
2023-04-17,69.2375,24,86.8,51.3,False,False,False,False,False
2023-04-18,69.53750000000001,24,80.9,57.5,False,False,False,False,False
2023-04-19,65.77083333333333,24,83.8,41.4,False,False,False,False,False
2023-04-20,61.083333333333336,24,81.1,28.1,False,False,False,False,False
2023-04-21,77.21666666666667,24,88.3,58.1,False,False,False,False,False
2023-04-22,70.95,24,91.3,47.5,False,False,False,False,False
2023-04-23,79.675,24,91.2,52.1,False,False,False,False,False
2023-04-24,76.6875,24,91.1,53.1,False,False,False,False,False
2023-04-25,56.28333333333333,24,76.1,35.4,False,False,False,False,False
2023-04-26,58.229166666666664,24,74.3,43.8,False,False,False,False,False
2023-04-27,70.27916666666667,24,93.3,44.7,False,False,False,False,False
2023-04-28,78.49583333333334,24,94.9,59.3,False,False,False,False,False
2023-04-29,66.45416666666667,24,83.5,45.1,False,False,False,False,False
2023-04-30,62.92083333333333,24,84.7,43.0,False,False,False,False,False
2023-05-01,66.6375,24,83.3,50.9,False,False,False,False,False
2023-05-02,69.54166666666667,24,83.8,52.8,False,False,False,False,False
2023-05-03,64.7625,24,81.7,43.5,False,False,False,False,False
2023-05-04,69.08333333333333,24,83.5,50.9,False,False,False,False,False
2023-05-05,73.77916666666667,24,86.4,55.2,False,False,False,False,False
2023-05-06,87.175,24,91.9,81.6,False,False,False,False,False
2023-05-07,75.45416666666667,24,92.7,52.3,False,False,False,False,False
2023-05-08,81.79583333333333,24,93.2,72.0,False,False,False,False,False
2023-05-09,82.4875,24,95.1,65.0,False,False,False,False,False
2023-05-10,78.32916666666667,24,93.1,57.5,False,False,False,False,False
2023-05-11,73.73636363636363,22,91.0,50.5,False,False,False,False,False
2023-05-12,81.8875,24,89.1,69.1,False,False,False,False,False
2023-05-13,82.68333333333334,24,87.6,73.5,False,False,False,False,False
2023-05-14,68.89999999999999,24,90.6,43.1,False,False,False,False,False
2023-05-15,57.97083333333333,24,85.3,44.0,False,False,False,False,False
2023-05-16,57.6875,24,80.6,41.9,False,False,False,False,False
2023-05-17,64.99166666666666,24,81.2,45.8,False,False,False,False,False
2023-05-18,56.2125,24,72.4,43.0,False,False,False,False,False
2023-05-19,60.4375,24,75.8,40.6,False,False,False,False,False
2023-05-20,58.42083333333333,24,86.5,36.0,False,False,False,False,False
2023-05-21,59.05416666666667,24,83.2,46.4,False,False,False,False,False
2023-05-22,56.57083333333333,24,70.4,39.5,False,False,False,False,False
2023-05-23,60.791666666666664,24,83.5,41.2,False,False,False,False,False
2023-05-24,59.05833333333334,24,81.5,41.7,False,False,False,False,False
2023-05-25,59.225,24,73.8,50.7,False,False,False,False,False
2023-05-26,58.0875,24,73.7,38.0,False,False,False,False,False
2023-05-27,62.55416666666667,24,85.2,38.2,False,False,False,False,False
2023-05-28,50.375,24,80.9,22.3,False,False,False,False,False
2023-05-29,56.475,24,72.4,38.2,False,False,False,False,False
2023-05-30,65.26666666666667,24,72.3,53.1,False,False,False,False,False
2023-05-31,72.28750000000001,24,88.6,58.6,False,False,False,False,False
2023-06-01,68.32083333333334,24,80.6,50.0,False,False,False,False,False
2023-06-02,57.94166666666666,24,70.6,43.0,False,False,False,False,False
2023-06-03,63.21666666666667,24,86.7,43.3,False,False,False,False,False
2023-06-04,58.29583333333333,24,80.1,37.4,False,False,False,False,False
2023-06-05,65.18333333333334,24,75.7,52.9,False,False,False,False,False
2023-06-06,64.45,24,71.2,54.7,False,False,False,False,False
2023-06-07,67.58749999999999,24,77.3,52.3,False,False,False,False,False
2023-06-08,62.925000000000004,24,77.8,40.4,False,False,False,False,False
2023-06-09,64.79583333333333,24,83.8,44.7,False,False,False,False,False
2023-06-10,54.4125,24,80.7,28.6,False,False,False,False,False
2023-06-11,59.72083333333333,24,82.1,32.2,False,False,False,False,False
2023-06-12,67.77916666666667,24,87.6,49.2,False,False,False,False,False
2023-06-13,41.3375,24,62.3,24.4,True,True,False,False,False
2023-06-14,45.9375,24,76.9,23.0,False,False,False,False,False
2023-06-15,49.29583333333333,24,73.8,29.3,False,False,False,False,False
2023-06-16,43.87083333333334,24,62.0,26.3,False,True,False,False,False
2023-06-17,53.51666666666667,24,65.5,39.1,False,True,False,False,False
2023-06-18,75.7,24,90.0,52.0,False,False,False,False,False
2023-06-19,68.19166666666666,24,91.4,46.2,False,False,False,False,False
2023-06-20,70.41250000000001,24,93.4,57.0,False,False,False,False,False
2023-06-21,65.96666666666667,24,86.3,46.8,False,False,False,False,False
2023-06-22,60.39166666666667,24,86.9,31.4,False,False,False,False,False
2023-06-23,57.06666666666666,24,76.0,35.7,False,False,False,False,False
2023-06-24,64.80833333333334,24,86.9,48.1,False,False,False,False,False
2023-06-25,51.09583333333333,24,64.9,35.1,False,True,False,False,False
2023-06-26,55.275,24,84.6,38.1,False,False,False,False,False
2023-06-27,62.725,24,76.5,48.8,False,False,False,False,False
2023-06-28,75.19166666666666,24,84.0,56.6,False,False,False,False,False
2023-06-29,66.68333333333334,24,96.1,38.1,False,False,False,False,False
2023-06-30,70.3,24,85.6,52.0,False,False,False,False,False
2023-07-01,65.14583333333333,24,89.6,42.8,False,False,False,False,False
2023-07-02,56.5,24,81.3,38.2,False,False,False,False,False
2023-07-03,61.12083333333334,24,79.1,43.6,False,False,False,False,False
2023-07-04,76.97083333333333,24,94.9,53.2,False,False,False,False,False
2023-07-05,69.08333333333333,24,93.2,39.6,False,False,False,False,False
2023-07-06,58.48333333333333,24,82.2,39.3,False,False,False,False,False
2023-07-07,46.03333333333333,24,65.9,28.1,False,True,False,False,False
2023-07-08,64.48333333333333,24,78.7,52.0,False,False,False,False,False
2023-07-09,67.47500000000001,24,84.9,51.4,False,False,False,False,False
2023-07-10,64.39999999999999,24,85.5,40.9,False,False,False,False,False
2023-07-11,67.72916666666667,24,88.4,46.5,False,False,False,False,False
2023-07-12,71.16666666666667,24,86.8,52.5,False,False,False,False,False
2023-07-13,71.70833333333333,24,84.4,56.7,False,False,False,False,False
2023-07-14,82.46666666666667,24,93.0,68.8,False,False,False,False,False
2023-07-15,69.64999999999999,24,85.7,51.0,False,False,False,False,False
2023-07-16,64.65416666666667,24,89.3,46.0,False,False,False,False,False
2023-07-17,68.45416666666667,24,89.7,41.5,False,False,False,False,False
2023-07-18,63.3375,24,80.0,47.8,False,False,False,False,False
2023-07-19,64.41666666666667,24,90.8,44.6,False,False,False,False,False
2023-07-20,52.291666666666664,24,68.8,33.0,False,True,False,False,False
2023-07-21,56.50833333333333,24,67.9,47.9,False,True,False,False,False
2023-07-22,80.02916666666667,24,92.0,61.1,False,False,False,False,False
2023-07-23,73.9875,24,90.9,56.3,False,False,False,False,False
2023-07-24,77.53333333333333,24,87.5,64.6,False,False,False,False,False
2023-07-25,59.84166666666667,24,81.6,42.5,False,False,False,False,False
2023-07-26,67.65416666666667,24,94.8,38.5,False,False,False,False,False
2023-07-27,84.1125,24,92.2,74.3,False,False,False,False,False
2023-07-28,75.9375,24,89.7,62.1,False,False,False,False,False
2023-07-29,66.9375,24,90.1,45.1,False,False,False,False,False
2023-07-30,77.10833333333333,24,93.1,55.1,False,False,False,False,False
2023-07-31,79.45,24,90.9,61.3,False,False,False,False,False
2023-08-01,71.47500000000001,24,88.2,45.7,False,False,False,False,False
2023-08-02,85.87916666666666,24,95.9,68.5,False,False,False,False,False
2023-08-03,66.94583333333334,24,92.3,47.8,False,False,False,False,False
2023-08-04,70.68333333333334,24,83.5,58.9,False,False,False,False,False
2023-08-05,82.85416666666667,24,92.3,70.4,False,False,False,False,False
2023-08-06,67.26666666666667,24,85.1,48.9,False,False,False,False,False
2023-08-07,64.075,24,89.2,41.4,False,False,False,False,False
2023-08-08,86.36666666666667,24,94.7,70.3,False,False,False,False,False
2023-08-09,69.91666666666667,24,95.5,46.7,False,False,False,False,False
2023-08-10,64.22916666666667,24,83.4,47.0,False,False,False,False,False
2023-08-11,71.05,24,86.7,56.7,False,False,False,False,False
2023-08-12,72.10000000000001,24,87.8,56.8,False,False,False,False,False
2023-08-13,68.68333333333334,24,82.5,53.3,False,False,False,False,False
2023-08-14,78.64166666666667,24,90.1,61.3,False,False,False,False,False
2023-08-15,70.75,24,87.1,47.0,False,False,False,False,False
2023-08-16,60.612500000000004,24,86.8,34.9,False,False,False,False,False
2023-08-17,70.30833333333334,24,86.0,51.0,False,False,False,False,False
2023-08-18,79.9875,24,94.2,67.6,False,False,False,False,False
2023-08-19,71.88333333333334,24,94.2,55.1,False,False,False,False,False
2023-08-20,69.72500000000001,24,90.6,49.0,False,False,False,False,False
2023-08-21,73.77083333333333,24,93.9,54.0,False,False,False,False,False
2023-08-22,68.75416666666666,24,89.9,43.0,False,False,False,False,False
2023-08-23,62.25,24,82.7,38.5,False,False,False,False,False
2023-08-24,72.17083333333333,24,84.9,51.5,False,False,False,False,False
2023-08-25,59.1,24,79.8,43.4,False,False,False,False,False
2023-08-26,79.91666666666667,24,94.2,60.1,False,False,False,False,False
2023-08-27,71.67916666666666,24,91.9,52.5,False,False,False,False,False
2023-08-28,67.55,24,88.1,48.6,False,False,False,False,False
2023-08-29,69.6375,24,92.1,47.1,False,False,False,False,False
2023-08-30,65.74583333333334,24,88.2,43.5,False,False,False,False,False
2023-08-31,79.57083333333334,24,86.3,65.5,False,False,False,False,False
2023-09-01,82.1875,24,93.5,66.0,False,False,False,False,False
2023-09-02,75.5125,24,92.0,57.0,False,False,False,False,False
2023-09-03,72.02499999999999,24,89.3,46.7,False,False,False,False,False
2023-09-04,66.175,24,95.2,29.0,False,False,False,False,False
2023-09-05,62.31666666666666,24,85.3,37.3,False,False,False,False,False
2023-09-06,63.31666666666667,24,77.2,43.7,False,False,False,False,False
2023-09-07,63.01666666666667,24,85.4,35.5,False,False,False,False,False
2023-09-08,60.39166666666667,24,73.7,44.3,False,False,False,False,False
2023-09-09,56.104166666666664,24,76.1,36.8,False,False,False,False,False
2023-09-10,65.82916666666667,24,82.0,50.7,False,False,False,False,False
2023-09-11,73.27499999999999,24,89.0,53.9,False,False,False,False,False
2023-09-12,79.27916666666667,24,89.8,60.2,False,False,False,False,False
2023-09-13,69.39583333333333,24,85.9,52.1,False,False,False,False,False
2023-09-14,67.66666666666667,24,87.2,42.8,False,False,False,False,False
2023-09-15,67.38333333333334,24,89.7,44.1,False,False,False,False,False
2023-09-16,65.27499999999999,24,87.1,39.6,False,False,False,False,False
2023-09-17,83.22500000000001,24,91.9,72.5,False,False,False,False,False
2023-09-18,77.3875,24,93.0,54.4,False,False,False,False,False
2023-09-19,77.8,24,82.3,70.7,False,False,False,False,False
2023-09-20,80.50833333333334,24,94.9,62.2,False,False,False,False,False
2023-09-21,80.78750000000001,24,91.2,61.1,False,False,False,False,False
2023-09-22,79.29583333333333,24,94.4,52.8,False,False,False,False,False
2023-09-23,69.50833333333334,24,89.3,45.6,False,False,False,False,False
2023-09-24,71.81666666666666,24,79.8,63.1,False,False,False,False,False
2023-09-25,71.5625,24,90.4,50.8,False,False,False,False,False
2023-09-26,74.89999999999999,24,89.4,44.6,False,False,False,False,False
2023-09-27,76.52083333333333,24,90.7,61.9,False,False,False,False,False
2023-09-28,71.13333333333334,24,88.9,57.4,False,False,False,False,False
2023-09-29,71.96249999999999,24,92.3,49.1,False,False,False,False,False
2023-09-30,72.53333333333333,24,86.2,55.7,False,False,False,False,False
2023-10-01,79.8625,24,88.1,69.7,False,False,False,False,False
2023-10-02,88.9875,24,96.3,78.0,False,False,False,False,False
2023-10-03,73.33333333333333,24,88.3,50.4,False,False,False,False,False
2023-10-04,74.85416666666667,24,90.9,55.5,False,False,False,False,False
2023-10-05,72.19166666666666,24,79.6,61.2,False,False,False,False,False
2023-10-06,76.36666666666666,24,87.7,59.4,False,False,False,False,False
2023-10-07,72.17916666666666,24,83.6,50.7,False,False,False,False,False
2023-10-08,68.90833333333333,24,84.2,46.8,False,False,False,False,False
2023-10-09,71.38333333333334,24,81.8,53.5,False,False,False,False,False
2023-10-10,76.84583333333333,24,88.8,55.8,False,False,False,False,False
2023-10-11,82.33749999999999,24,94.5,69.9,False,False,False,False,False
2023-10-12,94.125,24,96.7,90.0,False,False,False,False,False
2023-10-13,78.85833333333333,12,96.0,66.9,False,False,False,False,False
2023-10-14,72.99583333333334,24,87.4,47.8,False,False,False,False,False
2023-10-15,66.51666666666667,24,88.4,43.0,False,False,False,False,False
2023-10-16,71.02083333333333,24,83.6,53.1,False,False,False,False,False
2023-10-17,62.887499999999996,24,75.8,51.5,False,False,False,False,False
2023-10-18,80.825,24,96.5,67.8,False,False,False,False,False
2023-10-19,86.14166666666667,24,92.8,76.2,False,False,False,False,False
2023-10-20,88.46249999999999,24,97.0,69.0,False,False,False,False,False
2023-10-21,89.03333333333335,24,94.1,79.0,False,False,False,False,False
2023-10-22,78.41666666666667,24,92.5,54.6,False,False,False,False,False
2023-10-23,84.375,24,93.9,69.7,False,False,False,False,False
2023-10-24,84.21249999999999,24,95.7,61.6,False,False,False,False,False
2023-10-25,81.79583333333333,24,93.0,65.6,False,False,False,False,False
2023-10-26,85.90416666666665,24,96.8,67.3,False,False,False,False,False
2023-10-27,86.38333333333333,24,95.4,69.2,False,False,False,False,False
2023-10-28,86.91666666666667,24,93.6,72.9,False,False,False,False,False
2023-10-29,85.93333333333334,24,92.0,80.2,False,False,False,False,False
2023-10-30,84.72916666666667,24,90.5,71.5,False,False,False,False,False
2023-10-31,87.52499999999999,24,93.5,69.1,False,False,False,False,False
2023-11-01,82.67083333333333,24,94.5,65.0,False,False,False,False,False
2023-11-02,86.22083333333335,24,95.0,73.3,False,False,False,False,False
2023-11-03,79.75833333333334,24,89.4,67.0,False,False,False,False,False
2023-11-04,86.8,24,94.1,77.5,False,False,False,False,False
2023-11-05,80.32083333333334,24,96.4,60.9,False,False,False,False,False
2023-11-06,77.1125,24,86.2,64.1,False,False,False,False,False
2023-11-07,81.14583333333333,24,89.3,67.5,False,False,False,False,False
2023-11-08,85.79583333333333,24,92.3,75.6,False,False,False,False,False
2023-11-09,79.34583333333333,24,89.4,67.3,False,False,False,False,False
2023-11-10,80.69166666666666,24,86.7,71.4,False,False,False,False,False
2023-11-11,83.3625,24,93.4,60.3,False,False,False,False,False
2023-11-12,89.47083333333335,24,95.3,76.4,False,False,False,False,False
2023-11-13,78.39583333333333,24,97.8,58.1,False,False,False,False,False
2023-11-14,84.09583333333333,24,91.1,75.6,False,False,False,False,False
2023-11-15,78.49166666666666,24,91.2,58.3,False,False,False,False,False
2023-11-16,86.31666666666666,24,92.0,78.5,False,False,False,False,False
2023-11-17,85.73333333333333,24,94.8,74.2,False,False,False,False,False
2023-11-18,88.55833333333334,24,94.9,80.4,False,False,False,False,False
2023-11-19,77.07916666666667,24,90.9,67.6,False,False,False,False,False
2023-11-20,82.24583333333334,24,91.1,72.4,False,False,False,False,False
2023-11-21,82.9375,24,93.0,74.2,False,False,False,False,False
2023-11-22,85.18333333333334,24,92.9,76.1,False,False,False,False,False
2023-11-23,83.18333333333332,24,92.0,70.5,False,False,False,False,False
2023-11-24,60.39565217391304,23,75.7,44.7,False,False,False,False,False
2023-11-25,70.91250000000001,24,81.1,54.8,False,False,False,False,False
2023-11-26,88.03333333333335,24,97.4,74.9,False,False,False,False,False
2023-11-27,89.08333333333333,24,98.3,82.8,False,False,False,False,False
2023-11-28,81.69166666666666,24,89.8,68.2,False,False,False,False,False
2023-11-29,77.20416666666667,24,90.4,57.9,False,False,False,False,False
2023-11-30,80.96666666666667,24,93.9,67.2,False,False,False,False,False
2023-12-01,85.57083333333333,24,92.4,71.6,False,False,False,False,False
2023-12-02,92.64166666666667,24,96.1,85.1,False,False,False,False,False
2023-12-03,87.94583333333333,24,93.7,69.5,False,False,False,False,False
2023-12-04,90.09166666666665,24,93.4,87.0,False,False,False,False,False
2023-12-05,88.19166666666666,24,95.5,82.9,False,False,False,False,False
2023-12-06,87.02499999999999,24,94.0,78.3,False,False,False,False,False
2023-12-07,83.38333333333334,24,93.6,69.5,False,False,False,False,False
2023-12-08,83.56666666666666,24,94.4,73.0,False,False,False,False,False
2023-12-09,78.62916666666666,24,93.6,58.8,False,False,False,False,False
2023-12-10,77.36666666666666,24,89.7,60.6,False,False,False,False,False
2023-12-11,76.8625,24,90.5,69.4,False,False,False,False,False
2023-12-12,90.1875,24,95.5,82.9,False,False,False,False,False
2023-12-13,86.7375,24,95.4,76.0,False,False,False,False,False
2023-12-14,89.12083333333334,24,95.4,82.2,False,False,False,False,False
2023-12-15,79.74166666666666,24,93.0,68.8,False,False,False,False,False
2023-12-16,88.13333333333333,24,93.4,79.6,False,False,False,False,False
2023-12-17,78.67916666666666,24,88.6,73.8,False,False,False,False,False
2023-12-18,79.24166666666666,24,86.7,74.0,False,False,False,False,False
2023-12-19,87.65416666666665,24,95.5,69.6,False,False,False,False,False
2023-12-20,81.4375,24,86.3,75.6,False,False,False,False,False
2023-12-21,70.69545454545454,22,83.6,56.3,False,False,False,False,False
2023-12-22,71.06666666666668,24,90.2,60.0,False,False,False,False,False
2023-12-23,73.55833333333334,24,80.2,65.6,False,False,False,False,False
2023-12-24,81.075,24,88.2,75.5,False,False,False,False,False
2023-12-25,87.17083333333333,24,95.4,79.2,False,False,False,False,False
2023-12-26,76.63333333333334,24,82.8,69.9,False,False,False,False,False
2023-12-27,83.89583333333333,24,94.9,70.5,False,False,False,False,False
2023-12-28,73.12083333333334,24,83.1,66.0,False,False,False,False,False
2023-12-29,73.39166666666667,24,81.6,65.7,False,False,False,False,False
2023-12-30,82.14999999999999,24,91.7,76.9,False,False,False,False,False
2023-12-31,80.10000000000001,24,90.1,66.1,False,False,False,False,False
2024-01-01,78.63333333333334,24,92.1,69.5,False,False,False,False,False
2024-01-02,82.47916666666667,24,95.2,68.0,False,False,False,False,False
2024-01-03,77.99583333333334,24,89.9,70.8,False,False,False,False,False
2024-01-04,84.46666666666667,24,94.3,73.8,False,False,False,False,False
2024-01-05,83.72500000000001,24,92.2,77.0,False,False,False,False,False
2024-01-06,79.26666666666667,24,86.0,74.3,False,False,False,False,False
2024-01-07,66.59583333333333,24,74.9,57.9,False,False,False,False,False
2024-01-08,62.00833333333333,24,74.7,55.0,False,False,False,False,False
2024-01-09,63.03333333333333,24,68.2,57.1,False,True,False,False,False
2024-01-10,60.487500000000004,24,70.8,48.6,False,False,False,False,False
2024-01-11,78.95833333333333,24,89.7,68.6,False,False,False,False,False
2024-01-12,77.82083333333334,24,88.4,74.1,False,False,False,False,False
2024-01-13,82.0,24,85.5,77.2,False,False,False,False,False
2024-01-14,80.84583333333333,24,90.6,65.0,False,False,False,False,False
2024-01-15,68.46666666666667,24,80.6,55.9,False,False,False,False,False
2024-01-16,67.97083333333333,24,78.9,52.6,False,False,False,False,False
2024-01-17,71.83333333333333,24,78.6,63.3,False,False,False,False,False
2024-01-18,66.3125,24,76.5,53.1,False,False,False,False,False
2024-01-19,73.1375,24,83.2,56.5,False,False,False,False,False
2024-01-20,68.55,24,80.0,53.6,False,False,False,False,False
2024-01-21,77.67916666666666,24,92.1,52.8,False,False,False,False,False
2024-01-22,71.70416666666667,24,88.4,60.1,False,False,False,False,False
2024-01-23,83.37083333333334,24,90.6,69.7,False,False,False,False,False
2024-01-24,66.27083333333333,24,84.0,55.7,False,False,False,False,False
2024-01-25,85.5125,24,92.5,77.1,False,False,False,False,False
2024-01-26,66.14782608695653,23,91.4,45.8,False,False,False,False,False
2024-01-27,76.73333333333333,24,84.9,70.3,False,False,False,False,False
2024-01-28,79.73333333333333,24,88.9,66.5,False,False,False,False,False
2024-01-29,87.13333333333333,24,92.8,81.4,False,False,False,False,False
2024-01-30,77.28333333333333,24,88.2,70.1,False,False,False,False,False
2024-01-31,72.9375,24,90.2,62.9,False,False,False,False,False
2024-02-01,71.34166666666667,24,88.2,56.6,False,False,False,False,False
2024-02-02,82.63333333333334,24,92.6,71.3,False,False,False,False,False
2024-02-03,83.11666666666666,24,93.0,78.8,False,False,False,False,False
2024-02-04,84.175,24,93.8,70.6,False,False,False,False,False
2024-02-05,74.07083333333334,24,77.6,70.0,False,False,False,False,False
2024-02-06,75.32083333333334,24,87.9,65.6,False,False,False,False,False
2024-02-07,85.03333333333333,24,92.9,79.3,False,False,False,False,False
2024-02-08,90.55416666666667,24,96.3,79.9,False,False,False,False,False
2024-02-09,88.13333333333333,24,93.8,77.5,False,False,False,False,False
2024-02-10,84.85416666666667,24,93.5,68.9,False,False,False,False,False
2024-02-11,82.36666666666666,24,91.7,66.1,False,False,False,False,False
2024-02-12,73.0125,24,89.1,46.7,False,False,False,False,False
2024-02-13,83.15416666666667,24,91.3,75.4,False,False,False,False,False
2024-02-14,87.6875,24,92.2,85.6,False,False,False,False,False
2024-02-15,80.04166666666667,24,94.3,56.7,False,False,False,False,False
2024-02-16,78.29583333333333,24,94.8,65.2,False,False,False,False,False
2024-02-17,83.70833333333333,24,94.7,75.7,False,False,False,False,False
2024-02-18,84.1875,24,95.5,63.7,False,False,False,False,False
2024-02-19,77.05416666666666,24,96.8,56.3,False,False,False,False,False
2024-02-20,81.55416666666666,24,90.7,70.6,False,False,False,False,False
2024-02-21,84.53333333333333,24,89.9,79.5,False,False,False,False,False
2024-02-22,86.7375,24,92.4,78.9,False,False,False,False,False
2024-02-23,79.52083333333333,24,88.6,59.9,False,False,False,False,False
2024-02-24,81.2,24,91.0,66.7,False,False,False,False,False
2024-02-25,84.85416666666667,24,92.2,70.0,False,False,False,False,False
2024-02-26,71.26666666666667,24,85.9,57.0,False,False,False,False,False
2024-02-27,76.41666666666667,24,89.0,59.6,False,False,False,False,False
2024-02-28,85.05,24,93.4,67.7,False,False,False,False,False
2024-02-29,85.35833333333333,24,93.9,66.9,False,False,False,False,False
2024-03-01,79.89999999999999,24,88.6,61.2,False,False,False,False,False
2024-03-02,80.31666666666666,24,90.0,66.0,False,False,False,False,False
2024-03-03,74.42083333333333,24,92.2,49.0,False,False,False,False,False
2024-03-04,71.29583333333333,24,88.2,42.0,False,False,False,False,False
2024-03-05,80.8875,24,94.1,64.4,False,False,False,False,False
2024-03-06,81.2375,24,94.1,60.5,False,False,False,False,False
2024-03-07,78.55416666666666,24,94.9,62.6,False,False,False,False,False
2024-03-08,72.3125,24,83.6,55.1,False,False,False,False,False
2024-03-09,71.39166666666667,24,80.8,59.6,False,False,False,False,False
2024-03-10,90.65416666666665,24,94.8,85.8,False,False,False,False,False
2024-03-11,86.92083333333333,24,93.7,79.8,False,False,False,False,False
2024-03-12,88.22500000000001,24,94.5,81.6,False,False,False,False,False
2024-03-13,80.30833333333334,24,87.0,72.6,False,False,False,False,False
2024-03-14,79.32916666666667,24,88.1,57.5,False,False,False,False,False
2024-03-15,78.37916666666666,24,85.8,64.2,False,False,False,False,False
2024-03-16,67.1875,24,86.8,50.0,False,False,False,False,False
2024-03-17,85.95,24,93.7,68.9,False,False,False,False,False
2024-03-18,81.10416666666667,24,91.3,66.8,False,False,False,False,False
2024-03-19,81.33749999999999,24,89.8,75.6,False,False,False,False,False
2024-03-20,73.15833333333333,24,88.4,50.8,False,False,False,False,False
2024-03-21,76.4375,24,86.1,60.5,False,False,False,False,False
2024-03-22,71.59583333333333,24,88.8,48.2,False,False,False,False,False
2024-03-23,62.762499999999996,24,78.5,46.2,False,False,False,False,False
2024-03-24,57.395833333333336,24,74.7,35.4,False,False,False,False,False
2024-03-25,66.03750000000001,24,85.0,48.6,False,False,False,False,False
2024-03-26,69.575,24,93.5,48.4,False,False,False,False,False
2024-03-27,75.3875,24,90.8,52.3,False,False,False,False,False
2024-03-28,77.3875,24,85.7,66.8,False,False,False,False,False
2024-03-29,73.64999999999999,24,88.6,52.3,False,False,False,False,False
2024-03-30,66.26666666666667,24,91.4,37.1,False,False,False,False,False
2024-03-31,79.42083333333333,24,92.2,65.2,False,False,False,False,False
2024-04-01,73.63333333333334,24,87.2,58.9,False,False,False,False,False
2024-04-02,78.96666666666667,24,92.2,56.9,False,False,False,False,False
2024-04-03,77.61666666666666,24,92.1,60.3,False,False,False,False,False
2024-04-04,79.27916666666667,24,93.2,58.4,False,False,False,False,False
2024-04-05,74.97500000000001,24,89.8,57.1,False,False,False,False,False
2024-04-06,62.800000000000004,24,79.8,50.3,False,False,False,False,False
2024-04-07,63.38333333333333,24,73.5,54.2,False,False,False,False,False
2024-04-08,72.85000000000001,24,87.1,46.7,False,False,False,False,False
2024-04-09,66.825,24,86.0,42.2,False,False,False,False,False
2024-04-10,79.31666666666668,24,90.9,57.7,False,False,False,False,False
2024-04-11,81.30833333333334,24,90.0,68.3,False,False,False,False,False
2024-04-12,67.62083333333334,24,84.3,55.6,False,False,False,False,False
2024-04-13,67.3875,24,87.4,35.6,False,False,False,False,False
2024-04-14,59.19166666666666,24,81.3,39.1,False,False,False,False,False
2024-04-15,61.57916666666667,24,83.3,38.6,False,False,False,False,False
2024-04-16,65.7375,24,88.4,47.3,False,False,False,False,False
2024-04-17,66.8,24,87.5,48.0,False,False,False,False,False
2024-04-18,64.77083333333333,24,84.6,44.4,False,False,False,False,False
2024-04-19,72.71249999999999,24,86.1,55.3,False,False,False,False,False
2024-04-20,60.12083333333334,24,70.1,50.5,False,False,False,False,False
2024-04-21,63.14166666666667,24,77.8,51.2,False,False,False,False,False
2024-04-22,68.35833333333333,24,81.7,57.3,False,False,False,False,False
2024-04-23,75.25833333333334,24,91.5,59.9,False,False,False,False,False
2024-04-24,60.01666666666667,24,76.5,49.4,False,False,False,False,False
2024-04-25,72.5,24,90.2,55.1,False,False,False,False,False
2024-04-26,62.62916666666666,24,81.8,44.3,False,False,False,False,False
2024-04-27,82.5625,24,91.9,67.2,False,False,False,False,False
2024-04-28,79.16666666666667,24,93.1,48.7,False,False,False,False,False
2024-04-29,63.637499999999996,24,87.9,38.4,False,False,False,False,False
2024-04-30,64.04166666666667,24,86.1,50.2,False,False,False,False,False
2024-05-01,77.8125,24,96.0,58.5,False,False,False,False,False
2024-05-02,84.33749999999999,24,90.8,73.5,False,False,False,False,False
2024-05-03,84.71249999999999,24,94.9,71.0,False,False,False,False,False
2024-05-04,68.85833333333333,24,91.5,47.7,False,False,False,False,False
2024-05-05,69.34166666666667,24,85.3,41.9,False,False,False,False,False
2024-05-06,84.39166666666667,24,89.4,76.1,False,False,False,False,False
2024-05-07,65.33749999999999,24,84.6,43.8,False,False,False,False,False
2024-05-08,70.22083333333333,24,91.2,47.7,False,False,False,False,False
2024-05-09,66.95416666666667,24,88.4,42.6,False,False,False,False,False
2024-05-10,61.4,24,77.7,47.0,False,False,False,False,False
2024-05-11,70.8,24,92.5,48.3,False,False,False,False,False
2024-05-12,61.854166666666664,24,83.7,42.2,False,False,False,False,False
2024-05-13,73.33749999999999,24,85.8,63.7,False,False,False,False,False
2024-05-14,76.22083333333333,24,91.5,62.6,False,False,False,False,False
2024-05-15,66.11666666666666,24,88.5,43.8,False,False,False,False,False
2024-05-16,82.77499999999999,24,91.7,68.8,False,False,False,False,False
2024-05-17,66.5,24,92.3,46.2,False,False,False,False,False
2024-05-18,73.10833333333333,24,86.7,44.2,False,False,False,False,False
2024-05-19,62.675000000000004,24,84.0,41.7,False,False,False,False,False
2024-05-20,65.03750000000001,24,85.3,46.8,False,False,False,False,False
2024-05-21,87.5625,24,95.7,76.8,False,False,False,False,False
2024-05-22,91.02916666666665,24,96.4,83.6,False,False,False,False,False
2024-05-23,70.61666666666666,24,90.9,52.8,False,False,False,False,False
2024-05-24,60.550000000000004,24,76.8,42.0,False,False,False,False,False
2024-05-25,56.27916666666667,24,77.1,39.8,False,False,False,False,False
2024-05-26,73.04583333333333,24,92.8,52.2,False,False,False,False,False
2024-05-27,72.36666666666666,24,87.3,52.0,False,False,False,False,False
2024-05-28,86.41250000000001,24,90.3,77.6,False,False,False,False,False
2024-05-29,66.82083333333334,24,86.2,48.4,False,False,False,False,False
2024-05-30,69.14166666666667,24,78.1,53.1,False,False,False,False,False
2024-05-31,73.52499999999999,24,82.3,66.0,False,False,False,False,False
2024-06-01,69.9375,24,79.8,61.8,False,False,False,False,False
2024-06-02,56.979166666666664,24,81.2,31.0,False,False,False,False,False
2024-06-03,66.66666666666667,24,79.3,53.7,False,False,False,False,False
2024-06-04,72.64166666666667,24,83.9,59.9,False,False,False,False,False
2024-06-05,55.69583333333333,24,83.7,35.0,False,False,False,False,False
2024-06-06,57.82916666666667,24,76.3,43.9,False,False,False,False,False
2024-06-07,62.81666666666666,24,81.1,45.7,False,False,False,False,False
2024-06-08,60.0375,24,82.9,38.9,False,False,False,False,False
2024-06-09,57.80833333333334,24,73.6,44.6,False,False,False,False,False
2024-06-10,70.7,24,91.5,51.1,False,False,False,False,False
2024-06-11,62.38333333333333,24,80.0,44.5,False,False,False,False,False
2024-06-12,59.75416666666666,24,79.7,43.8,False,False,False,False,False
2024-06-13,65.83749999999999,24,86.1,42.9,False,False,False,False,False
2024-06-14,68.9875,24,90.3,48.4,False,False,False,False,False
2024-06-15,75.72916666666667,24,86.1,55.7,False,False,False,False,False
2024-06-16,63.52916666666667,24,81.9,40.3,False,False,False,False,False
2024-06-17,58.99583333333334,24,80.3,35.9,False,False,False,False,False
2024-06-18,58.70416666666667,24,75.1,46.0,False,False,False,False,False
2024-06-19,61.88333333333333,24,81.1,40.7,False,False,False,False,False
2024-06-20,53.87083333333334,24,75.5,32.6,False,False,False,False,False
2024-06-21,58.21666666666667,24,75.2,40.6,False,False,False,False,False
2024-06-22,65.60833333333333,24,88.8,38.6,False,False,False,False,False
2024-06-23,62.70416666666667,24,78.0,50.1,False,False,False,False,False
2024-06-24,60.88333333333333,24,82.2,44.3,False,False,False,False,False
2024-06-25,52.324999999999996,24,71.0,36.9,False,False,False,False,False
2024-06-26,54.4,24,70.0,42.5,False,False,False,False,False
2024-06-27,59.40416666666667,24,79.7,42.7,False,False,False,False,False
2024-06-28,58.42916666666667,24,73.1,46.7,False,False,False,False,False
2024-06-29,49.40416666666667,24,72.9,29.5,False,False,False,False,False
2024-06-30,62.92083333333333,24,84.0,46.8,False,False,False,False,False
2024-07-01,60.59166666666667,24,69.7,51.4,False,False,False,False,False
2024-07-02,65.70416666666667,24,86.1,48.5,False,False,False,False,False
2024-07-03,73.19583333333334,24,82.5,62.0,False,False,False,False,False
2024-07-04,54.9375,24,81.3,37.6,False,False,False,False,False
2024-07-05,81.00833333333334,24,92.8,63.7,False,False,False,False,False
2024-07-06,75.44583333333334,24,92.4,54.1,False,False,False,False,False
2024-07-07,74.53333333333333,24,83.2,66.1,False,False,False,False,False
2024-07-08,74.75,24,91.7,56.8,False,False,False,False,False
2024-07-09,88.29166666666667,24,93.1,82.3,False,False,False,False,False
2024-07-10,70.56666666666666,24,88.9,54.8,False,False,False,False,False
2024-07-11,63.65833333333333,24,88.1,37.7,False,False,False,False,False
2024-07-12,66.71249999999999,24,84.8,49.4,False,False,False,False,False
2024-07-13,64.46249999999999,24,76.1,45.6,False,False,False,False,False
2024-07-14,64.0,24,86.6,44.1,False,False,False,False,False
2024-07-15,71.85416666666667,24,93.9,56.3,False,False,False,False,False
2024-07-16,77.89166666666667,24,90.6,61.2,False,False,False,False,False
2024-07-17,67.45,24,90.9,37.9,False,False,False,False,False
2024-07-18,62.09583333333333,24,83.7,44.2,False,False,False,False,False
2024-07-19,54.395833333333336,24,78.3,35.8,False,False,False,False,False
2024-07-20,75.05833333333334,24,90.6,62.5,False,False,False,False,False
2024-07-21,65.80833333333334,24,90.8,46.5,False,False,False,False,False
2024-07-22,70.85000000000001,24,80.2,56.9,False,False,False,False,False
2024-07-23,70.63913043478261,23,90.7,50.9,False,False,False,False,False
2024-07-24,68.58749999999999,24,82.6,50.9,False,False,False,False,False
2024-07-25,85.41666666666667,24,91.3,76.0,False,False,False,False,False
2024-07-26,68.63333333333334,24,88.7,47.1,False,False,False,False,False
2024-07-27,63.3125,24,84.2,41.5,False,False,False,False,False
2024-07-28,58.604166666666664,24,80.2,40.5,False,False,False,False,False
2024-07-29,55.583333333333336,24,76.6,38.9,False,False,False,False,False
2024-07-30,57.43333333333334,24,80.6,39.5,False,False,False,False,False
2024-07-31,58.387499999999996,24,70.3,46.5,False,False,False,False,False
2024-08-01,69.91666666666667,24,85.4,50.9,False,False,False,False,False
2024-08-02,74.19583333333334,24,93.2,47.0,False,False,False,False,False
2024-08-03,65.96249999999999,24,84.1,47.3,False,False,False,False,False
2024-08-04,62.791666666666664,24,77.5,49.9,False,False,False,False,False
2024-08-05,73.1375,24,86.4,58.4,False,False,False,False,False
2024-08-06,75.16666666666667,24,92.1,55.9,False,False,False,False,False
2024-08-07,68.34166666666667,24,82.8,52.4,False,False,False,False,False
2024-08-08,76.59166666666667,24,87.0,60.9,False,False,False,False,False
2024-08-09,66.59166666666667,24,88.4,48.8,False,False,False,False,False
2024-08-10,72.32916666666667,24,81.9,64.2,False,False,False,False,False
2024-08-11,66.91250000000001,24,90.9,53.0,False,False,False,False,False
2024-08-12,66.92083333333333,24,83.9,52.3,False,False,False,False,False
2024-08-13,66.02499999999999,24,82.0,48.5,False,False,False,False,False
2024-08-14,76.50833333333334,24,90.2,62.3,False,False,False,False,False
2024-08-15,77.6875,24,93.5,65.3,False,False,False,False,False
2024-08-16,69.23333333333333,24,93.0,47.1,False,False,False,False,False
2024-08-17,60.37916666666666,24,79.1,42.4,False,False,False,False,False
2024-08-18,64.1875,24,84.3,46.2,False,False,False,False,False
2024-08-19,73.02499999999999,24,85.2,63.1,False,False,False,False,False
2024-08-20,66.96666666666667,24,87.7,44.0,False,False,False,False,False
2024-08-21,68.16250000000001,24,83.2,52.7,False,False,False,False,False
2024-08-22,78.40416666666667,24,84.0,72.0,False,False,False,False,False
2024-08-23,66.675,24,89.2,47.1,False,False,False,False,False
2024-08-24,85.28333333333333,24,92.6,74.0,False,False,False,False,False
2024-08-25,71.86666666666666,24,89.2,52.3,False,False,False,False,False
2024-08-26,70.44166666666666,24,84.8,51.7,False,False,False,False,False
2024-08-27,67.52083333333333,24,91.0,45.7,False,False,False,False,False
2024-08-28,62.49166666666667,24,74.7,45.7,False,False,False,False,False
2024-08-29,64.72916666666667,24,86.8,47.5,False,False,False,False,False
2024-08-30,63.520833333333336,24,78.4,45.9,False,False,False,False,False
2024-08-31,71.39999999999999,24,78.1,53.2,False,False,False,False,False
2024-09-01,75.39166666666667,24,86.8,59.3,False,False,False,False,False
2024-09-02,83.3125,24,89.2,70.5,False,False,False,False,False
2024-09-03,79.64583333333333,24,92.9,65.5,False,False,False,False,False
2024-09-04,70.34583333333333,24,83.1,59.2,False,False,False,False,False
2024-09-05,87.0,24,94.4,77.0,False,False,False,False,False
2024-09-06,92.675,24,94.9,87.5,False,False,False,False,False
2024-09-07,82.50833333333334,24,93.6,70.1,False,False,False,False,False
2024-09-08,82.05416666666666,24,92.6,65.2,False,False,False,False,False
2024-09-09,75.89999999999999,24,90.8,61.5,False,False,False,False,False
2024-09-10,79.23333333333333,24,87.1,59.9,False,False,False,False,False
2024-09-11,71.60833333333333,24,88.5,45.6,False,False,False,False,False
2024-09-12,70.27083333333333,24,85.4,49.9,False,False,False,False,False
2024-09-13,65.89583333333333,24,88.6,42.0,False,False,False,False,False
2024-09-14,67.85833333333333,24,83.7,52.6,False,False,False,False,False
2024-09-15,74.75416666666666,24,87.5,58.5,False,False,False,False,False
2024-09-16,71.22916666666667,24,90.0,49.0,False,False,False,False,False
2024-09-17,66.34166666666667,24,81.8,50.0,False,False,False,False,False
2024-09-18,68.94583333333334,24,80.0,51.2,False,False,False,False,False
2024-09-19,72.08749999999999,24,84.7,44.0,False,False,False,False,False
2024-09-20,71.85416666666667,24,82.4,54.5,False,False,False,False,False
2024-09-21,75.95416666666667,24,87.6,54.1,False,False,False,False,False
2024-09-22,85.20416666666667,24,92.1,68.5,False,False,False,False,False
2024-09-23,83.02083333333333,24,95.1,68.1,False,False,False,False,False
2024-09-24,77.39166666666667,24,93.3,59.7,False,False,False,False,False
2024-09-25,80.54583333333333,24,93.1,66.8,False,False,False,False,False
2024-09-26,83.87083333333334,24,94.9,66.4,False,False,False,False,False
2024-09-27,74.10000000000001,24,89.4,50.4,False,False,False,False,False
2024-09-28,69.78750000000001,24,88.2,45.1,False,False,False,False,False
2024-09-29,69.50416666666666,24,83.3,53.3,False,False,False,False,False
2024-09-30,84.23333333333333,24,93.8,71.6,False,False,False,False,False
2024-10-01,85.23333333333333,24,93.4,74.7,False,False,False,False,False
2024-10-02,80.09166666666667,24,92.1,64.4,False,False,False,False,False
2024-10-03,72.2625,24,86.3,60.5,False,False,False,False,False
2024-10-04,73.73333333333333,24,90.8,49.9,False,False,False,False,False
2024-10-05,67.08333333333333,24,79.1,48.2,False,False,False,False,False
2024-10-06,81.02083333333333,24,93.8,71.0,False,False,False,False,False
2024-10-07,81.8875,24,94.2,64.2,False,False,False,False,False
2024-10-08,83.74166666666666,24,94.4,63.2,False,False,False,False,False
2024-10-09,82.05833333333334,24,89.7,68.1,False,False,False,False,False
2024-10-10,71.87916666666666,24,86.1,52.7,False,False,False,False,False
2024-10-11,70.50833333333334,24,91.3,45.0,False,False,False,False,False
2024-10-12,72.72083333333333,24,85.9,62.5,False,False,False,False,False
2024-10-13,70.81666666666666,24,77.7,60.7,False,False,False,False,False
2024-10-14,87.82916666666667,24,93.8,72.2,False,False,False,False,False
2024-10-15,88.07083333333333,24,93.8,76.5,False,False,False,False,False
2024-10-16,84.4875,24,92.6,69.7,False,False,False,False,False
2024-10-17,81.8,24,93.5,62.2,False,False,False,False,False
2024-10-18,87.36666666666667,24,97.8,63.9,False,False,False,False,False
2024-10-19,83.575,24,93.6,62.8,False,False,False,False,False
2024-10-20,83.37083333333334,24,90.2,76.9,False,False,False,False,False
2024-10-21,81.56666666666666,24,91.2,75.6,False,False,False,False,False
2024-10-22,84.65416666666667,24,92.7,71.4,False,False,False,False,False
2024-10-23,83.82083333333334,24,93.6,67.5,False,False,False,False,False
2024-10-24,83.39583333333333,24,93.4,64.1,False,False,False,False,False
2024-10-25,91.25416666666666,24,95.3,86.7,False,False,False,False,False
2024-10-26,88.36666666666667,24,93.7,76.9,False,False,False,False,False
2024-10-27,83.72916666666667,24,95.7,58.3,False,False,False,False,False
2024-10-28,88.44166666666666,24,94.1,83.3,False,False,False,False,False
2024-10-29,87.86666666666667,24,94.6,76.3,False,False,False,False,False
2024-10-30,78.19166666666666,24,83.9,69.9,False,False,False,False,False
2024-10-31,77.575,24,86.0,67.1,False,False,False,False,False
2024-11-01,77.88333333333334,24,86.4,71.7,False,False,False,False,False
2024-11-02,79.9875,24,90.3,73.0,False,False,False,False,False
2024-11-03,75.02916666666667,24,79.5,70.0,False,False,False,False,False
2024-11-04,76.74166666666666,24,85.3,70.1,False,False,False,False,False
2024-11-05,83.7,24,88.5,80.7,False,False,False,False,False
2024-11-06,91.325,24,94.4,88.9,False,False,False,False,False
2024-11-07,87.65416666666665,24,93.3,76.9,False,False,False,False,False
2024-11-08,80.40833333333333,24,83.5,77.0,False,False,False,False,False
2024-11-09,77.6375,24,83.2,71.2,False,False,False,False,False
2024-11-10,84.425,24,94.3,74.6,False,False,False,False,False
2024-11-11,75.32083333333334,24,93.6,54.6,False,False,False,False,False
2024-11-12,77.50416666666666,24,90.0,59.3,False,False,False,False,False
2024-11-13,81.53333333333333,24,89.7,70.5,False,False,False,False,False
2024-11-14,79.90833333333333,24,93.3,66.6,False,False,False,False,False
2024-11-15,76.92916666666666,24,89.6,72.8,False,False,False,False,False
2024-11-16,86.29583333333333,24,90.8,82.5,False,False,False,False,False
2024-11-17,82.5,24,90.5,68.6,False,False,False,False,False
2024-11-18,87.54166666666667,24,95.0,77.8,False,False,False,False,False
2024-11-19,89.53333333333335,24,94.9,83.0,False,False,False,False,False
2024-11-20,81.85833333333333,24,89.6,66.2,False,False,False,False,False
2024-11-21,77.40833333333333,24,88.4,59.5,False,False,False,False,False
2024-11-22,72.88333333333334,24,80.9,64.3,False,False,False,False,False
2024-11-23,85.15833333333333,24,90.1,74.4,False,False,False,False,False
2024-11-24,74.59583333333333,24,88.0,64.4,False,False,False,False,False
2024-11-25,76.55833333333334,24,89.9,57.3,False,False,False,False,False
2024-11-26,74.74166666666666,24,81.6,63.8,False,False,False,False,False
2024-11-27,88.68333333333334,24,96.2,79.7,False,False,False,False,False
2024-11-28,87.86666666666667,24,94.1,71.6,False,False,False,False,False
2024-11-29,78.08333333333333,24,90.6,56.6,False,False,False,False,False
2024-11-30,88.23333333333333,24,93.4,77.0,False,False,False,False,False
2024-12-01,88.75416666666666,24,93.3,83.1,False,False,False,False,False
2024-12-02,80.00833333333334,24,88.1,68.7,False,False,False,False,False
2024-12-03,79.4375,24,87.2,69.6,False,False,False,False,False
2024-12-04,86.64583333333333,24,92.3,80.7,False,False,False,False,False
2024-12-05,85.75,24,93.3,68.3,False,False,False,False,False
2024-12-06,72.99166666666666,24,90.8,65.5,False,False,False,False,False
2024-12-07,78.91250000000001,24,90.5,67.2,False,False,False,False,False
2024-12-08,83.78750000000001,24,87.4,79.3,False,False,False,False,False
2024-12-09,75.60833333333333,24,79.7,68.6,False,False,False,False,False
2024-12-10,78.05833333333334,24,90.0,69.6,False,False,False,False,False
2024-12-11,75.9625,24,83.2,69.9,False,False,False,False,False
2024-12-12,87.2625,24,93.6,69.0,False,False,False,False,False
2024-12-13,88.95833333333333,24,94.3,82.9,False,False,False,False,False
2024-12-14,85.1375,24,93.3,70.4,False,False,False,False,False
2024-12-15,86.43333333333334,24,91.0,82.1,False,False,False,False,False
2024-12-16,80.03333333333333,24,86.9,69.4,False,False,False,False,False
2024-12-17,87.64583333333333,24,93.4,81.9,False,False,False,False,False
2024-12-18,84.35833333333333,24,91.1,74.7,False,False,False,False,False
2024-12-19,77.58333333333333,24,87.6,67.7,False,False,False,False,False
2024-12-20,83.9,24,90.7,76.7,False,False,False,False,False
2024-12-21,82.71249999999999,24,91.7,67.9,False,False,False,False,False
2024-12-22,70.34166666666667,24,78.1,56.8,False,False,False,False,False
2024-12-23,74.18333333333334,24,94.7,62.0,False,False,False,False,False
2024-12-24,92.06666666666666,24,94.6,88.5,False,False,False,False,False
2024-12-25,90.29166666666667,24,93.2,85.8,False,False,False,False,False
2024-12-26,92.05833333333334,24,94.6,89.0,False,False,False,False,False
2024-12-27,96.09583333333335,24,97.0,93.3,False,False,False,False,False
2024-12-28,94.25416666666666,24,97.2,86.6,False,False,False,False,False
2024-12-29,92.72500000000001,24,97.1,80.7,False,False,False,False,False
2024-12-30,79.66250000000001,24,83.8,77.1,False,False,False,False,False
2024-12-31,78.15416666666667,24,86.2,71.7,False,False,False,False,False
2025-01-01,82.72500000000001,24,91.4,72.0,False,False,False,False,False
2025-01-02,80.70833333333333,24,92.2,65.9,False,False,False,False,False
2025-01-03,81.91666666666667,24,89.7,67.2,False,False,False,False,False
2025-01-04,84.25,24,94.2,74.9,False,False,False,False,False
2025-01-05,93.2625,24,97.8,88.7,False,False,False,False,False
2025-01-06,84.16666666666667,24,91.3,72.3,False,False,False,False,False
2025-01-07,83.35416666666667,24,89.5,73.6,False,False,False,False,False
2025-01-08,85.27916666666667,24,89.6,76.9,False,False,False,False,False
2025-01-09,78.33333333333333,24,86.8,58.2,False,False,False,False,False
2025-01-10,85.7375,24,92.2,73.1,False,False,False,False,False
2025-01-11,87.77083333333333,24,92.2,75.1,False,False,False,False,False
2025-01-12,85.74583333333334,24,93.7,71.5,False,False,False,False,False
2025-01-13,73.82083333333334,24,82.3,65.8,False,False,False,False,False
2025-01-14,83.7375,24,94.5,77.5,False,False,False,False,False
2025-01-15,95.15652173913043,23,97.2,92.1,False,False,False,False,False
2025-01-16,85.55416666666667,24,94.7,76.2,False,False,False,False,False
2025-01-17,80.82083333333334,24,82.7,79.3,False,False,False,False,False
2025-01-18,84.17083333333333,24,86.7,81.1,False,False,False,False,False
2025-01-19,77.37083333333334,24,80.9,72.6,False,False,False,False,False
2025-01-20,82.625,24,86.5,80.1,False,False,False,False,False
2025-01-21,87.8625,24,96.5,80.7,False,False,False,False,False
2025-01-22,85.22500000000001,24,90.6,70.1,False,False,False,False,False
2025-01-23,83.91250000000001,24,91.9,75.2,False,False,False,False,False
2025-01-24,73.16250000000001,24,88.5,51.1,False,False,False,False,False
2025-01-25,72.97916666666667,24,87.7,53.4,False,False,False,False,False
2025-01-26,81.23333333333333,24,90.1,72.4,False,False,False,False,False
2025-01-27,79.94583333333334,24,91.1,72.3,False,False,False,False,False
2025-01-28,83.45,24,88.4,75.9,False,False,False,False,False
2025-01-29,81.1875,24,90.0,73.5,False,False,False,False,False
2025-01-30,72.75833333333334,24,80.0,60.6,False,False,False,False,False
2025-01-31,88.325,24,93.4,81.3,False,False,False,False,False
2025-02-01,84.02916666666667,24,89.8,77.6,False,False,False,False,False
2025-02-02,83.125,24,92.3,62.6,False,False,False,False,False
2025-02-03,88.22916666666667,24,94.1,77.3,False,False,False,False,False
2025-02-04,84.50416666666666,24,92.6,74.2,False,False,False,False,False
2025-02-05,78.85833333333333,24,91.2,66.2,False,False,False,False,False
2025-02-06,77.10416666666667,24,86.2,65.0,False,False,False,False,False
2025-02-07,83.16666666666667,24,90.8,75.3,False,False,False,False,False
2025-02-08,89.26666666666667,24,94.4,77.8,False,False,False,False,False
2025-02-09,86.61666666666667,24,90.9,82.9,False,False,False,False,False
2025-02-10,84.05416666666666,24,89.7,77.4,False,False,False,False,False
2025-02-11,86.41666666666667,24,90.5,79.8,False,False,False,False,False
2025-02-12,81.69166666666666,24,88.1,71.7,False,False,False,False,False
2025-02-13,73.45416666666667,24,84.7,63.0,False,False,False,False,False
2025-02-14,66.55,24,76.1,55.5,False,False,False,False,False
2025-02-15,77.425,24,83.9,67.7,False,False,False,False,False
2025-02-16,74.22500000000001,24,87.2,64.2,False,False,False,False,False
2025-02-17,70.1375,24,80.5,54.0,False,False,False,False,False
2025-02-18,71.3,24,81.3,55.7,False,False,False,False,False
2025-02-19,76.69166666666666,24,86.6,71.3,False,False,False,False,False
2025-02-20,89.925,24,93.1,85.6,False,False,False,False,False
2025-02-21,86.20416666666667,24,94.0,71.2,False,False,False,False,False
2025-02-22,84.82083333333334,24,94.5,61.6,False,False,False,False,False
2025-02-23,83.96666666666667,24,93.9,74.7,False,False,False,False,False
2025-02-24,85.39583333333333,24,93.7,68.9,False,False,False,False,False
2025-02-25,76.91250000000001,24,92.9,57.2,False,False,False,False,False
2025-02-26,84.58749999999999,24,90.2,70.8,False,False,False,False,False
2025-02-27,73.0125,24,86.9,54.4,False,False,False,False,False
2025-02-28,72.96666666666667,24,89.6,52.1,False,False,False,False,False
2025-03-01,76.67916666666666,24,95.2,51.1,False,False,False,False,False
2025-03-02,75.40833333333333,24,92.3,50.5,False,False,False,False,False
2025-03-03,72.25416666666666,24,92.4,42.5,False,False,False,False,False
2025-03-04,69.25,24,87.1,37.7,False,False,False,False,False
2025-03-05,74.03333333333333,24,89.8,50.4,False,False,False,False,False
2025-03-06,66.67083333333333,24,88.6,47.2,False,False,False,False,False
2025-03-07,68.09166666666667,24,77.7,58.9,False,False,False,False,False
2025-03-08,62.42916666666667,24,77.4,47.8,False,False,False,False,False
2025-03-09,63.69583333333333,24,78.6,46.2,False,False,False,False,False
2025-03-10,71.83749999999999,24,80.0,62.7,False,False,False,False,False
2025-03-11,69.92916666666666,24,82.9,58.4,False,False,False,False,False
2025-03-12,73.14583333333333,24,82.2,55.9,False,False,False,False,False
2025-03-13,80.14583333333333,24,86.9,72.3,False,False,False,False,False
2025-03-14,74.39166666666667,24,91.8,55.6,False,False,False,False,False
2025-03-15,64.96249999999999,24,87.4,45.2,False,False,False,False,False
2025-03-16,68.9375,24,84.4,52.1,False,False,False,False,False
2025-03-17,71.85416666666667,24,82.5,60.1,False,False,False,False,False
2025-03-18,62.833333333333336,24,82.1,40.3,False,False,False,False,False
2025-03-19,66.65833333333333,24,83.4,50.4,False,False,False,False,False
2025-03-20,62.57083333333333,24,79.8,47.8,False,False,False,False,False
2025-03-21,67.51666666666667,24,79.5,52.2,False,False,False,False,False
2025-03-22,76.46249999999999,24,85.1,66.0,False,False,False,False,False
2025-03-23,83.19583333333334,24,88.0,77.2,False,False,False,False,False
2025-03-24,74.10833333333333,24,85.1,57.7,False,False,False,False,False
2025-03-25,81.71249999999999,24,94.9,67.9,False,False,False,False,False
2025-03-26,72.85833333333333,24,89.9,50.3,False,False,False,False,False
2025-03-27,77.94166666666666,24,88.4,65.9,False,False,False,False,False
2025-03-28,65.74166666666666,24,88.5,41.2,False,False,False,False,False
2025-03-29,66.825,24,84.0,44.2,False,False,False,False,False
2025-03-30,63.87916666666666,24,84.7,39.2,False,False,False,False,False
2025-03-31,62.7304347826087,23,80.1,46.3,False,False,False,False,False
2025-04-01,66.77499999999999,24,85.6,40.4,,,,True,False
2025-04-02,60.675000000000004,24,76.7,41.8,,,,True,False
2025-04-03,61.137499999999996,24,73.6,44.2,,,,True,False
2025-04-04,56.20416666666666,24,77.5,32.9,,,,True,False
2025-04-05,55.425000000000004,24,83.9,27.9,,,,True,False
2025-04-06,57.82083333333333,24,82.2,29.0,,,,True,False
2025-04-07,59.708333333333336,24,87.6,33.7,,,,True,False
2025-04-08,60.72083333333333,24,84.7,39.2,,,,True,False
2025-04-09,68.10000000000001,24,87.1,53.2,,,,True,False
2025-04-10,64.30416666666666,24,76.8,42.5,,,,True,False
2025-04-11,59.80416666666667,24,94.5,22.5,,,,True,False
2025-04-12,57.29583333333333,24,90.2,31.2,,,,True,False
2025-04-13,69.08749999999999,24,79.8,48.8,,,,True,False
2025-04-14,69.86666666666666,24,94.4,47.8,,,,True,False
2025-04-15,83.77499999999999,24,95.1,65.3,,,,True,False
2025-04-16,58.475,24,74.6,36.1,,,,True,False
2025-04-17,60.61666666666667,24,96.7,37.0,,,,True,False
2025-04-18,58.24583333333334,24,74.8,42.5,,,,True,False
2025-04-19,59.05833333333334,24,77.0,39.8,,,,True,False
2025-04-20,72.17916666666666,24,80.3,59.7,,,,True,False
2025-04-21,79.42916666666666,24,93.7,60.4,,,,True,False
2025-04-22,67.3625,24,91.2,40.2,,,,True,False
2025-04-23,80.07916666666667,24,93.0,70.4,,,,True,False
2025-04-24,68.55416666666666,24,85.1,50.4,,,,True,False
2025-04-25,72.21666666666667,24,85.9,57.6,,,,True,False
2025-04-26,71.10416666666667,24,87.9,49.6,,,,True,False
2025-04-27,91.03,10,98.4,64.7,,,,True,False
2025-04-28,62.512499999999996,24,95.4,35.2,,,,False,True
2025-04-29,59.46666666666667,24,92.8,32.6,,,,False,True
2025-04-30,59.75833333333333,24,92.8,25.1,,,,False,True
2025-05-01,57.237500000000004,24,93.6,27.5,,,,False,True
2025-05-02,65.55,24,82.7,49.5,,,,False,True
2025-05-03,63.35833333333333,24,87.2,30.9,,,,False,True
2025-05-04,61.53333333333333,24,84.0,41.4,,,,False,True
2025-05-05,63.775,24,82.4,39.3,,,,False,True
2025-05-06,63.09583333333333,24,80.4,45.4,,,,False,True
2025-05-07,67.94583333333334,24,94.8,48.3,,,,False,True
2025-05-08,62.050000000000004,24,80.0,48.5,,,,False,True
2025-05-09,58.15416666666667,24,90.8,27.5,,,,False,True
2025-05-10,52.5375,24,91.2,27.3,,,,False,True
2025-05-11,55.30833333333334,24,89.2,30.8,,,,False,True
2025-05-12,55.5,14,63.1,48.0,False,True,False,False,False
2025-05-13,54.52916666666667,24,75.9,38.0,False,False,False,False,False
2025-05-14,57.5,24,78.1,40.0,False,False,False,False,False
2025-05-15,72.35416666666667,24,80.9,64.5,False,False,False,False,False
2025-05-16,68.6125,24,88.7,53.8,False,False,False,False,False
2025-05-17,62.62083333333334,24,73.5,50.1,False,False,False,False,False
2025-05-18,68.24583333333334,24,84.8,54.3,False,False,False,False,False
2025-05-19,64.17083333333333,24,82.8,46.0,False,False,False,False,False
2025-05-20,56.25833333333333,24,76.7,41.1,False,False,False,False,False
2025-05-21,64.87083333333334,24,88.3,44.2,False,False,False,False,False
2025-05-22,63.61666666666667,24,75.8,53.2,False,False,False,False,False
2025-05-23,59.55416666666667,24,77.9,44.7,False,False,False,False,False
2025-05-24,78.60000000000001,24,93.0,64.4,False,False,False,False,False
2025-05-25,64.20833333333333,24,91.8,43.9,False,False,False,False,False
2025-05-26,69.5125,24,79.3,59.5,False,False,False,False,False
2025-05-27,82.68333333333334,24,89.4,70.9,False,False,False,False,False
2025-05-28,66.25416666666666,24,87.4,49.5,False,False,False,False,False
2025-05-29,71.275,24,86.7,55.6,False,False,False,False,False
2025-05-30,72.17916666666666,24,86.1,55.0,False,False,False,False,False
2025-05-31,69.325,24,84.3,50.3,False,False,False,False,False
2025-06-01,64.41666666666667,24,83.6,44.9,False,False,False,False,False
2025-06-02,58.3125,24,79.1,41.4,False,False,False,False,False
2025-06-03,76.81666666666666,24,83.6,66.8,False,False,False,False,False
2025-06-04,71.71249999999999,24,84.8,54.4,False,False,False,False,False
2025-06-05,83.47083333333333,24,90.7,75.4,False,False,False,False,False
2025-06-06,68.07916666666667,24,88.2,43.4,False,False,False,False,False
2025-06-07,82.2375,24,91.2,63.5,False,False,False,False,False
2025-06-08,65.59166666666667,24,89.5,47.1,False,False,False,False,False
2025-06-09,67.74166666666666,24,79.1,54.2,False,False,False,False,False
2025-06-10,67.93333333333334,24,79.6,49.9,False,False,False,False,False
2025-06-11,72.19583333333334,24,92.7,53.3,False,False,False,False,False
2025-06-12,68.075,24,84.2,54.3,False,False,False,False,False
2025-06-13,65.44583333333334,24,80.8,43.6,False,False,False,False,False
2025-06-14,67.65833333333333,24,88.7,47.6,False,False,False,False,False
2025-06-15,65.15416666666667,24,86.4,43.3,False,False,False,False,False
2025-06-16,64.69583333333334,24,85.6,46.9,False,False,False,False,False
2025-06-17,60.0625,24,81.6,42.4,False,False,False,False,False
2025-06-18,58.7875,24,79.6,37.9,False,False,False,False,False
2025-06-19,55.00416666666666,24,74.1,36.2,False,False,False,False,False
2025-06-20,59.375,24,78.2,44.0,False,False,False,False,False
2025-06-21,52.708333333333336,24,73.5,41.1,False,False,False,False,False
2025-06-22,63.30416666666667,24,77.6,47.1,False,False,False,False,False
2025-06-23,56.60833333333333,24,78.9,43.0,False,False,False,False,False
2025-06-24,72.4375,24,84.8,58.8,False,False,False,False,False
2025-06-25,70.3875,24,89.1,54.8,False,False,False,False,False
2025-06-26,65.20833333333333,24,83.1,45.8,False,False,False,False,False
2025-06-27,67.85,24,83.6,54.9,False,False,False,False,False
2025-06-28,71.49583333333334,24,84.3,52.5,False,False,False,False,False
2025-06-29,66.12916666666666,24,79.6,46.8,False,False,False,False,False
2025-06-30,57.40833333333333,24,74.4,41.3,False,False,False,False,False
2025-07-01,56.52916666666667,24,71.9,38.2,False,False,False,False,False
2025-07-02,65.00833333333334,24,87.2,35.4,False,False,False,False,False
2025-07-03,47.824999999999996,24,63.5,34.7,False,True,False,False,False
2025-07-04,53.925000000000004,24,72.4,38.9,False,False,False,False,False
2025-07-05,71.32083333333334,24,82.8,59.3,False,False,False,False,False
2025-07-06,72.2375,24,81.9,57.1,False,False,False,False,False
2025-07-07,65.2375,24,93.1,44.2,False,False,False,False,False
2025-07-08,54.85,24,78.0,37.7,False,False,False,False,False
2025-07-09,58.449999999999996,24,74.1,48.7,False,False,False,False,False
2025-07-10,54.604166666666664,24,68.1,40.8,False,True,False,False,False
2025-07-11,53.06666666666666,24,73.1,36.4,False,False,False,False,False
2025-07-12,58.23333333333333,24,76.1,42.8,False,False,False,False,False
2025-07-13,66.175,24,86.4,43.7,False,False,False,False,False
2025-07-14,62.791666666666664,24,84.8,49.2,False,False,False,False,False
2025-07-15,66.77499999999999,24,87.4,55.3,False,False,False,False,False
2025-07-16,62.31739130434782,23,83.7,44.4,False,False,False,False,False
2025-07-17,65.00833333333334,24,76.3,56.6,False,False,False,False,False
2025-07-18,65.4875,24,89.8,43.9,False,False,False,False,False
2025-07-19,81.7,24,94.9,62.6,False,False,False,False,False
2025-07-20,76.0,24,90.4,53.1,False,False,False,False,False
2025-07-21,72.57083333333334,24,90.5,44.2,False,False,False,False,False
2025-07-22,74.66250000000001,24,89.3,53.8,False,False,False,False,False
2025-07-23,67.63333333333334,24,83.3,53.9,False,False,False,False,False
2025-07-24,77.81666666666666,24,91.0,66.7,False,False,False,False,False
2025-07-25,65.08333333333333,24,79.3,53.9,False,False,False,False,False
2025-07-26,68.67083333333333,24,79.4,55.2,False,False,False,False,False
2025-07-27,59.737500000000004,24,71.7,46.8,False,False,False,False,False
2025-07-28,59.45416666666667,24,75.5,45.1,False,False,False,False,False
2025-07-29,69.44583333333334,24,79.1,61.7,False,False,False,False,False
2025-07-30,68.71249999999999,24,83.8,49.7,False,False,False,False,False
2025-07-31,79.04166666666667,24,92.4,63.1,False,False,False,False,False
2025-08-01,70.39999999999999,24,76.2,60.7,False,False,False,False,False
2025-08-02,60.70416666666667,24,79.5,45.7,False,False,False,False,False
2025-08-03,72.075,24,83.5,55.4,False,False,False,False,False
2025-08-04,74.48333333333333,24,84.3,55.3,False,False,False,False,False
2025-08-05,56.00833333333333,24,73.9,42.8,False,False,False,False,False
2025-08-06,60.31818181818182,22,75.7,41.0,False,False,False,False,False
2025-08-07,71.05,24,85.3,49.3,False,False,False,False,False
2025-08-08,64.875,24,83.8,44.9,False,False,False,False,False
2025-08-09,59.4375,24,74.5,41.8,False,False,False,False,False
2025-08-10,61.49166666666667,24,81.3,44.1,False,False,False,False,False
2025-08-11,56.550000000000004,24,72.8,37.7,False,False,False,False,False
2025-08-12,55.762499999999996,24,78.2,35.2,False,False,False,False,False
2025-08-13,76.98333333333333,24,85.4,65.5,False,False,False,False,False
2025-08-14,70.11666666666666,24,87.7,50.0,False,False,False,False,False
2025-08-15,65.89583333333333,24,84.4,44.0,False,False,False,False,False
2025-08-16,73.17916666666666,24,82.4,59.0,False,False,False,False,False
2025-08-17,65.95416666666667,24,78.2,44.9,False,False,False,False,False
2025-08-18,70.67916666666666,24,83.3,59.7,False,False,False,False,False
2025-08-19,71.16666666666667,24,83.5,56.0,False,False,False,False,False
2025-08-20,67.83333333333333,24,82.9,49.0,False,False,False,False,False
2025-08-21,65.175,24,78.6,48.5,False,False,False,False,False
2025-08-22,60.12083333333334,24,81.9,42.0,False,False,False,False,False
2025-08-23,61.029999999999994,20,71.6,50.4,False,False,False,False,False
2025-08-24,58.43333333333333,21,72.4,47.6,False,False,False,False,False
2025-08-25,54.916666666666664,24,81.4,38.2,False,False,False,False,False
2025-08-26,67.10000000000001,24,89.9,50.7,False,False,False,False,False
2025-08-27,74.96666666666667,24,86.4,60.9,False,False,False,False,False
2025-08-28,73.64583333333333,24,91.4,58.6,False,False,False,False,False
2025-08-29,81.2,24,99.9,63.4,False,False,False,False,False
2025-08-30,79.0125,24,86.5,64.2,False,False,False,False,False
2025-08-31,70.07083333333334,24,83.5,52.3,False,False,False,False,False
2025-09-01,76.5,24,86.4,65.0,False,False,False,False,False
2025-09-02,79.19166666666666,24,84.8,70.0,False,False,False,False,False
2025-09-03,81.47083333333333,24,94.0,68.3,False,False,False,False,False
2025-09-04,73.22083333333333,24,83.6,56.5,False,False,False,False,False
2025-09-05,70.12083333333334,24,85.3,48.6,False,False,False,False,False
2025-09-06,66.46666666666667,24,84.0,45.7,False,False,False,False,False
2025-09-07,67.52083333333333,24,78.5,57.8,False,False,False,False,False
2025-09-08,67.47916666666667,24,82.4,51.4,False,False,False,False,False
2025-09-09,68.29166666666667,24,83.1,50.3,False,False,False,False,False
2025-09-10,78.24583333333334,24,84.8,71.4,False,False,False,False,False
2025-09-11,75.09583333333333,24,82.6,58.5,False,False,False,False,False
2025-09-12,74.5625,24,82.1,55.7,False,False,False,False,False
2025-09-13,75.84166666666667,24,85.4,59.1,False,False,False,False,False
2025-09-14,79.54583333333333,24,84.9,69.8,False,False,False,False,False
2025-09-15,68.14583333333333,24,78.7,56.3,False,False,False,False,False
2025-09-16,67.17083333333333,24,80.6,49.5,False,False,False,False,False
2025-09-17,80.85000000000001,24,84.4,78.7,False,False,False,False,False
2025-09-18,78.3125,24,81.7,71.0,False,False,False,False,False
2025-09-19,71.02083333333333,24,83.5,45.4,False,False,False,False,False
2025-09-20,75.83333333333333,24,84.3,65.6,False,False,False,False,False
2025-09-21,65.0,24,78.4,46.8,False,False,False,False,False
2025-09-22,62.583333333333336,24,78.1,49.3,False,False,False,False,False
2025-09-23,67.91666666666667,24,80.8,56.8,False,False,False,False,False
2025-09-24,64.70416666666667,24,83.9,37.0,False,False,False,False,False
2025-09-25,59.166666666666664,24,75.1,37.4,False,False,False,False,False
2025-09-26,70.51666666666667,24,75.8,65.7,False,False,False,False,False
2025-09-27,71.33333333333333,24,82.7,58.3,False,False,False,False,False
2025-09-28,82.49166666666666,24,85.0,73.1,False,False,False,False,False
2025-09-29,72.81666666666666,24,88.1,54.6,False,False,False,False,False
2025-09-30,70.84166666666667,24,86.7,49.8,False,False,False,False,False
2025-10-01,76.71666666666667,24,84.9,65.9,False,False,False,False,False
2025-10-02,77.44166666666666,24,88.7,60.8,False,False,False,False,False
2025-10-03,81.85000000000001,24,86.2,74.4,False,False,False,False,False
2025-10-04,69.24166666666666,24,83.8,52.8,False,False,False,False,False
2025-10-05,65.4875,24,76.1,50.4,False,False,False,False,False
2025-10-06,74.9875,24,86.0,62.1,False,False,False,False,False
2025-10-07,75.91250000000001,24,85.3,63.3,False,False,False,False,False
2025-10-08,79.29166666666667,24,85.3,72.1,False,False,False,False,False
2025-10-09,74.10000000000001,24,79.9,66.9,False,False,False,False,False
2025-10-10,76.7,24,79.9,71.7,False,False,False,False,False
2025-10-11,72.70416666666667,24,81.7,59.5,False,False,False,False,False
2025-10-12,77.70416666666667,24,85.2,64.3,False,False,False,False,False
2025-10-13,79.74583333333334,24,86.6,72.9,False,False,False,False,False
2025-10-14,81.79583333333333,24,86.5,76.0,False,False,False,False,False
2025-10-15,79.14583333333333,24,85.1,70.9,False,False,False,False,False
2025-10-16,76.73333333333333,24,86.6,64.7,False,False,False,False,False
2025-10-17,71.16666666666667,24,80.8,62.1,False,False,False,False,False
2025-10-18,68.04166666666667,24,76.1,55.9,False,False,False,False,False
2025-10-19,80.25833333333334,24,85.3,75.9,False,False,False,False,False
2025-10-20,83.14583333333333,24,85.2,81.0,False,False,False,False,False
2025-10-21,80.97500000000001,24,85.6,70.5,False,False,False,False,False
2025-10-22,80.00416666666666,24,87.4,64.4,False,False,False,False,False
2025-10-23,80.73333333333333,24,86.6,67.3,False,False,False,False,False
2025-10-24,75.55416666666666,24,84.5,61.5,False,False,False,False,False
2025-10-25,75.33333333333333,24,86.0,62.5,False,False,False,False,False
2025-10-26,78.62916666666666,24,87.1,66.7,False,False,False,False,False
2025-10-27,69.9875,24,84.8,58.7,False,False,False,False,False
2025-10-28,72.14583333333333,24,86.2,57.6,False,False,False,False,False
2025-10-29,83.33749999999999,24,87.7,79.1,False,False,False,False,False
2025-10-30,79.64583333333333,24,87.6,67.0,False,False,False,False,False
2025-10-31,82.5625,24,87.1,78.7,False,False,False,False,False
2025-11-01,77.54583333333333,24,85.7,58.9,False,False,False,False,False
2025-11-02,77.95833333333333,24,88.2,58.0,False,False,False,False,False
2025-11-03,80.65416666666667,24,85.3,73.6,False,False,False,False,False
2025-11-04,78.65833333333333,24,84.8,71.6,False,False,False,False,False
2025-11-05,73.29583333333333,24,77.9,69.1,False,False,False,False,False
2025-11-06,78.39166666666667,24,86.1,72.9,False,False,False,False,False
2025-11-07,83.5,24,86.7,76.8,False,False,False,False,False
2025-11-08,80.41250000000001,24,86.6,67.9,False,False,False,False,False
2025-11-09,82.79166666666667,24,90.2,72.6,False,False,False,False,False
2025-11-10,84.875,24,86.6,82.8,False,False,False,False,False
2025-11-11,82.22083333333333,24,87.7,75.9,False,False,False,False,False
2025-11-12,79.1125,24,82.8,74.6,False,False,False,False,False
2025-11-13,80.15833333333333,24,87.8,69.3,False,False,False,False,False
2025-11-14,85.16250000000001,24,87.6,82.1,False,False,False,False,False
2025-11-15,84.64166666666667,24,86.6,81.8,False,False,False,False,False
2025-11-16,72.1125,24,86.1,52.9,False,False,False,False,False
2025-11-17,72.58333333333333,24,83.3,57.9,False,False,False,False,False
2025-11-18,83.4875,24,90.7,70.9,False,False,False,False,False
2025-11-19,80.22500000000001,24,90.3,68.4,False,False,False,False,False
2025-11-20,70.92916666666666,24,77.5,63.4,False,False,False,False,False
2025-11-21,77.45416666666667,24,86.9,56.8,False,False,False,False,False
2025-11-22,81.38333333333334,24,89.9,69.5,False,False,False,False,False
2025-11-23,79.64166666666667,24,90.2,59.7,False,False,False,False,False
2025-11-24,81.63333333333334,24,90.6,76.0,False,False,False,False,False
2025-11-25,77.85833333333333,24,83.3,72.5,False,False,False,False,False
2025-11-26,82.59166666666667,24,92.7,62.3,False,False,False,False,False
2025-11-27,87.2625,24,92.1,83.1,False,False,False,False,False
2025-11-28,79.94166666666666,24,86.3,65.7,False,False,False,False,False
2025-11-29,83.7375,24,88.1,76.6,False,False,False,False,False
2025-11-30,77.04166666666667,24,84.4,63.7,False,False,False,False,False
2025-12-01,85.8625,24,89.5,81.9,False,False,False,False,False
2025-12-02,84.26666666666667,24,90.1,74.2,False,False,False,False,False
2025-12-03,84.64999999999999,24,91.0,70.7,False,False,False,False,False
2025-12-04,86.25,24,90.8,82.2,False,False,False,False,False
2025-12-05,84.70833333333333,24,91.8,73.0,False,False,False,False,False
2025-12-06,80.54583333333333,24,88.0,74.7,False,False,False,False,False
2025-12-07,84.17916666666666,24,92.2,72.5,False,False,False,False,False
2025-12-08,84.05416666666666,24,90.2,78.7,False,False,False,False,False
2025-12-09,81.075,24,87.7,72.5,False,False,False,False,False
2025-12-10,76.15416666666667,24,84.3,63.3,False,False,False,False,False
2025-12-11,84.03333333333333,24,91.0,76.1,False,False,False,False,False
2025-12-12,85.27916666666667,24,89.6,79.7,False,False,False,False,False
2025-12-13,85.27499999999999,24,93.1,68.5,False,False,False,False,False
2025-12-14,82.6375,24,91.3,69.8,False,False,False,False,False
2025-12-15,81.52499999999999,24,85.2,77.6,False,False,False,False,False
2025-12-16,84.42916666666666,24,87.9,76.7,False,False,False,False,False
2025-12-17,87.375,24,97.7,79.6,False,False,False,False,False
2025-12-18,88.53333333333335,24,93.5,79.4,False,False,False,False,False
2025-12-19,76.7375,24,87.1,64.7,False,False,False,False,False
2025-12-20,86.3875,24,94.4,72.0,False,False,False,False,False
2025-12-21,91.62916666666666,24,94.4,85.9,False,False,False,False,False
2025-12-22,89.41666666666667,24,92.4,84.7,False,False,False,False,False
2025-12-23,80.02083333333333,24,90.2,75.0,False,False,False,False,False
2025-12-24,67.39999999999999,24,75.7,58.1,False,False,False,False,False
2025-12-25,64.14999999999999,24,73.1,47.1,False,False,False,False,False
2025-12-26,77.52083333333333,24,84.9,72.0,False,False,False,False,False
2025-12-27,81.46666666666667,24,88.9,74.4,False,False,False,False,False
2025-12-28,72.94166666666666,24,89.1,68.9,False,False,False,False,False
2025-12-29,73.94166666666666,24,85.5,68.5,False,False,False,False,False
2025-12-30,75.74583333333334,24,84.9,60.5,False,False,False,False,False
2025-12-31,90.49166666666667,24,94.2,84.2,False,False,False,False,False
