date,mean_air_pressure_hpa,hourly_obs_count,air_pressure_max_hpa,air_pressure_min_hpa,mean_air_pressure_iqr_outlier,air_pressure_max_iqr_outlier,air_pressure_min_iqr_outlier,pressure_imputed_from_northolt
2022-04-07,989.8083333333334,24,1000.9,983.9,False,False,False,False
2022-04-08,1000.8249999999999,24,1008.6,997.8,False,False,False,False
2022-04-09,1015.2458333333334,24,1019.1,1009.7,False,False,False,False
2022-04-10,1018.6666666666666,24,1020.3,1016.2,False,False,False,False
2022-04-11,1009.8125,24,1015.9,1005.9,False,False,False,False
2022-04-12,1006.0375,24,1010.8,1003.6,False,False,False,False
2022-04-13,1015.5041666666666,24,1020.1,1011.1,False,False,False,False
2022-04-14,1021.9166666666666,24,1024.2,1020.1,False,False,False,False
2022-04-15,1026.2875000000001,24,1028.7,1024.3,False,False,False,False
2022-04-16,1029.5249999999999,24,1030.9,1028.4,False,False,False,False
2022-04-17,1022.2958333333332,24,1028.2,1017.5,False,False,False,False
2022-04-18,1016.9791666666666,24,1018.1,1015.8,False,False,False,False
2022-04-19,1016.0500000000001,24,1017.3,1015.1,False,False,False,False
2022-04-20,1015.8291666666668,24,1017.4,1014.4,False,False,False,False
2022-04-21,1012.1,24,1014.2,1010.7,False,False,False,False
2022-04-22,1007.2791666666667,24,1010.6,1005.5,False,False,False,False
2022-04-23,1003.1583333333333,24,1005.0,1002.2,False,False,False,False
2022-04-24,1008.0791666666668,24,1013.7,1004.4,False,False,False,False
2022-04-25,1015.7333333333332,24,1018.9,1013.7,False,False,False,False
2022-04-26,1021.9541666666668,24,1025.3,1019.3,False,False,False,False
2022-04-27,1027.5249999999999,24,1029.9,1025.5,False,False,False,False
2022-04-28,1030.7958333333333,24,1031.9,1029.6,False,False,False,False
2022-04-29,1031.6958333333334,24,1032.5,1031.0,False,False,False,False
2022-04-30,1028.8999999999999,24,1031.9,1025.4,False,False,False,False
2022-05-01,1023.15,24,1025.6,1021.5,False,False,False,False
2022-05-02,1020.9083333333333,24,1021.5,1020.1,False,False,False,False
2022-05-03,1020.9833333333332,24,1022.1,1020.1,False,False,False,False
2022-05-04,1019.0791666666668,24,1020.9,1017.4,False,False,False,False
2022-05-05,1023.5333333333333,24,1025.6,1021.2,False,False,False,False
2022-05-06,1024.7916666666667,24,1026.0,1023.3,False,False,False,False
2022-05-07,1025.4125000000001,24,1028.4,1023.7,False,False,False,False
2022-05-08,1028.5333333333333,24,1030.0,1027.2,False,False,False,False
2022-05-09,1022.8375,24,1027.8,1017.6,False,False,False,False
2022-05-10,1014.6416666666668,24,1017.4,1012.5,False,False,False,False
2022-05-11,1010.3458333333333,24,1015.1,1007.6,False,False,False,False
2022-05-12,1018.0083333333333,24,1019.0,1015.7,False,False,False,False
2022-05-13,1019.6416666666668,24,1021.3,1018.7,False,False,False,False
2022-05-14,1020.5,24,1022.1,1018.6,False,False,False,False
2022-05-15,1015.0791666666668,24,1018.8,1011.0,False,False,False,False
2022-05-16,1014.3041666666667,24,1018.3,1010.0,False,False,False,False
2022-05-17,1016.95,22,1019.0,1014.0,False,False,False,False
2022-05-18,1018.6,24,1021.6,1014.6,False,False,False,False
2022-05-19,1017.9583333333334,24,1020.6,1014.7,False,False,False,False
2022-05-20,1018.4375,24,1020.4,1016.9,False,False,False,False
2022-05-21,1020.4166666666666,24,1022.1,1018.9,False,False,False,False
2022-05-22,1013.1041666666666,24,1018.7,1007.9,False,False,False,False
2022-05-23,1002.3125,24,1007.3,999.5,False,False,False,False
2022-05-24,1006.0,24,1011.5,1001.5,False,False,False,False
2022-05-25,1013.4208333333332,24,1018.1,1011.8,False,False,False,False
2022-05-26,1021.0041666666666,24,1022.6,1018.5,False,False,False,False
2022-05-27,1024.1166666666666,24,1026.3,1022.3,False,False,False,False
2022-05-28,1024.675,24,1026.3,1023.0,False,False,False,False
2022-05-29,1019.0041666666666,24,1022.7,1016.0,False,False,False,False
2022-05-30,1013.5083333333333,24,1015.8,1012.2,False,False,False,False
2022-05-31,1012.4041666666667,24,1014.7,1011.5,False,False,False,False
2022-06-01,1016.9499999999999,24,1019.8,1014.9,False,False,False,False
2022-06-02,1019.8458333333333,24,1021.0,1018.7,False,False,False,False
2022-06-03,1017.7666666666668,24,1019.3,1016.7,False,False,False,False
2022-06-04,1019.7624999999999,24,1020.9,1018.7,False,False,False,False
2022-06-05,1015.8041666666667,24,1018.2,1014.9,False,False,False,False
2022-06-06,1014.3333333333334,24,1015.2,1013.2,False,False,False,False
2022-06-07,1011.475,24,1013.9,1008.2,False,False,False,False
2022-06-08,1005.6750000000001,24,1010.2,1003.5,False,False,False,False
2022-06-09,1015.1333333333333,24,1017.4,1010.7,False,False,False,False
2022-06-10,1018.2666666666668,24,1019.7,1017.3,False,False,False,False
2022-06-11,1021.375,24,1023.6,1019.9,False,False,False,False
2022-06-12,1023.1583333333333,24,1024.3,1021.7,False,False,False,False
2022-06-13,1024.3041666666666,24,1025.6,1023.2,False,False,False,False
2022-06-14,1020.6,24,1023.4,1017.7,False,False,False,False
2022-06-15,1018.275,24,1019.4,1017.3,False,False,False,False
2022-06-16,1021.3041666666667,24,1022.1,1019.4,False,False,False,False
2022-06-17,1019.3541666666666,24,1022.1,1017.3,False,False,False,False
2022-06-18,1017.4125,24,1018.5,1014.7,False,False,False,False
2022-06-19,1014.8249999999999,24,1016.1,1013.2,False,False,False,False
2022-06-20,1018.2333333333332,24,1019.4,1016.3,False,False,False,False
2022-06-21,1014.6291666666666,24,1017.8,1012.4,False,False,False,False
2022-06-22,1013.2624999999999,24,1014.2,1011.9,False,False,False,False
2022-06-23,1009.4375,24,1012.5,1007.1,False,False,False,False
2022-06-24,1004.6750000000001,24,1007.5,1003.2,False,False,False,False
2022-06-25,1007.7458333333334,24,1009.8,1004.7,False,False,False,False
2022-06-26,1012.0166666666668,24,1014.4,1010.1,False,False,False,False
2022-06-27,1016.0791666666668,24,1019.5,1014.1,False,False,False,False
2022-06-28,1017.4416666666666,24,1019.9,1014.3,False,False,False,False
2022-06-29,1012.0124999999999,24,1013.9,1010.7,False,False,False,False
2022-06-30,1011.8541666666666,24,1014.1,1010.7,False,False,False,False
2022-07-01,1016.2958333333332,24,1019.5,1014.1,False,False,False,False
2022-07-02,1018.1208333333334,24,1019.6,1016.6,False,False,False,False
2022-07-03,1019.1541666666667,24,1021.1,1018.1,False,False,False,False
2022-07-04,1021.0875,24,1022.7,1020.2,False,False,False,False
2022-07-05,1024.7916666666667,24,1027.3,1023.0,False,False,False,False
2022-07-06,1026.3125,24,1028.0,1024.1,False,False,False,False
2022-07-07,1028.4458333333334,24,1031.7,1024.4,False,False,False,False
2022-07-08,1031.2416666666666,24,1032.8,1029.4,False,False,False,False
2022-07-09,1029.8541666666667,24,1031.0,1028.0,False,False,False,False
2022-07-10,1026.4375,24,1029.4,1023.4,False,False,False,False
2022-07-11,1022.9583333333334,24,1024.3,1021.1,False,False,False,False
2022-07-12,1021.8125,24,1023.0,1020.5,False,False,False,False
2022-07-13,1021.1291666666666,24,1021.9,1020.2,False,False,False,False
2022-07-14,1022.5041666666666,24,1024.9,1021.4,False,False,False,False
2022-07-15,1023.5666666666666,24,1025.2,1021.5,False,False,False,False
2022-07-16,1024.7166666666667,24,1025.7,1023.9,False,False,False,False
2022-07-17,1024.7375,24,1026.4,1022.5,False,False,False,False
2022-07-18,1018.9791666666666,24,1022.1,1016.1,False,False,False,False
2022-07-19,1011.7291666666666,24,1015.7,1008.4,False,False,False,False
2022-07-20,1015.4708333333333,24,1019.1,1012.5,False,False,False,False
2022-07-21,1021.2208333333333,24,1022.5,1019.4,False,False,False,False
2022-07-22,1019.975,24,1022.2,1018.4,False,False,False,False
2022-07-23,1018.375,24,1019.2,1017.4,False,False,False,False
2022-07-24,1013.5833333333334,24,1017.1,1009.7,False,False,False,False
2022-07-25,1010.4583333333334,24,1016.3,1008.0,False,False,False,False
2022-07-26,1019.0625,24,1021.0,1016.5,False,False,False,False
2022-07-27,1020.0541666666667,24,1021.2,1018.4,False,False,False,False
2022-07-28,1017.3416666666667,24,1018.6,1016.5,False,False,False,False
2022-07-29,1018.3249999999999,24,1019.4,1017.6,False,False,False,False
2022-07-30,1018.0291666666667,24,1019.4,1016.7,False,False,False,False
2022-07-31,1016.0083333333333,24,1017.8,1015.0,False,False,False,False
2022-08-01,1017.8708333333334,24,1019.0,1016.6,False,False,False,False
2022-08-02,1014.9958333333334,24,1016.9,1013.6,False,False,False,False
2022-08-03,1013.25,24,1013.9,1012.2,False,False,False,False
2022-08-04,1015.1083333333332,24,1018.0,1013.5,False,False,False,False
2022-08-05,1022.3041666666667,24,1026.9,1018.3,False,False,False,False
2022-08-06,1028.075,24,1029.5,1026.5,False,False,False,False
2022-08-07,1025.625,24,1027.4,1023.4,False,False,False,False
2022-08-08,1026.4083333333333,24,1028.4,1025.3,False,False,False,False
2022-08-09,1028.3999999999999,24,1029.9,1027.1,False,False,False,False
2022-08-10,1025.2875000000001,24,1027.8,1022.9,False,False,False,False
2022-08-11,1021.275,24,1023.3,1019.0,False,False,False,False
2022-08-12,1017.8666666666667,24,1020.5,1015.9,False,False,False,False
2022-08-13,1013.6125000000001,24,1016.3,1011.3,False,False,False,False
2022-08-14,1006.5666666666666,24,1011.1,1003.6,False,False,False,False
2022-08-15,1002.7833333333333,24,1005.6,1001.8,False,False,False,False
2022-08-16,1007.3458333333333,24,1009.3,1005.4,False,False,False,False
2022-08-17,1011.6458333333334,24,1014.6,1009.2,False,False,False,False
2022-08-18,1013.7333333333332,24,1014.9,1012.3,False,False,False,False
2022-08-19,1014.4791666666666,24,1017.7,1012.7,False,False,False,False
2022-08-20,1017.0749999999999,24,1018.3,1015.6,False,False,False,False
2022-08-21,1015.65,24,1016.3,1014.6,False,False,False,False
2022-08-22,1013.725,24,1015.5,1012.3,False,False,False,False
2022-08-23,1013.8791666666666,24,1015.9,1012.4,False,False,False,False
2022-08-24,1016.0791666666668,24,1016.9,1015.5,False,False,False,False
2022-08-25,1017.1916666666666,24,1019.6,1015.4,False,False,False,False
2022-08-26,1018.9625,24,1020.1,1017.5,False,False,False,False
2022-08-27,1018.8791666666666,24,1020.8,1018.1,False,False,False,False
2022-08-28,1021.625,24,1022.6,1020.9,False,False,False,False
2022-08-29,1022.6166666666667,24,1023.3,1021.7,False,False,False,False
2022-08-30,1022.7791666666667,24,1024.3,1021.6,False,False,False,False
2022-08-31,1023.2624999999999,24,1024.5,1021.7,False,False,False,False
2022-09-01,1018.9791666666666,24,1021.8,1016.9,False,False,False,False
2022-09-02,1012.2833333333333,24,1016.6,1009.0,False,False,False,False
2022-09-03,1009.2916666666666,24,1012.1,1008.0,False,False,False,False
2022-09-04,1014.3583333333332,24,1015.7,1012.3,False,False,False,False
2022-09-05,1015.0291666666667,24,1017.2,1012.7,False,False,False,False
2022-09-06,1011.4958333333334,24,1013.3,1009.4,False,False,False,False
2022-09-07,1008.3249999999999,24,1009.8,1006.6,False,False,False,False
2022-09-08,1004.0833333333334,24,1006.0,1002.4,False,False,False,False
2022-09-09,1005.875,24,1010.9,1001.7,False,False,False,False
2022-09-10,1015.1409090909091,22,1019.0,1011.0,False,False,False,False
2022-09-11,1017.5545454545455,22,1019.3,1015.0,False,False,False,False
2022-09-12,1011.6750000000001,24,1014.6,1009.7,False,False,False,False
2022-09-13,1010.4166666666666,24,1011.5,1009.1,False,False,False,False
2022-09-14,1007.2875,24,1009.9,1006.2,False,False,False,False
2022-09-15,1012.4875000000001,24,1015.3,1010.1,False,False,False,False
2022-09-16,1017.8916666666668,24,1021.9,1015.5,False,False,False,False
2022-09-17,1022.1208333333334,24,1023.0,1021.0,False,False,False,False
2022-09-18,1021.1833333333334,24,1023.1,1020.3,False,False,False,False
2022-09-19,1024.3416666666667,24,1025.3,1023.2,False,False,False,False
2022-09-20,1025.9125000000001,24,1026.7,1025.2,False,False,False,False
2022-09-21,1025.5166666666667,24,1026.7,1024.0,False,False,False,False
2022-09-22,1019.8166666666666,24,1023.6,1016.4,False,False,False,False
2022-09-23,1014.8958333333334,24,1016.2,1013.7,False,False,False,False
2022-09-24,1016.7375000000001,24,1020.0,1014.7,False,False,False,False
2022-09-25,1017.7666666666668,24,1020.5,1011.1,False,False,False,False
2022-09-26,1002.9208333333332,24,1010.2,1000.4,False,False,False,False
2022-09-27,1001.2875,24,1003.5,999.4,False,False,False,False
2022-09-28,1000.0916666666667,24,1000.7,999.6,False,False,False,False
2022-09-29,1003.8458333333333,24,1009.2,999.9,False,False,False,False
2022-09-30,1005.3541666666666,24,1009.6,997.7,False,False,False,False
2022-10-01,1007.2125,24,1014.5,999.4,False,False,False,False
2022-10-02,1020.4791666666666,24,1026.8,1014.8,False,False,False,False
2022-10-03,1025.2541666666666,24,1027.3,1021.1,False,False,False,False
2022-10-04,1016.8541666666666,24,1020.6,1014.3,False,False,False,False
2022-10-05,1012.5625,24,1022.1,1008.3,False,False,False,False
2022-10-06,1026.9708333333333,24,1029.0,1023.2,False,False,False,False
2022-10-07,1019.5083333333333,24,1025.1,1015.5,False,False,False,False
2022-10-08,1022.9291666666667,24,1024.6,1018.5,False,False,False,False
2022-10-09,1017.5166666666668,24,1023.7,1011.6,False,False,False,False
2022-10-10,1018.0875,24,1026.4,1010.9,False,False,False,False
2022-10-11,1026.5458333333333,24,1028.3,1024.8,False,False,False,False
2022-10-12,1020.6583333333333,24,1024.5,1017.9,False,False,False,False
2022-10-13,1015.5166666666668,24,1017.8,1014.2,False,False,False,False
2022-10-14,1009.8583333333332,24,1014.1,1006.9,False,False,False,False
2022-10-15,1003.8125,24,1006.4,1002.6,False,False,False,False
2022-10-16,1009.8708333333334,24,1012.5,1005.6,False,False,False,False
2022-10-17,1017.1666666666666,24,1024.8,1009.2,False,False,False,False
2022-10-18,1027.2375,24,1028.6,1025.2,False,False,False,False
2022-10-19,1019.3083333333334,24,1026.4,1012.0,False,False,False,False
2022-10-20,1006.6999999999999,24,1011.3,1004.3,False,False,False,False
2022-10-21,1001.7125,24,1004.3,1000.6,False,False,False,False
2022-10-22,1008.7833333333333,24,1011.1,1002.5,False,False,False,False
2022-10-23,1000.9499999999999,24,1009.3,995.3,False,False,False,False
2022-10-24,1002.5958333333333,24,1009.7,993.2,False,False,False,False
2022-10-25,1010.8291666666668,24,1012.7,1007.5,False,False,False,False
2022-10-26,1011.0041666666666,24,1016.6,1006.2,False,False,False,False
2022-10-27,1014.0333333333333,24,1016.1,1012.7,False,False,False,False
2022-10-28,1015.0625,24,1019.6,1011.0,False,False,False,False
2022-10-29,1013.7416666666667,24,1018.4,1011.3,False,False,False,False
2022-10-30,1014.7166666666667,24,1017.1,1013.7,False,False,False,False
2022-10-31,1010.7166666666667,24,1017.0,999.8,False,False,False,False
2022-11-01,1005.7624999999999,24,1009.6,998.3,False,False,False,False
2022-11-02,1012.6458333333334,24,1017.1,1007.1,False,False,False,False
2022-11-03,1000.8291666666668,24,1006.5,998.6,False,False,False,False
2022-11-04,1010.1083333333332,24,1017.0,999.1,False,False,False,False
2022-11-05,1013.3916666666668,24,1016.9,1009.1,False,False,False,False
2022-11-06,1003.1916666666666,24,1008.8,999.6,False,False,False,False
2022-11-07,1003.3958333333334,24,1004.5,1000.6,False,False,False,False
2022-11-08,997.7166666666667,24,999.8,996.8,False,False,False,False
2022-11-09,1002.0666666666666,12,1006.2,999.8,False,False,False,False
2022-11-10,1022.0666666666666,12,1023.6,1020.4,False,False,False,False
2022-11-11,1025.7375,24,1028.4,1023.4,False,False,False,False
2022-11-12,1026.5458333333333,24,1028.3,1024.4,False,False,False,False
2022-11-13,1019.4208333333332,24,1024.3,1013.8,False,False,False,False
2022-11-14,1008.4333333333334,24,1013.2,1005.2,False,False,False,False
2022-11-15,996.1708333333332,24,1004.9,992.0,False,False,False,False
2022-11-16,988.5541666666667,24,993.5,975.8,False,True,True,False
2022-11-17,983.2125,24,990.9,973.9,True,True,True,False
2022-11-18,1000.6791666666667,24,1009.0,991.7,False,False,False,False
2022-11-19,1012.0333333333333,24,1013.0,1009.7,False,False,False,False
2022-11-20,1008.2416666666667,24,1012.0,1006.3,False,False,False,False
2022-11-21,993.9333333333334,24,1008.1,982.2,False,False,True,False
2022-11-22,988.6958333333333,24,993.4,986.0,False,True,False,False
2022-11-23,992.0541666666667,24,997.4,986.2,False,False,False,False
2022-11-24,1002.5416666666666,24,1005.1,998.1,False,False,False,False
2022-11-25,1014.9250000000001,24,1024.2,1004.0,False,False,False,False
2022-11-26,1022.5875,24,1024.9,1016.7,False,False,False,False
2022-11-27,1012.1791666666667,24,1016.2,1008.5,False,False,False,False
2022-11-28,1009.3625000000001,24,1013.8,1007.5,False,False,False,False
2022-11-29,1019.8541666666666,24,1023.0,1014.6,False,False,False,False
2022-11-30,1025.3291666666667,24,1028.7,1022.7,False,False,False,False
2022-12-01,1028.7583333333334,24,1030.0,1028.2,False,False,False,False
2022-12-02,1025.4958333333334,24,1028.1,1024.2,False,False,False,False
2022-12-03,1020.3291666666668,24,1023.9,1017.0,False,False,False,False
2022-12-04,1016.8249999999999,24,1019.1,1015.6,False,False,False,False
2022-12-05,1021.7458333333334,24,1024.2,1019.2,False,False,False,False
2022-12-06,1023.6458333333334,24,1024.5,1022.7,False,False,False,False
2022-12-07,1020.8916666666668,24,1023.7,1016.5,False,False,False,False
2022-12-08,1011.6416666666668,24,1015.9,1009.4,False,False,False,False
2022-12-09,1008.6,24,1009.5,1007.9,False,False,False,False
2022-12-10,1009.8916666666668,24,1010.5,1009.5,False,False,False,False
2022-12-11,1007.6999999999999,24,1009.7,1006.5,False,False,False,False
2022-12-12,1008.6791666666667,24,1009.8,1007.0,False,False,False,False
2022-12-13,1007.2416666666667,24,1009.7,1003.9,False,False,False,False
2022-12-14,1005.8833333333333,24,1009.3,1003.5,False,False,False,False
2022-12-15,1011.3041666666667,24,1014.0,1009.5,False,False,False,False
2022-12-16,1018.1916666666666,24,1021.5,1014.3,False,False,False,False
2022-12-17,1022.25,24,1023.7,1021.2,False,False,False,False
2022-12-18,1016.2333333333332,24,1023.0,1008.1,False,False,False,False
2022-12-19,1006.5666666666666,24,1008.0,1005.4,False,False,False,False
2022-12-20,1007.0458333333332,24,1010.1,1003.1,False,False,False,False
2022-12-21,1006.1583333333333,24,1009.9,1003.2,False,False,False,False
2022-12-22,1003.1875,24,1004.9,1001.4,False,False,False,False
2022-12-23,1002.4541666666668,24,1005.5,998.5,False,False,False,False
2022-12-24,1009.4499999999999,24,1011.2,1005.8,False,False,False,False
2022-12-25,1007.7791666666667,24,1009.4,1006.7,False,False,False,False
2022-12-26,1015.3666666666667,24,1022.5,1006.8,False,False,False,False
2022-12-27,1019.2458333333334,24,1023.5,1010.3,False,False,False,False
2022-12-28,1001.9458333333333,24,1009.8,994.9,False,False,False,False
2022-12-29,1000.7208333333333,24,1006.7,994.4,False,False,False,False
2022-12-30,997.15,24,1006.3,989.1,False,False,False,False
2022-12-31,999.4791666666666,24,1002.4,997.4,False,False,False,False
2023-01-01,1007.8375,24,1010.0,1003.0,False,False,False,False
2023-01-02,1016.7041666666668,24,1023.6,1009.0,False,False,False,False
2023-01-03,1018.6416666666668,24,1023.1,1013.4,False,False,False,False
2023-01-04,1014.2583333333333,24,1018.2,1012.1,False,False,False,False
2023-01-05,1018.4499999999999,24,1020.5,1013.9,False,False,False,False
2023-01-06,1013.7125,24,1016.6,1010.6,False,False,False,False
2023-01-07,1000.7083333333334,24,1009.9,995.5,False,False,False,False
2023-01-08,992.8458333333333,24,997.4,988.4,False,False,False,False
2023-01-09,1001.0,24,1013.4,988.5,False,False,False,False
2023-01-10,1008.2083333333334,24,1015.2,1001.7,False,False,False,False
2023-01-11,1008.1916666666666,24,1010.5,1004.0,False,False,False,False
2023-01-12,1002.8083333333334,24,1005.2,1001.2,False,False,False,False
2023-01-13,1008.4499999999999,24,1015.3,1002.0,False,False,False,False
2023-01-14,1000.5739130434783,23,1012.6,994.3,False,False,False,False
2023-01-15,998.1833333333334,24,999.9,991.8,False,False,False,False
2023-01-16,985.9250000000001,24,989.7,981.5,True,True,True,False
2023-01-17,989.625,24,993.5,987.6,False,True,False,False
2023-01-18,998.0708333333333,24,1005.2,993.6,False,False,False,False
2023-01-19,1007.9416666666666,24,1012.7,1005.8,False,False,False,False
2023-01-20,1018.8708333333334,24,1026.2,1013.0,False,False,False,False
2023-01-21,1032.2416666666666,24,1035.5,1026.9,False,False,False,False
2023-01-22,1035.5583333333334,24,1036.7,1034.6,False,False,False,False
2023-01-23,1037.6375,24,1038.7,1036.2,False,False,False,False
2023-01-24,1038.8083333333334,24,1039.9,1038.2,False,False,False,False
2023-01-25,1032.9583333333333,24,1037.8,1027.9,False,False,False,False
2023-01-26,1030.0874999999999,24,1031.5,1028.3,False,False,False,False
2023-01-27,1030.4750000000001,24,1031.7,1029.7,False,False,False,False
2023-01-28,1031.75,24,1032.8,1031.1,False,False,False,False
2023-01-29,1026.45,24,1030.9,1022.1,False,False,False,False
2023-01-30,1024.7166666666667,24,1027.9,1020.8,False,False,False,False
2023-01-31,1024.7083333333333,24,1027.2,1023.1,False,False,False,False
2023-02-01,1024.6499999999999,24,1026.1,1023.8,False,False,False,False
2023-02-02,1026.9291666666666,24,1028.2,1025.9,False,False,False,False
2023-02-03,1031.1333333333334,24,1035.3,1028.2,False,False,False,False
2023-02-04,1037.8666666666666,24,1039.7,1035.7,False,False,False,False
2023-02-05,1044.3083333333334,24,1046.4,1039.7,True,True,False,False
2023-02-06,1041.8458333333333,24,1045.1,1038.9,False,True,False,False
2023-02-07,1038.75,24,1039.8,1038.1,False,False,False,False
2023-02-08,1034.5666666666666,24,1038.1,1030.7,False,False,False,False
2023-02-09,1032.6791666666666,24,1036.6,1029.6,False,False,False,False
2023-02-10,1036.4166666666667,24,1037.5,1035.6,False,False,False,False
2023-02-11,1036.5,24,1037.8,1035.3,False,False,False,False
2023-02-12,1037.2541666666666,24,1038.3,1036.0,False,False,False,False
2023-02-13,1033.9708333333333,24,1036.1,1032.2,False,False,False,False
2023-02-14,1030.5333333333333,24,1032.4,1027.2,False,False,False,False
2023-02-15,1023.2375000000001,24,1027.0,1021.3,False,False,False,False
2023-02-16,1020.0,24,1022.3,1018.5,False,False,False,False
2023-02-17,1021.275,24,1024.2,1019.4,False,False,False,False
2023-02-18,1021.025,24,1022.8,1020.0,False,False,False,False
2023-02-19,1026.0375000000001,24,1028.5,1021.9,False,False,False,False
2023-02-20,1023.8666666666667,24,1026.6,1021.5,False,False,False,False
2023-02-21,1017.7624999999999,24,1021.4,1013.5,False,False,False,False
2023-02-22,1011.7333333333332,24,1013.8,1010.6,False,False,False,False
2023-02-23,1017.8958333333334,24,1020.4,1014.3,False,False,False,False
2023-02-24,1013.8833333333333,24,1019.1,1010.6,False,False,False,False
2023-02-25,1017.2541666666666,24,1021.6,1014.9,False,False,False,False
2023-02-26,1026.8416666666667,24,1030.7,1022.2,False,False,False,False
2023-02-27,1031.4041666666667,24,1032.8,1030.5,False,False,False,False
2023-02-28,1032.3374999999999,24,1033.8,1030.5,False,False,False,False
2023-03-01,1028.8708333333334,24,1032.7,1025.4,False,False,False,False
2023-03-02,1025.7083333333333,24,1027.5,1024.6,False,False,False,False
2023-03-03,1028.7625,24,1030.4,1027.4,False,False,False,False
2023-03-04,1029.2,24,1030.9,1026.6,False,False,False,False
2023-03-05,1019.0124999999999,24,1026.2,1011.7,False,False,False,False
2023-03-06,1005.7708333333334,24,1011.4,1001.2,False,False,False,False
2023-03-07,1000.0625,24,1001.0,999.1,False,False,False,False
2023-03-08,991.5083333333333,24,998.1,989.1,False,False,False,False
2023-03-09,990.9125,24,994.4,983.4,False,False,False,False
2023-03-10,996.6791666666667,24,1009.8,981.0,False,False,True,False
2023-03-11,1009.4291666666667,24,1011.2,1006.9,False,False,False,False
2023-03-12,1005.4833333333332,24,1008.8,997.6,False,False,False,False
2023-03-13,990.4583333333334,24,996.3,986.4,False,False,False,False
2023-03-14,1002.8000000000001,24,1013.6,986.4,False,False,False,False
2023-03-15,1015.5625,24,1017.7,1011.8,False,False,False,False
2023-03-16,1006.2166666666667,24,1011.1,1003.2,False,False,False,False
2023-03-17,1003.775,24,1005.1,1003.1,False,False,False,False
2023-03-18,1006.0083333333333,24,1009.2,1004.6,False,False,False,False
2023-03-19,1015.5666666666666,24,1018.9,1009.6,False,False,False,False
2023-03-20,1016.4541666666668,24,1018.6,1014.2,False,False,False,False
2023-03-21,1008.8833333333333,24,1013.5,1005.2,False,False,False,False
2023-03-22,999.9125,24,1004.4,996.0,False,False,False,False
2023-03-23,996.975,24,998.7,993.7,False,False,False,False
2023-03-24,997.8625000000001,24,999.0,995.1,False,False,False,False
2023-03-25,1003.3249999999999,24,1006.5,999.0,False,False,False,False
2023-03-26,1007.4916666666667,24,1019.9,1000.1,False,False,False,False
2023-03-27,1024.9750000000001,24,1026.6,1020.6,False,False,False,False
2023-03-28,1018.85,24,1025.4,1013.9,False,False,False,False
2023-03-29,1008.6666666666666,24,1013.9,1002.4,False,False,False,False
2023-03-30,1002.8666666666667,24,1005.1,996.9,False,False,False,False
2023-03-31,988.9583333333334,24,996.8,983.6,False,False,False,False
2023-04-01,1006.5083333333333,24,1016.8,997.8,False,False,False,False
2023-04-02,1025.5291666666667,24,1031.5,1017.6,False,False,False,False
2023-04-03,1029.8958333333333,24,1031.3,1028.3,False,False,False,False
2023-04-04,1027.1083333333333,24,1029.3,1024.6,False,False,False,False
2023-04-05,1020.6041666666666,24,1025.0,1016.2,False,False,False,False
2023-04-06,1014.1208333333334,24,1018.1,1012.0,False,False,False,False
2023-04-07,1020.6416666666668,24,1023.5,1018.2,False,False,False,False
2023-04-08,1025.3833333333334,24,1026.7,1023.9,False,False,False,False
2023-04-09,1021.275,24,1025.3,1016.5,False,False,False,False
2023-04-10,1009.9125,24,1015.5,1006.5,False,False,False,False
2023-04-11,1008.4499999999999,24,1013.4,997.5,False,False,False,False
2023-04-12,993.4166666666666,24,997.8,988.3,False,False,False,False
2023-04-13,1001.5458333333332,24,1005.9,994.8,False,False,False,False
2023-04-14,1004.4916666666667,24,1007.8,1002.9,False,False,False,False
2023-04-15,1017.9875000000001,24,1025.5,1008.3,False,False,False,False
2023-04-16,1025.8958333333333,24,1026.5,1025.3,False,False,False,False
2023-04-17,1027.5875,24,1029.5,1026.1,False,False,False,False
2023-04-18,1027.4333333333334,24,1029.4,1026.0,False,False,False,False
2023-04-19,1024.8458333333333,24,1026.1,1023.8,False,False,False,False
2023-04-20,1020.6999999999999,24,1024.2,1017.4,False,False,False,False
2023-04-21,1012.0333333333333,24,1017.1,1008.6,False,False,False,False
2023-04-22,1005.3625000000001,24,1008.1,1002.9,False,False,False,False
2023-04-23,1001.1583333333333,24,1004.6,999.5,False,False,False,False
2023-04-24,1009.85,24,1014.4,1005.4,False,False,False,False
2023-04-25,1018.1458333333334,24,1019.8,1015.2,False,False,False,False
2023-04-26,1018.4250000000001,24,1019.9,1017.5,False,False,False,False
2023-04-27,1014.7916666666666,24,1018.9,1008.5,False,False,False,False
2023-04-28,1011.4833333333332,24,1017.7,1007.5,False,False,False,False
2023-04-29,1020.4,24,1022.5,1017.9,False,False,False,False
2023-04-30,1020.7458333333334,24,1022.8,1018.4,False,False,False,False
2023-05-01,1018.0291666666667,24,1021.9,1016.4,False,False,False,False
2023-05-02,1026.2541666666666,24,1028.6,1022.2,False,False,False,False
2023-05-03,1025.6291666666666,24,1028.5,1021.6,False,False,False,False
2023-05-04,1015.1,24,1021.0,1012.1,False,False,False,False
2023-05-05,1013.8958333333334,24,1014.7,1012.9,False,False,False,False
2023-05-06,1013.7041666666668,24,1014.6,1012.7,False,False,False,False
2023-05-07,1017.0791666666668,24,1020.6,1014.0,False,False,False,False
2023-05-08,1018.725,24,1020.5,1014.4,False,False,False,False
2023-05-09,1010.6291666666666,24,1013.5,1008.4,False,False,False,False
2023-05-10,1012.5500000000001,24,1014.4,1010.2,False,False,False,False
2023-05-11,1015.9521739130436,23,1019.0,1014.4,False,False,False,False
2023-05-12,1022.5333333333333,24,1026.2,1019.3,False,False,False,False
2023-05-13,1026.0458333333333,24,1027.2,1024.6,False,False,False,False
2023-05-14,1020.3583333333332,24,1024.3,1017.1,False,False,False,False
2023-05-15,1020.0749999999999,24,1023.8,1017.1,False,False,False,False
2023-05-16,1024.9333333333334,24,1027.1,1023.9,False,False,False,False
2023-05-17,1028.1958333333334,24,1029.3,1027.2,False,False,False,False
2023-05-18,1028.0291666666667,24,1029.1,1026.6,False,False,False,False
2023-05-19,1027.1000000000001,24,1028.0,1025.7,False,False,False,False
2023-05-20,1024.9624999999999,24,1027.8,1022.4,False,False,False,False
2023-05-21,1021.4625,24,1022.7,1020.2,False,False,False,False
2023-05-22,1021.2875,24,1025.4,1019.5,False,False,False,False
2023-05-23,1026.4624999999999,24,1027.1,1025.5,False,False,False,False
2023-05-24,1025.6125,24,1026.8,1024.4,False,False,False,False
2023-05-25,1029.2916666666667,24,1030.7,1027.0,False,False,False,False
2023-05-26,1031.1541666666667,24,1032.3,1030.1,False,False,False,False
2023-05-27,1026.2083333333333,24,1030.2,1023.2,False,False,False,False
2023-05-28,1023.2916666666666,24,1026.2,1022.4,False,False,False,False
2023-05-29,1027.5333333333333,24,1028.9,1026.6,False,False,False,False
2023-05-30,1029.1458333333333,24,1030.4,1028.2,False,False,False,False
2023-05-31,1026.7958333333333,24,1028.3,1025.1,False,False,False,False
2023-06-01,1025.3041666666666,24,1026.6,1023.3,False,False,False,False
2023-06-02,1024.3208333333334,24,1025.4,1022.9,False,False,False,False
2023-06-03,1023.3166666666666,24,1024.5,1021.9,False,False,False,False
2023-06-04,1023.7666666666668,24,1025.4,1022.7,False,False,False,False
2023-06-05,1024.3333333333333,24,1025.5,1022.7,False,False,False,False
2023-06-06,1023.3458333333333,24,1024.1,1022.3,False,False,False,False
2023-06-07,1021.7166666666667,24,1023.2,1019.9,False,False,False,False
2023-06-08,1018.3416666666667,24,1021.1,1015.4,False,False,False,False
2023-06-09,1013.9666666666667,24,1016.2,1012.3,False,False,False,False
2023-06-10,1013.0666666666666,24,1014.3,1012.1,False,False,False,False
2023-06-11,1013.6041666666666,24,1014.4,1012.6,False,False,False,False
2023-06-12,1014.1708333333332,24,1014.8,1013.4,False,False,False,False
2023-06-13,1014.0958333333333,24,1016.3,1013.2,False,False,False,False
2023-06-14,1017.2458333333334,24,1019.5,1016.3,False,False,False,False
2023-06-15,1019.9,24,1020.7,1019.1,False,False,False,False
2023-06-16,1019.0083333333333,24,1020.8,1016.9,False,False,False,False
2023-06-17,1014.0416666666666,24,1017.5,1011.7,False,False,False,False
2023-06-18,1008.8666666666667,24,1011.4,1007.3,False,False,False,False
2023-06-19,1010.3874999999999,24,1011.3,1008.4,False,False,False,False
2023-06-20,1008.0791666666668,24,1011.1,1006.2,False,False,False,False
2023-06-21,1015.6875,24,1018.6,1011.5,False,False,False,False
2023-06-22,1018.5791666666668,24,1021.5,1017.1,False,False,False,False
2023-06-23,1023.0958333333333,24,1024.3,1021.0,False,False,False,False
2023-06-24,1022.5583333333334,24,1024.6,1019.3,False,False,False,False
2023-06-25,1014.3791666666666,24,1018.7,1011.2,False,False,False,False
2023-06-26,1019.4499999999999,24,1021.9,1015.8,False,False,False,False
2023-06-27,1020.7041666666668,24,1022.3,1018.8,False,False,False,False
2023-06-28,1016.875,24,1018.7,1015.2,False,False,False,False
2023-06-29,1015.7125,24,1016.6,1014.4,False,False,False,False
2023-06-30,1011.6291666666666,24,1015.6,1005.8,False,False,False,False
2023-07-01,1006.0458333333332,24,1009.8,1004.2,False,False,False,False
2023-07-02,1011.3208333333333,24,1012.2,1010.1,False,False,False,False
2023-07-03,1010.6875,24,1011.6,1009.1,False,False,False,False
2023-07-04,1009.775,24,1011.8,1005.5,False,False,False,False
2023-07-05,1010.9416666666666,24,1015.3,1006.2,False,False,False,False
2023-07-06,1015.9083333333333,24,1016.7,1015.4,False,False,False,False
2023-07-07,1015.2041666666668,24,1016.8,1013.4,False,False,False,False
2023-07-08,1014.8958333333334,24,1017.1,1012.3,False,False,False,False
2023-07-09,1018.9250000000001,24,1020.5,1017.4,False,False,False,False
2023-07-10,1018.8291666666668,24,1021.0,1014.4,False,False,False,False
2023-07-11,1009.8833333333333,24,1013.5,1008.0,False,False,False,False
2023-07-12,1011.4625,24,1014.4,1008.9,False,False,False,False
2023-07-13,1015.8458333333333,24,1016.9,1014.5,False,False,False,False
2023-07-14,1008.1875,24,1016.4,1000.6,False,False,False,False
2023-07-15,1000.9208333333332,24,1003.5,999.7,False,False,False,False
2023-07-16,1009.4833333333332,24,1014.2,1004.0,False,False,False,False
2023-07-17,1017.5416666666666,24,1020.9,1014.5,False,False,False,False
2023-07-18,1017.7583333333333,24,1021.0,1014.6,False,False,False,False
2023-07-19,1014.9458333333333,24,1016.3,1014.2,False,False,False,False
2023-07-20,1015.0541666666667,24,1016.5,1013.0,False,False,False,False
2023-07-21,1013.9,24,1014.8,1013.6,False,False,False,False
2023-07-22,1010.3333333333334,24,1014.5,1004.7,False,False,False,False
2023-07-23,1003.0208333333334,24,1004.2,1001.6,False,False,False,False
2023-07-24,1005.5291666666667,24,1009.0,1002.7,False,False,False,False
2023-07-25,1010.5,24,1013.0,1008.9,False,False,False,False
2023-07-26,1011.65,24,1013.6,1006.1,False,False,False,False
2023-07-27,1003.3249999999999,24,1005.1,1002.7,False,False,False,False
2023-07-28,1005.8791666666666,24,1006.6,1004.9,False,False,False,False
2023-07-29,1006.2624999999999,24,1009.0,1005.3,False,False,False,False
2023-07-30,1010.3916666666668,24,1011.2,1009.2,False,False,False,False
2023-07-31,1004.2624999999999,24,1009.1,1001.1,False,False,False,False
2023-08-01,1001.1416666666668,24,1002.5,997.5,False,False,False,False
2023-08-02,988.3958333333334,24,996.0,984.4,False,False,False,False
2023-08-03,1004.7708333333334,24,1012.7,994.5,False,False,False,False
2023-08-04,1016.7875,24,1018.4,1013.2,False,False,False,False
2023-08-05,1007.9458333333333,24,1016.6,1000.9,False,False,False,False
2023-08-06,1016.4333333333334,24,1019.7,1011.8,False,False,False,False
2023-08-07,1019.0958333333333,24,1020.4,1017.4,False,False,False,False
2023-08-08,1015.0708333333333,24,1017.3,1012.9,False,False,False,False
2023-08-09,1017.8166666666666,24,1020.2,1014.6,False,False,False,False
2023-08-10,1019.0124999999999,24,1020.3,1017.6,False,False,False,False
2023-08-11,1017.1958333333333,24,1018.5,1015.9,False,False,False,False
2023-08-12,1014.3833333333333,24,1015.9,1013.2,False,False,False,False
2023-08-13,1013.6583333333333,24,1014.6,1012.9,False,False,False,False
2023-08-14,1010.9291666666667,24,1013.2,1009.7,False,False,False,False
2023-08-15,1015.7958333333332,24,1019.3,1012.4,False,False,False,False
2023-08-16,1020.0666666666666,24,1021.1,1019.1,False,False,False,False
2023-08-17,1019.4375,24,1020.8,1017.6,False,False,False,False
2023-08-18,1013.1708333333332,24,1017.3,1008.4,False,False,False,False
2023-08-19,1013.8541666666666,24,1019.4,1008.5,False,False,False,False
2023-08-20,1021.6541666666667,24,1023.6,1019.9,False,False,False,False
2023-08-21,1022.975,24,1024.8,1021.0,False,False,False,False
2023-08-22,1020.3583333333332,24,1021.1,1019.3,False,False,False,False
2023-08-23,1019.2666666666668,24,1021.1,1016.5,False,False,False,False
2023-08-24,1011.8375,24,1016.1,1009.3,False,False,False,False
2023-08-25,1009.6041666666666,24,1010.4,1008.4,False,False,False,False
2023-08-26,1008.5375,24,1009.4,1008.0,False,False,False,False
2023-08-27,1010.6166666666667,24,1013.7,1008.9,False,False,False,False
2023-08-28,1014.3666666666667,24,1015.1,1013.5,False,False,False,False
2023-08-29,1011.8041666666667,24,1014.5,1008.4,False,False,False,False
2023-08-30,1008.4833333333332,24,1010.0,1008.0,False,False,False,False
2023-08-31,1009.6999999999999,24,1010.4,1009.0,False,False,False,False
2023-09-01,1010.6,24,1015.1,1008.0,False,False,False,False
2023-09-02,1020.4708333333333,24,1025.8,1015.6,False,False,False,False
2023-09-03,1026.5083333333334,24,1027.6,1025.5,False,False,False,False
2023-09-04,1022.5208333333334,24,1026.3,1019.5,False,False,False,False
2023-09-05,1017.2416666666667,24,1019.5,1015.8,False,False,False,False
2023-09-06,1018.4250000000001,24,1019.7,1017.6,False,False,False,False
2023-09-07,1016.7583333333333,24,1018.8,1014.7,False,False,False,False
2023-09-08,1016.1458333333334,24,1016.9,1015.4,False,False,False,False
2023-09-09,1015.5083333333333,24,1016.1,1014.5,False,False,False,False
2023-09-10,1014.5916666666667,24,1016.0,1013.2,False,False,False,False
2023-09-11,1013.1625,24,1014.1,1012.1,False,False,False,False
2023-09-12,1013.6999999999999,24,1016.9,1012.6,False,False,False,False
2023-09-13,1020.9416666666666,24,1022.7,1017.3,False,False,False,False
2023-09-14,1020.4041666666667,24,1022.5,1018.4,False,False,False,False
2023-09-15,1014.5916666666667,24,1018.2,1011.7,False,False,False,False
2023-09-16,1012.9208333333332,24,1014.8,1011.7,False,False,False,False
2023-09-17,1010.1666666666666,24,1014.4,1003.4,False,False,False,False
2023-09-18,1002.2708333333334,24,1007.6,998.6,False,False,False,False
2023-09-19,1005.7541666666666,24,1008.0,1004.2,False,False,False,False
2023-09-20,998.5791666666668,24,1004.1,993.1,False,False,False,False
2023-09-21,995.6708333333332,24,996.3,994.7,False,False,False,False
2023-09-22,1001.4291666666667,24,1008.3,996.4,False,False,False,False
2023-09-23,1015.625,24,1020.0,1009.1,False,False,False,False
2023-09-24,1017.85,24,1019.8,1014.9,False,False,False,False
2023-09-25,1018.5958333333333,24,1020.8,1014.9,False,False,False,False
2023-09-26,1016.9708333333333,24,1019.8,1015.1,False,False,False,False
2023-09-27,1013.5833333333334,24,1019.0,1007.9,False,False,False,False
2023-09-28,1012.9083333333333,24,1015.2,1009.9,False,False,False,False
2023-09-29,1017.9250000000001,24,1025.1,1008.6,False,False,False,False
2023-09-30,1024.3458333333333,24,1026.4,1021.9,False,False,False,False
2023-10-01,1020.0916666666667,24,1021.9,1018.5,False,False,False,False
2023-10-02,1015.6791666666667,24,1019.4,1008.6,False,False,False,False
2023-10-03,1018.7083333333334,24,1026.3,1008.9,False,False,False,False
2023-10-04,1025.7958333333333,24,1026.8,1024.4,False,False,False,False
2023-10-05,1024.1875,24,1025.6,1023.3,False,False,False,False
2023-10-06,1022.9833333333332,24,1023.6,1022.3,False,False,False,False
2023-10-07,1022.8125,24,1024.5,1021.5,False,False,False,False
2023-10-08,1023.8249999999999,24,1025.1,1022.3,False,False,False,False
2023-10-09,1021.2916666666666,24,1022.6,1020.2,False,False,False,False
2023-10-10,1016.9208333333332,24,1019.9,1015.2,False,False,False,False
2023-10-11,1012.5333333333333,24,1014.6,1010.8,False,False,False,False
2023-10-12,1011.5166666666668,24,1012.5,1009.4,False,False,False,False
2023-10-13,1001.8458333333333,24,1008.3,997.9,False,False,False,False
2023-10-14,1016.9250000000001,24,1022.4,1008.5,False,False,False,False
2023-10-15,1025.5249999999999,24,1026.9,1022.8,False,False,False,False
2023-10-16,1021.5916666666667,24,1025.3,1018.5,False,False,False,False
2023-10-17,1013.8583333333332,24,1018.0,1008.4,False,False,False,False
2023-10-18,994.7541666666666,24,1007.5,982.4,False,False,True,False
2023-10-19,983.6958333333333,24,986.4,979.9,True,True,True,False
2023-10-20,976.525,24,979.2,974.4,True,True,True,False
2023-10-21,984.7416666666667,24,996.1,978.8,True,False,True,False
2023-10-22,1005.0500000000001,24,1010.2,997.3,False,False,False,False
2023-10-23,1007.3041666666667,24,1010.4,1003.3,False,False,False,False
2023-10-24,1000.875,24,1003.0,999.1,False,False,False,False
2023-10-25,995.8125,24,998.7,994.9,False,False,False,False
2023-10-26,991.1458333333334,24,994.7,989.9,False,False,False,False
2023-10-27,990.1750000000001,24,990.9,989.3,False,True,False,False
2023-10-28,987.5500000000001,24,990.5,982.0,False,True,True,False
2023-10-29,988.2833333333333,24,993.4,982.3,False,True,True,False
2023-10-30,995.2458333333334,24,997.7,993.7,False,False,False,False
2023-10-31,1000.0958333333333,24,1001.8,998.0,False,False,False,False
2023-11-01,990.975,24,999.4,979.0,False,False,True,False
2023-11-02,966.4791666666666,24,976.5,955.2,True,True,True,False
2023-11-03,981.7125,24,984.3,977.4,True,True,True,False
2023-11-04,970.3249999999999,24,983.8,964.6,True,True,True,False
2023-11-05,980.4791666666666,24,992.2,965.5,True,True,True,False
2023-11-06,998.3958333333334,24,1004.5,992.6,False,False,False,False
2023-11-07,1008.1666666666666,24,1011.0,1005.0,False,False,False,False
2023-11-08,1004.7041666666668,24,1011.0,1001.1,False,False,False,False
2023-11-09,997.0,24,1002.3,993.4,False,False,False,False
2023-11-10,996.3666666666667,24,1004.8,991.7,False,False,False,False
2023-11-11,1006.7833333333333,24,1008.6,1004.6,False,False,False,False
2023-11-12,1003.7125,24,1005.1,1002.7,False,False,False,False
2023-11-13,998.5916666666667,24,1003.7,993.9,False,False,False,False
2023-11-14,1004.4083333333333,24,1011.0,1001.2,False,False,False,False
2023-11-15,1015.9499999999999,24,1018.3,1011.7,False,False,False,False
2023-11-16,1013.975,24,1017.8,1010.4,False,False,False,False
2023-11-17,1019.6875,24,1021.7,1017.1,False,False,False,False
2023-11-18,1011.1999999999999,24,1020.4,1007.8,False,False,False,False
2023-11-19,1007.5500000000001,24,1009.7,1005.9,False,False,False,False
2023-11-20,1009.3874999999999,24,1013.4,1006.9,False,False,False,False
2023-11-21,1022.5958333333333,24,1030.4,1013.9,False,False,False,False
2023-11-22,1029.7291666666667,24,1031.6,1027.8,False,False,False,False
2023-11-23,1024.7,24,1027.7,1021.4,False,False,False,False
2023-11-24,1021.3416666666667,24,1022.4,1020.4,False,False,False,False
2023-11-25,1021.3874999999999,24,1022.4,1020.3,False,False,False,False
2023-11-26,1015.1208333333334,24,1020.4,1005.7,False,False,False,False
2023-11-27,1000.2708333333334,24,1004.9,996.7,False,False,False,False
2023-11-28,1008.975,24,1011.0,1004.4,False,False,False,False
2023-11-29,1004.8083333333334,24,1007.7,1002.9,False,False,False,False
2023-11-30,1002.9791666666666,24,1005.3,1002.0,False,False,False,False
2023-12-01,1008.1875,24,1012.3,1005.5,False,False,False,False
2023-12-02,1015.8333333333334,24,1017.7,1012.7,False,False,False,False
2023-12-03,1010.5333333333333,24,1016.0,1004.6,False,False,False,False
2023-12-04,997.4916666666667,24,1003.9,994.5,False,False,False,False
2023-12-05,1008.0458333333332,24,1015.8,999.6,False,False,False,False
2023-12-06,1017.3125,24,1018.4,1016.1,False,False,False,False
2023-12-07,1007.5333333333333,24,1015.8,999.7,False,False,False,False
2023-12-08,1004.3083333333334,24,1006.3,1000.8,False,False,False,False
2023-12-09,996.6374999999999,24,1005.7,989.2,False,False,False,False
2023-12-10,1001.4625,24,1006.6,996.7,False,False,False,False
2023-12-11,1003.3291666666668,24,1006.9,996.9,False,False,False,False
2023-12-12,997.8833333333333,24,1005.1,993.7,False,False,False,False
2023-12-13,1002.6791666666667,24,1015.1,994.1,False,False,False,False
2023-12-14,1021.5958333333333,24,1028.2,1015.7,False,False,False,False
2023-12-15,1035.5333333333333,24,1039.1,1028.9,False,False,False,False
2023-12-16,1038.575,24,1039.8,1037.4,False,False,False,False
2023-12-17,1034.1375,24,1037.9,1032.1,False,False,False,False
2023-12-18,1028.2041666666667,24,1031.8,1023.9,False,False,False,False
2023-12-19,1020.1750000000001,24,1023.2,1017.8,False,False,False,False
2023-12-20,1018.0875,24,1021.5,1012.2,False,False,False,False
2023-12-21,1008.0272727272727,22,1011.7,1005.2,False,False,False,False
2023-12-22,1012.5625,24,1015.9,1010.0,False,False,False,False
2023-12-23,1012.9541666666668,24,1015.7,1009.7,False,False,False,False
2023-12-24,1005.9833333333332,24,1009.4,1004.1,False,False,False,False
2023-12-25,1006.9958333333334,24,1009.0,1005.7,False,False,False,False
2023-12-26,1015.1916666666666,24,1018.8,1008.2,False,False,False,False
2023-12-27,1006.7958333333332,24,1016.9,999.9,False,False,False,False
2023-12-28,1004.8708333333334,24,1006.4,1003.3,False,False,False,False
2023-12-29,1006.8375,24,1010.4,1004.9,False,False,False,False
2023-12-30,1004.6958333333333,24,1011.4,992.2,False,False,False,False
2023-12-31,989.0166666666668,24,994.2,985.5,False,False,False,False
2024-01-01,999.3833333333333,24,1004.6,989.6,False,False,False,False
2024-01-02,985.9434782608696,23,990.7,977.2,True,True,True,False
2024-01-03,990.7541666666666,24,998.2,988.0,False,False,False,False
2024-01-04,998.9791666666666,24,1003.4,991.6,False,False,False,False
2024-01-05,1001.3791666666666,24,1009.1,992.0,False,False,False,False
2024-01-06,1016.2041666666668,24,1021.6,1009.8,False,False,False,False
2024-01-07,1026.9916666666666,24,1031.5,1022.3,False,False,False,False
2024-01-08,1031.6291666666666,24,1032.4,1031.1,False,False,False,False
2024-01-09,1030.5291666666667,24,1031.4,1029.9,False,False,False,False
2024-01-10,1029.2291666666667,24,1031.3,1028.2,False,False,False,False
2024-01-11,1036.2875000000001,24,1038.4,1031.8,False,False,False,False
2024-01-12,1035.7625,24,1038.1,1032.1,False,False,False,False
2024-01-13,1025.5458333333333,24,1031.6,1019.6,False,False,False,False
2024-01-14,1013.3958333333334,24,1018.7,1010.1,False,False,False,False
2024-01-15,1011.2291666666666,24,1013.7,1009.2,False,False,False,False
2024-01-16,1008.1,24,1013.6,1000.5,False,False,False,False
2024-01-17,993.3916666666668,24,999.7,990.0,False,False,False,False
2024-01-18,1007.0041666666666,24,1017.3,997.0,False,False,False,False
2024-01-19,1022.0124999999999,24,1025.1,1017.6,False,False,False,False
2024-01-20,1023.1875,24,1025.4,1016.8,False,False,False,False
2024-01-21,1010.4521739130436,23,1015.7,1000.3,False,False,False,False
2024-01-22,1007.6833333333334,24,1019.5,997.5,False,False,False,False
2024-01-23,1018.5,24,1024.2,1011.6,False,False,False,False
2024-01-24,1023.4173913043478,23,1030.0,1012.7,False,False,False,False
2024-01-25,1025.0458333333333,24,1030.1,1019.6,False,False,False,False
2024-01-26,1027.0249999999999,24,1035.1,1016.9,False,False,False,False
2024-01-27,1032.9541666666667,24,1035.2,1028.9,False,False,False,False
2024-01-28,1023.0208333333334,24,1028.4,1020.0,False,False,False,False
2024-01-29,1022.1541666666667,24,1023.3,1021.2,False,False,False,False
2024-01-30,1027.4416666666666,24,1034.4,1020.7,False,False,False,False
2024-01-31,1029.7791666666667,24,1034.7,1024.7,False,False,False,False
2024-02-01,1032.5208333333333,24,1034.9,1027.0,False,False,False,False
2024-02-02,1029.6708333333333,24,1032.4,1028.1,False,False,False,False
2024-02-03,1027.2749999999999,24,1028.3,1026.3,False,False,False,False
2024-02-04,1024.5874999999999,24,1026.4,1023.1,False,False,False,False
2024-02-05,1019.9041666666667,24,1024.1,1014.8,False,False,False,False
2024-02-06,1008.9833333333332,24,1014.6,1003.7,False,False,False,False
2024-02-07,1005.3125,24,1006.4,1004.0,False,False,False,False
2024-02-08,991.4166666666666,24,1003.6,979.5,False,False,True,False
2024-02-09,977.8291666666668,24,979.5,976.3,True,True,True,False
2024-02-10,983.0041666666666,24,985.0,979.6,True,True,True,False
2024-02-11,990.4708333333333,24,998.1,984.9,False,False,False,False
2024-02-12,1005.4208333333332,24,1012.7,998.6,False,False,False,False
2024-02-13,1011.6208333333334,24,1013.7,1008.7,False,False,False,False
2024-02-14,1012.3166666666666,24,1014.1,1010.9,False,False,False,False
2024-02-15,1008.6166666666667,24,1012.5,1005.3,False,False,False,False
2024-02-16,1014.9875000000001,24,1024.9,1005.8,False,False,False,False
2024-02-17,1028.4916666666666,24,1030.3,1025.7,False,False,False,False
2024-02-18,1025.2416666666666,24,1030.3,1021.5,False,False,False,False
2024-02-19,1029.5708333333334,24,1030.9,1028.4,False,False,False,False
2024-02-20,1026.1499999999999,24,1030.5,1021.7,False,False,False,False
2024-02-21,1007.125,24,1020.7,998.2,False,False,False,False
2024-02-22,985.6291666666666,24,998.0,975.3,True,False,True,False
2024-02-23,986.8166666666666,24,990.5,983.9,True,True,False,False
2024-02-24,994.8166666666666,24,998.3,990.8,False,False,False,False
2024-02-25,995.75,24,998.5,993.1,False,False,False,False
2024-02-26,1008.8000000000001,24,1020.4,995.9,False,False,False,False
2024-02-27,1020.5583333333334,24,1022.0,1018.8,False,False,False,False
2024-02-28,1016.9958333333334,24,1020.2,1010.4,False,False,False,False
2024-02-29,1004.1583333333333,24,1009.9,1001.6,False,False,False,False
2024-03-01,993.4291666666667,24,1001.2,989.4,False,False,False,False
2024-03-02,991.7291666666666,24,996.1,989.0,False,False,False,False
2024-03-03,1002.525,24,1008.8,996.6,False,False,False,False
2024-03-04,1008.8249999999999,24,1010.2,1007.3,False,False,False,False
2024-03-05,1012.6458333333334,24,1017.8,1008.4,False,False,False,False
2024-03-06,1021.0875,24,1023.8,1018.2,False,False,False,False
2024-03-07,1020.125,24,1023.9,1015.0,False,False,False,False
2024-03-08,1006.7708333333334,24,1014.4,999.3,False,False,False,False
2024-03-09,994.65,24,998.5,992.2,False,False,False,False
2024-03-10,995.1958333333333,24,999.2,992.1,False,False,False,False
2024-03-11,1006.0833333333334,24,1012.7,999.7,False,False,False,False
2024-03-12,1011.2875,24,1012.9,1009.6,False,False,False,False
2024-03-13,1012.2958333333332,24,1012.8,1011.7,False,False,False,False
2024-03-14,1007.0208333333334,24,1011.3,1003.7,False,False,False,False
2024-03-15,1005.3166666666666,24,1012.5,1003.3,False,False,False,False
2024-03-16,1019.1833333333334,24,1021.4,1013.1,False,False,False,False
2024-03-17,1014.8041666666667,24,1018.9,1012.7,False,False,False,False
2024-03-18,1014.6958333333333,24,1015.5,1014.0,False,False,False,False
2024-03-19,1015.625,24,1017.6,1013.8,False,False,False,False
2024-03-20,1018.3833333333333,24,1022.5,1016.6,False,False,False,False
2024-03-21,1024.2124999999999,24,1026.3,1022.2,False,False,False,False
2024-03-22,1017.7291666666666,24,1021.7,1015.3,False,False,False,False
2024-03-23,1011.7958333333332,24,1015.0,1009.6,False,False,False,False
2024-03-24,1009.8791666666666,24,1011.0,1008.7,False,False,False,False
2024-03-25,1000.4291666666667,24,1008.1,993.6,False,False,False,False
2024-03-26,987.4083333333333,24,993.0,982.4,False,True,True,False
2024-03-27,980.5958333333333,24,982.6,977.7,True,True,True,False
2024-03-28,977.725,24,982.2,973.4,True,True,True,False
2024-03-29,987.4250000000001,24,992.6,983.2,False,True,False,False
2024-03-30,994.7333333333332,24,997.2,993.0,False,False,False,False
2024-03-31,993.1833333333334,24,997.0,989.7,False,False,False,False
2024-04-01,994.0708333333333,24,997.8,989.7,False,False,False,False
2024-04-02,1001.6083333333332,24,1004.5,998.0,False,False,False,False
2024-04-03,1000.2666666666668,24,1004.0,997.2,False,False,False,False
2024-04-04,1002.7083333333334,24,1006.5,999.0,False,False,False,False
2024-04-05,1004.0083333333333,24,1006.8,999.8,False,False,False,False
2024-04-06,1002.0500000000001,24,1005.4,1000.0,False,False,False,False
2024-04-07,1007.9208333333332,24,1009.4,1004.7,False,False,False,False
2024-04-08,1004.1291666666666,24,1008.6,999.9,False,False,False,False
2024-04-09,1007.5458333333332,24,1022.0,996.5,False,False,False,False
2024-04-10,1025.2749999999999,24,1026.5,1022.5,False,False,False,False
2024-04-11,1028.5874999999999,24,1030.3,1025.4,False,False,False,False
2024-04-12,1028.3500000000001,24,1029.9,1026.6,False,False,False,False
2024-04-13,1022.3625000000001,24,1026.2,1019.1,False,False,False,False
2024-04-14,1022.15,24,1025.2,1017.2,False,False,False,False
2024-04-15,1008.3086956521738,23,1016.3,1004.3,False,False,False,False
2024-04-16,1012.6041666666666,24,1017.3,1008.0,False,False,False,False
2024-04-17,1015.8625000000001,24,1017.6,1014.2,False,False,False,False
2024-04-18,1021.2291666666666,24,1024.0,1018.1,False,False,False,False
2024-04-19,1018.1333333333333,24,1024.3,1015.5,False,False,False,False
2024-04-20,1028.0083333333334,24,1029.5,1024.7,False,False,False,False
2024-04-21,1029.8,24,1031.2,1028.9,False,False,False,False
2024-04-22,1027.9666666666667,24,1031.1,1025.4,False,False,False,False
2024-04-23,1022.6125000000001,24,1025.1,1020.9,False,False,False,False
2024-04-24,1016.4499999999999,24,1020.6,1012.7,False,False,False,False
2024-04-25,1004.9208333333332,24,1011.9,1001.6,False,False,False,False
2024-04-26,1003.3958333333334,24,1004.2,1002.3,False,False,False,False
2024-04-27,1002.7333333333332,24,1004.0,999.9,False,False,False,False
2024-04-28,1004.5666666666666,24,1013.8,996.6,False,False,False,False
2024-04-29,1014.9541666666668,24,1015.7,1013.9,False,False,False,False
2024-04-30,1011.1833333333334,24,1015.0,1008.8,False,False,False,False
2024-05-01,1007.0541666666667,24,1009.0,1003.0,False,False,False,False
2024-05-02,1001.9333333333334,24,1005.6,999.2,False,False,False,False
2024-05-03,1008.6999999999999,24,1011.6,1005.9,False,False,False,False
2024-05-04,1010.65,24,1012.3,1008.9,False,False,False,False
2024-05-05,1007.7541666666666,24,1009.1,1006.6,False,False,False,False
2024-05-06,1008.3333333333334,24,1013.8,1006.0,False,False,False,False
2024-05-07,1021.4250000000001,24,1027.4,1014.4,False,False,False,False
2024-05-08,1028.7458333333334,24,1029.7,1027.7,False,False,False,False
2024-05-09,1026.3666666666666,24,1029.2,1023.4,False,False,False,False
2024-05-10,1023.3833333333333,24,1024.5,1022.0,False,False,False,False
2024-05-11,1020.5749999999999,24,1022.9,1018.0,False,False,False,False
2024-05-12,1012.4958333333334,24,1017.3,1009.4,False,False,False,False
2024-05-13,1007.0458333333332,24,1009.6,1002.8,False,False,False,False
2024-05-14,1001.3333333333334,24,1003.1,1000.0,False,False,False,False
2024-05-15,1004.4250000000001,24,1006.2,1002.8,False,False,False,False
2024-05-16,1005.25,24,1006.5,1004.3,False,False,False,False
2024-05-17,1009.4541666666668,24,1011.9,1006.7,False,False,False,False
2024-05-18,1012.9625,24,1014.0,1011.7,False,False,False,False
2024-05-19,1013.9333333333334,24,1015.4,1012.8,False,False,False,False
2024-05-20,1013.5833333333334,24,1015.4,1011.2,False,False,False,False
2024-05-21,1009.4333333333334,24,1011.4,1007.9,False,False,False,False
2024-05-22,1006.9250000000001,24,1009.8,1005.4,False,False,False,False
2024-05-23,1013.3541666666666,24,1016.7,1010.0,False,False,False,False
2024-05-24,1018.2958333333332,24,1019.0,1016.8,False,False,False,False
2024-05-25,1016.4041666666667,24,1019.0,1013.6,False,False,False,False
2024-05-26,1011.7166666666667,24,1013.8,1010.6,False,False,False,False
2024-05-27,1015.0541666666667,24,1016.4,1014.1,False,False,False,False
2024-05-28,1012.2916666666666,24,1016.5,1009.2,False,False,False,False
2024-05-29,1008.6708333333332,24,1009.4,1007.8,False,False,False,False
2024-05-30,1010.4875000000001,24,1015.6,1008.2,False,False,False,False
2024-05-31,1018.9833333333332,24,1023.1,1015.9,False,False,False,False
2024-06-01,1025.3875,24,1027.9,1023.2,False,False,False,False
2024-06-02,1026.2375,24,1028.1,1023.9,False,False,False,False
2024-06-03,1021.0291666666667,24,1024.2,1017.7,False,False,False,False
2024-06-04,1011.5291666666667,24,1017.2,1008.1,False,False,False,False
2024-06-05,1014.0333333333333,24,1016.2,1011.7,False,False,False,False
2024-06-06,1017.0416666666666,24,1018.5,1015.9,False,False,False,False
2024-06-07,1017.9875000000001,24,1019.6,1015.9,False,False,False,False
2024-06-08,1013.4041666666667,24,1015.5,1012.0,False,False,False,False
2024-06-09,1012.7458333333334,24,1015.5,1010.1,False,False,False,False
2024-06-10,1011.1125000000001,24,1016.1,1005.8,False,False,False,False
2024-06-11,1018.3958333333334,24,1021.5,1016.1,False,False,False,False
2024-06-12,1020.5916666666667,24,1021.8,1018.9,False,False,False,False
2024-06-13,1012.7833333333333,24,1018.5,1005.2,False,False,False,False
2024-06-14,1000.9958333333334,24,1004.1,998.6,False,False,False,False
2024-06-15,999.3083333333334,24,1001.7,997.6,False,False,False,False
2024-06-16,1002.3833333333333,24,1006.5,1000.3,False,False,False,False
2024-06-17,1010.0333333333333,24,1013.5,1006.7,False,False,False,False
2024-06-18,1014.1333333333333,24,1017.1,1013.0,False,False,False,False
2024-06-19,1020.7875,24,1023.6,1017.8,False,False,False,False
2024-06-20,1019.75,24,1023.1,1016.9,False,False,False,False
2024-06-21,1013.1999999999999,24,1017.3,1010.4,False,False,False,False
2024-06-22,1012.9708333333333,24,1017.1,1010.9,False,False,False,False
2024-06-23,1019.3291666666668,24,1020.7,1017.5,False,False,False,False
2024-06-24,1018.9250000000001,24,1020.8,1016.9,False,False,False,False
2024-06-25,1015.5666666666666,24,1017.4,1013.6,False,False,False,False
2024-06-26,1011.6625,24,1015.0,1008.6,False,False,False,False
2024-06-27,1009.0,24,1012.7,1007.6,False,False,False,False
2024-06-28,1015.6666666666666,24,1017.7,1012.6,False,False,False,False
2024-06-29,1013.6625,24,1017.3,1009.9,False,False,False,False
2024-06-30,1013.0708333333333,24,1016.6,1010.2,False,False,False,False
2024-07-01,1017.7583333333333,24,1018.5,1016.7,False,False,False,False
2024-07-02,1017.725,24,1018.9,1015.3,False,False,False,False
2024-07-03,1008.9333333333334,24,1014.4,1005.0,False,False,False,False
2024-07-04,1009.1083333333332,24,1010.5,1005.7,False,False,False,False
2024-07-05,1005.6958333333333,24,1010.3,1000.1,False,False,False,False
2024-07-06,1002.2208333333333,24,1009.0,995.9,False,False,False,False
2024-07-07,1010.0083333333333,24,1013.3,1008.6,False,False,False,False
2024-07-08,1014.9,24,1015.9,1013.6,False,False,False,False
2024-07-09,1010.3541666666666,24,1013.2,1009.6,False,False,False,False
2024-07-10,1012.3416666666667,24,1016.0,1010.0,False,False,False,False
2024-07-11,1016.9125,24,1017.7,1016.1,False,False,False,False
2024-07-12,1016.6791666666667,24,1017.3,1015.9,False,False,False,False
2024-07-13,1013.8708333333334,24,1016.1,1012.4,False,False,False,False
2024-07-14,1011.8000000000001,24,1012.6,1011.1,False,False,False,False
2024-07-15,1008.0666666666666,24,1011.9,1004.3,False,False,False,False
2024-07-16,1009.6458333333334,24,1016.2,1005.6,False,False,False,False
2024-07-17,1019.9791666666666,24,1021.4,1016.8,False,False,False,False
2024-07-18,1020.1999999999999,24,1021.4,1018.8,False,False,False,False
2024-07-19,1015.6791666666667,24,1019.4,1012.5,False,False,False,False
2024-07-20,1008.2083333333334,24,1012.2,1005.4,False,False,False,False
2024-07-21,1010.1999999999999,24,1014.6,1006.1,False,False,False,False
2024-07-22,1014.5791666666668,24,1015.3,1013.8,False,False,False,False
2024-07-23,1017.7375000000001,24,1022.4,1013.9,False,False,False,False
2024-07-24,1019.8874999999999,24,1022.5,1016.7,False,False,False,False
2024-07-25,1011.3125,24,1016.5,1008.0,False,False,False,False
2024-07-26,1010.8208333333333,24,1012.4,1009.2,False,False,False,False
2024-07-27,1015.1041666666666,24,1020.9,1012.4,False,False,False,False
2024-07-28,1024.3625,24,1026.1,1021.5,False,False,False,False
2024-07-29,1020.6916666666666,24,1024.0,1017.4,False,False,False,False
2024-07-30,1016.3874999999999,24,1018.0,1014.9,False,False,False,False
2024-07-31,1014.5083333333333,24,1016.2,1013.1,False,False,False,False
2024-08-01,1012.5291666666667,24,1013.3,1011.2,False,False,False,False
2024-08-02,1011.875,24,1013.3,1010.5,False,False,False,False
2024-08-03,1011.3458333333333,24,1013.9,1010.4,False,False,False,False
2024-08-04,1015.1875,24,1016.6,1014.1,False,False,False,False
2024-08-05,1012.4916666666667,24,1014.4,1010.7,False,False,False,False
2024-08-06,1009.5083333333333,24,1011.3,1008.6,False,False,False,False
2024-08-07,1012.4875000000001,24,1014.6,1011.3,False,False,False,False
2024-08-08,1013.6333333333333,24,1015.7,1010.6,False,False,False,False
2024-08-09,1013.9333333333334,24,1018.2,1010.0,False,False,False,False
2024-08-10,1019.5791666666668,24,1021.0,1018.7,False,False,False,False
2024-08-11,1019.2916666666666,24,1022.0,1014.8,False,False,False,False
2024-08-12,1008.4625,24,1013.7,1005.8,False,False,False,False
2024-08-13,1009.4083333333333,24,1011.1,1008.5,False,False,False,False
2024-08-14,1013.4458333333333,24,1016.2,1011.0,False,False,False,False
2024-08-15,1014.5375,24,1016.0,1012.8,False,False,False,False
2024-08-16,1014.4416666666666,24,1016.4,1012.9,False,False,False,False
2024-08-17,1013.525,24,1015.0,1011.9,False,False,False,False
2024-08-18,1014.4875000000001,24,1018.3,1012.5,False,False,False,False
2024-08-19,1015.475,24,1018.3,1011.1,False,False,False,False
2024-08-20,1009.8333333333334,24,1014.8,1008.1,False,False,False,False
2024-08-21,1016.5916666666667,24,1018.6,1013.8,False,False,False,False
2024-08-22,1006.7291666666666,24,1012.9,1002.9,False,False,False,False
2024-08-23,1004.0416666666666,24,1008.0,998.4,False,False,False,False
2024-08-24,1005.4916666666667,24,1013.1,1001.5,False,False,False,False
2024-08-25,1017.8874999999999,24,1019.5,1014.0,False,False,False,False
2024-08-26,1019.1083333333332,24,1020.3,1018.1,False,False,False,False
2024-08-27,1017.7958333333332,24,1020.1,1015.8,False,False,False,False
2024-08-28,1013.0375,24,1016.1,1010.9,False,False,False,False
2024-08-29,1018.1374999999999,24,1021.3,1014.3,False,False,False,False
2024-08-30,1022.9333333333334,24,1024.9,1021.6,False,False,False,False
2024-08-31,1022.0041666666666,24,1024.6,1018.9,False,False,False,False
2024-09-01,1013.3791666666666,24,1018.4,1010.5,False,False,False,False
2024-09-02,1010.3249999999999,24,1011.3,1009.4,False,False,False,False
2024-09-03,1012.6750000000001,24,1015.6,1010.9,False,False,False,False
2024-09-04,1016.7041666666668,24,1017.4,1015.4,False,False,False,False
2024-09-05,1012.1541666666667,24,1016.7,1008.5,False,False,False,False
2024-09-06,1010.1583333333333,24,1010.9,1009.6,False,False,False,False
2024-09-07,1009.5083333333333,24,1011.3,1006.6,False,False,False,False
2024-09-08,1003.9416666666666,24,1006.2,1002.4,False,False,False,False
2024-09-09,1010.0375,24,1014.1,1004.0,False,False,False,False
2024-09-10,1008.5,24,1014.2,1004.4,False,False,False,False
2024-09-11,1009.475,24,1012.3,1007.4,False,False,False,False
2024-09-12,1016.5124999999999,24,1023.1,1012.6,False,False,False,False
2024-09-13,1028.2416666666666,24,1031.3,1023.6,False,False,False,False
2024-09-14,1030.4333333333334,24,1031.5,1029.3,False,False,False,False
2024-09-15,1027.0958333333333,24,1029.3,1025.4,False,False,False,False
2024-09-16,1028.6041666666667,24,1031.5,1026.0,False,False,False,False
2024-09-17,1030.5708333333334,24,1031.9,1028.9,False,False,False,False
2024-09-18,1027.6416666666667,24,1029.6,1025.6,False,False,False,False
2024-09-19,1024.2958333333333,24,1026.5,1022.3,False,False,False,False
2024-09-20,1020.65,24,1023.4,1018.7,False,False,False,False
2024-09-21,1017.1625,24,1018.9,1015.6,False,False,False,False
2024-09-22,1011.3541666666666,24,1015.7,1007.4,False,False,False,False
2024-09-23,1003.7708333333334,24,1006.8,1002.2,False,False,False,False
2024-09-24,1003.2125,24,1004.9,1001.0,False,False,False,False
2024-09-25,998.225,24,1004.6,989.4,False,False,False,False
2024-09-26,986.8041666666667,24,989.9,982.8,True,True,False,False
2024-09-27,1001.4166666666666,24,1016.2,990.0,False,False,False,False
2024-09-28,1023.3000000000001,24,1027.1,1017.0,False,False,False,False
2024-09-29,1019.4499999999999,24,1026.8,1008.5,False,False,False,False
2024-09-30,1002.1458333333334,24,1006.5,998.5,False,False,False,False
2024-10-01,1007.0833333333334,24,1008.4,1004.6,False,False,False,False
2024-10-02,1013.3874999999999,24,1019.1,1007.7,False,False,False,False
2024-10-03,1021.1041666666666,24,1022.3,1019.1,False,False,False,False
2024-10-04,1021.1708333333332,24,1022.3,1020.0,False,False,False,False
2024-10-05,1014.6583333333333,24,1019.8,1008.1,False,False,False,False
2024-10-06,1000.1458333333334,24,1006.8,995.7,False,False,False,False
2024-10-07,997.3041666666667,24,999.3,993.8,False,False,False,False
2024-10-08,992.25,24,993.9,988.5,False,False,False,False
2024-10-09,987.1999999999999,24,992.2,985.6,True,True,False,False
2024-10-10,1005.3291666666668,24,1013.9,993.5,False,False,False,False
2024-10-11,1016.2208333333333,24,1018.0,1014.3,False,False,False,False
2024-10-12,1008.5124999999999,24,1014.2,1004.6,False,False,False,False
2024-10-13,1017.8958333333334,24,1020.3,1011.8,False,False,False,False
2024-10-14,1015.1208333333334,24,1017.7,1012.3,False,False,False,False
2024-10-15,1013.4791666666666,24,1017.5,1007.0,False,False,False,False
2024-10-16,1002.4458333333333,24,1006.3,1000.3,False,False,False,False
2024-10-17,1009.3958333333334,24,1014.8,1002.9,False,False,False,False
2024-10-18,1014.0625,24,1016.3,1010.5,False,False,False,False
2024-10-19,1011.3000000000001,24,1015.4,1008.2,False,False,False,False
2024-10-20,1010.7083333333334,24,1015.1,1006.5,False,False,False,False
2024-10-21,1020.5124999999999,24,1023.3,1015.5,False,False,False,False
2024-10-22,1028.05,24,1032.1,1024.0,False,False,False,False
2024-10-23,1030.9666666666667,24,1032.9,1027.1,False,False,False,False
2024-10-24,1019.3208333333333,24,1026.5,1013.9,False,False,False,False
2024-10-25,1013.9208333333332,24,1017.2,1012.1,False,False,False,False
2024-10-26,1016.0458333333332,24,1017.3,1014.8,False,False,False,False
2024-10-27,1021.5666666666666,24,1023.8,1016.9,False,False,False,False
2024-10-28,1021.6583333333333,24,1022.8,1020.8,False,False,False,False
2024-10-29,1024.2791666666667,24,1026.9,1022.2,False,False,False,False
2024-10-30,1028.7291666666667,24,1029.7,1027.3,False,False,False,False
2024-10-31,1027.0958333333333,24,1029.3,1025.1,False,False,False,False
2024-11-01,1025.25,24,1028.6,1023.7,False,False,False,False
2024-11-02,1029.875,24,1031.0,1028.8,False,False,False,False
2024-11-03,1028.3541666666667,24,1030.0,1027.3,False,False,False,False
2024-11-04,1025.3125,24,1027.5,1022.6,False,False,False,False
2024-11-05,1023.3041666666667,24,1026.5,1021.6,False,False,False,False
2024-11-06,1030.5083333333334,24,1032.7,1026.6,False,False,False,False
2024-11-07,1030.5583333333334,24,1032.7,1029.3,False,False,False,False
2024-11-08,1025.6499999999999,24,1029.0,1023.8,False,False,False,False
2024-11-09,1024.3083333333334,24,1026.0,1023.4,False,False,False,False
2024-11-10,1028.0833333333333,24,1030.5,1026.0,False,False,False,False
2024-11-11,1034.75,24,1037.4,1030.8,False,False,False,False
2024-11-12,1035.55,24,1036.8,1034.3,False,False,False,False
2024-11-13,1034.9791666666667,24,1036.6,1033.2,False,False,False,False
2024-11-14,1031.6791666666666,24,1032.9,1031.0,False,False,False,False
2024-11-15,1027.55,24,1031.1,1023.9,False,False,False,False
2024-11-16,1018.9416666666666,24,1023.5,1015.9,False,False,False,False
2024-11-17,1014.6458333333334,24,1016.5,1012.2,False,False,False,False
2024-11-18,1009.4708333333333,24,1013.1,998.6,False,False,False,False
2024-11-19,998.4166666666666,24,1005.3,994.5,False,False,False,False
2024-11-20,1009.275,24,1011.3,1006.2,False,False,False,False
2024-11-21,1001.9,24,1009.8,997.4,False,False,False,False
2024-11-22,1007.8541666666666,24,1014.8,1001.8,False,False,False,False
2024-11-23,1003.4375,24,1014.4,996.5,False,False,False,False
2024-11-24,994.9583333333334,24,996.9,993.3,False,False,False,False
2024-11-25,1001.4666666666667,24,1010.0,995.5,False,False,False,False
2024-11-26,1014.9416666666666,24,1017.7,1010.5,False,False,False,False
2024-11-27,1013.0,24,1022.9,1004.8,False,False,False,False
2024-11-28,1027.8999999999999,24,1029.8,1023.9,False,False,False,False
2024-11-29,1026.1041666666667,24,1029.5,1023.4,False,False,False,False
2024-11-30,1023.1416666666668,24,1024.3,1020.7,False,False,False,False
2024-12-01,1014.2375000000001,24,1020.0,1011.5,False,False,False,False
2024-12-02,1013.2041666666668,24,1018.8,1010.4,False,False,False,False
2024-12-03,1022.6208333333334,24,1025.1,1019.2,False,False,False,False
2024-12-04,1024.2958333333333,24,1026.3,1019.2,False,False,False,False
2024-12-05,1007.7333333333332,24,1018.2,999.3,False,False,False,False
2024-12-06,1013.2041666666668,24,1019.2,1001.7,False,False,False,False
2024-12-07,994.5958333333333,24,1004.1,988.6,False,False,False,False
2024-12-08,1016.4208333333332,24,1026.1,1004.7,False,False,False,False
2024-12-09,1030.0708333333334,24,1032.2,1026.8,False,False,False,False
2024-12-10,1032.3333333333333,24,1033.0,1031.8,False,False,False,False
2024-12-11,1032.3458333333333,24,1033.1,1031.5,False,False,False,False
2024-12-12,1030.9708333333333,24,1033.1,1028.8,False,False,False,False
2024-12-13,1025.5208333333333,24,1028.5,1022.9,False,False,False,False
2024-12-14,1022.6541666666667,24,1025.4,1020.7,False,False,False,False
2024-12-15,1027.3916666666667,24,1030.3,1024.7,False,False,False,False
2024-12-16,1030.7625,24,1032.2,1030.1,False,False,False,False
2024-12-17,1023.375,24,1030.0,1013.5,False,False,False,False
2024-12-18,1006.1291666666666,24,1012.8,996.9,False,False,False,False
2024-12-19,1007.4583333333334,24,1019.9,994.4,False,False,False,False
2024-12-20,1018.8333333333334,24,1022.1,1014.9,False,False,False,False
2024-12-21,1011.0416666666666,24,1017.2,1004.4,False,False,False,False
2024-12-22,1006.7166666666667,24,1015.1,1003.5,False,False,False,False
2024-12-23,1022.4666666666667,24,1025.2,1015.9,False,False,False,False
2024-12-24,1025.9083333333333,24,1030.1,1023.1,False,False,False,False
2024-12-25,1032.6791666666666,24,1034.5,1030.3,False,False,False,False
2024-12-26,1034.7291666666667,24,1036.0,1034.1,False,False,False,False
2024-12-27,1032.825,24,1034.0,1031.2,False,False,False,False
2024-12-28,1029.2916666666667,24,1030.9,1028.1,False,False,False,False
2024-12-29,1029.9333333333334,24,1031.5,1029.0,False,False,False,False
2024-12-30,1027.8041666666666,24,1029.5,1026.4,False,False,False,False
2024-12-31,1020.2666666666668,24,1026.0,1013.7,False,False,False,False
2025-01-01,1008.3041666666667,24,1013.1,1003.8,False,False,False,False
2025-01-02,1018.1833333333334,24,1024.0,1011.4,False,False,False,False
2025-01-03,1023.6708333333332,24,1024.2,1022.9,False,False,False,False
2025-01-04,1015.0916666666667,24,1023.4,1003.2,False,False,False,False
2025-01-05,988.3083333333334,24,1001.4,980.2,False,False,True,False
2025-01-06,982.5124999999999,24,994.0,971.3,True,False,True,False
2025-01-07,998.8708333333334,24,1003.5,994.4,False,False,False,False
2025-01-08,1001.6374999999999,24,1004.3,998.3,False,False,False,False
2025-01-09,1008.1583333333333,24,1017.6,999.4,False,False,False,False
2025-01-10,1020.0791666666668,24,1024.0,1017.9,False,False,False,False
2025-01-11,1030.2083333333333,24,1036.5,1024.3,False,False,False,False
2025-01-12,1039.7625,24,1041.6,1036.0,False,False,False,False
2025-01-13,1039.2749999999999,24,1041.6,1037.1,False,False,False,False
2025-01-14,1035.0375000000001,24,1036.4,1033.9,False,False,False,False
2025-01-15,1034.2833333333333,24,1035.0,1033.5,False,False,False,False
2025-01-16,1034.5375000000001,24,1035.2,1033.5,False,False,False,False
2025-01-17,1035.5166666666667,24,1036.8,1034.4,False,False,False,False
2025-01-18,1029.6875,24,1034.2,1025.1,False,False,False,False
2025-01-19,1021.1666666666666,24,1024.9,1019.5,False,False,False,False
2025-01-20,1018.1958333333333,24,1019.7,1017.1,False,False,False,False
2025-01-21,1013.7541666666666,24,1016.8,1009.3,False,False,False,False
2025-01-22,1004.5,24,1008.8,1002.6,False,False,False,False
2025-01-23,1002.6291666666666,24,1005.3,998.0,False,False,False,False
2025-01-24,996.0541666666667,24,1001.1,990.3,False,False,False,False
2025-01-25,1004.3000000000001,24,1008.2,997.8,False,False,False,False
2025-01-26,995.4499999999999,24,1007.9,981.2,False,False,True,False
2025-01-27,981.15,24,983.7,974.9,True,True,True,False
2025-01-28,983.4333333333334,24,996.1,978.4,True,False,True,False
2025-01-29,1002.75,24,1008.4,997.3,False,False,False,False
2025-01-30,1019.4541666666668,24,1025.2,1009.9,False,False,False,False
2025-01-31,1024.7166666666667,24,1028.8,1022.4,False,False,False,False
2025-02-01,1028.8916666666667,24,1030.5,1025.6,False,False,False,False
2025-02-02,1023.1125000000001,24,1025.4,1021.4,False,False,False,False
2025-02-03,1024.6625000000001,24,1025.5,1023.7,False,False,False,False
2025-02-04,1023.2458333333334,24,1028.5,1021.2,False,False,False,False
2025-02-05,1037.2958333333333,24,1042.9,1029.5,False,False,False,False
2025-02-06,1041.7083333333333,24,1044.0,1036.7,False,True,False,False
2025-02-07,1025.2749999999999,24,1035.9,1017.3,False,False,False,False
2025-02-08,1018.0416666666666,24,1023.3,1015.4,False,False,False,False
2025-02-09,1027.4041666666667,24,1029.3,1023.8,False,False,False,False
2025-02-10,1023.8291666666665,24,1028.8,1019.8,False,False,False,False
2025-02-11,1018.5124999999999,24,1019.6,1017.6,False,False,False,False
2025-02-12,1019.4,24,1021.4,1018.4,False,False,False,False
2025-02-13,1023.3125,24,1025.0,1021.6,False,False,False,False
2025-02-14,1024.8875,24,1026.3,1024.0,False,False,False,False
2025-02-15,1020.2916666666666,24,1023.8,1018.3,False,False,False,False
2025-02-16,1020.4125,24,1022.0,1018.7,False,False,False,False
2025-02-17,1022.1833333333334,24,1023.0,1021.4,False,False,False,False
2025-02-18,1020.5208333333334,24,1022.5,1017.9,False,False,False,False
2025-02-19,1015.975,24,1017.6,1015.1,False,False,False,False
2025-02-20,1014.2958333333332,24,1016.1,1012.7,False,False,False,False
2025-02-21,1010.2125,24,1015.3,1007.1,False,False,False,False
2025-02-22,1013.0541666666667,24,1022.0,1007.2,False,False,False,False
2025-02-23,1019.975,24,1023.5,1014.3,False,False,False,False
2025-02-24,1011.625,24,1013.6,1009.6,False,False,False,False
2025-02-25,1013.6833333333334,24,1017.5,1011.3,False,False,False,False
2025-02-26,1013.4458333333333,24,1018.0,1009.8,False,False,False,False
2025-02-27,1019.4416666666666,24,1026.6,1013.0,False,False,False,False
2025-02-28,1028.9750000000001,24,1031.2,1026.9,False,False,False,False
2025-03-01,1034.2583333333334,24,1036.6,1031.5,False,False,False,False
2025-03-02,1034.25,24,1036.4,1031.6,False,False,False,False
2025-03-03,1029.6958333333334,24,1031.6,1027.7,False,False,False,False
2025-03-04,1026.1583333333333,24,1028.4,1023.7,False,False,False,False
2025-03-05,1022.0,24,1024.3,1018.9,False,False,False,False
2025-03-06,1014.2791666666667,24,1018.5,1012.0,False,False,False,False
2025-03-07,1011.6291666666666,24,1012.6,1011.1,False,False,False,False
2025-03-08,1008.0333333333333,24,1011.2,1005.7,False,False,False,False
2025-03-09,1002.8249999999999,24,1005.4,1001.1,False,False,False,False
2025-03-10,1003.4499999999999,24,1007.4,1000.6,False,False,False,False
2025-03-11,1007.4791666666666,24,1008.4,1006.7,False,False,False,False
2025-03-12,1003.3666666666667,24,1006.2,1001.5,False,False,False,False
2025-03-13,1003.9125,24,1006.9,1002.4,False,False,False,False
2025-03-14,1011.2666666666668,24,1017.8,1006.9,False,False,False,False
2025-03-15,1021.5458333333332,24,1024.1,1018.2,False,False,False,False
2025-03-16,1025.0375000000001,24,1027.2,1023.7,False,False,False,False
2025-03-17,1027.8791666666666,24,1029.1,1027.0,False,False,False,False
2025-03-18,1023.9791666666666,24,1027.0,1021.6,False,False,False,False
2025-03-19,1020.7041666666668,24,1021.5,1019.3,False,False,False,False
2025-03-20,1018.8791666666666,24,1021.0,1016.0,False,False,False,False
2025-03-21,1007.1166666666667,24,1015.4,1001.6,False,False,False,False
2025-03-22,999.9125,24,1001.1,998.5,False,False,False,False
2025-03-23,1003.4250000000001,24,1011.2,999.1,False,False,False,False
2025-03-24,1017.4,24,1021.5,1011.8,False,False,False,False
2025-03-25,1022.1875,24,1024.2,1021.1,False,False,False,False
2025-03-26,1024.7166666666667,24,1026.2,1023.4,False,False,False,False
2025-03-27,1020.4625,24,1023.9,1015.8,False,False,False,False
2025-03-28,1012.8333333333334,24,1017.4,1011.0,False,False,False,False
2025-03-29,1020.5708333333333,24,1023.4,1017.1,False,False,False,False
2025-03-30,1020.8249999999999,24,1026.6,1016.8,False,False,False,False
2025-03-31,1028.3260869565217,23,1029.6,1027.1,False,False,False,False
2025-04-01,1025.9166666666667,24,1028.3,1023.4,,,,True
2025-04-02,1021.6999999999999,24,1024.2,1019.2,,,,True
2025-04-03,1019.3291666666668,24,1020.1,1018.5,,,,True
2025-04-04,1018.9625,24,1020.2,1017.1,,,,True
2025-04-05,1020.4708333333333,24,1022.6,1019.5,,,,True
2025-04-06,1023.6916666666666,24,1026.1,1022.4,,,,True
2025-04-07,1026.1875,24,1027.7,1025.3,,,,True
2025-04-08,1027.2124999999999,24,1028.5,1025.7,,,,True
2025-04-09,1029.3999999999999,24,1032.7,1027.3,,,,True
2025-04-10,1030.675,24,1032.9,1027.3,,,,True
2025-04-11,1021.6833333333334,24,1027.0,1016.2,,,,True
2025-04-12,1006.5583333333334,24,1015.9,999.5,,,,True
2025-04-13,1003.5833333333334,24,1007.0,999.8,,,,True
2025-04-14,1004.7666666666668,24,1007.6,1000.2,,,,True
2025-04-15,996.3458333333333,24,999.8,995.0,,,,True
2025-04-16,1004.0375,24,1010.8,997.8,,,,True
2025-04-17,1012.475,24,1013.6,1011.2,,,,True
2025-04-18,1010.3833333333333,24,1013.5,1007.8,,,,True
2025-04-19,1007.8583333333332,24,1008.9,1007.0,,,,True
2025-04-20,1007.7375000000001,24,1008.9,1006.7,,,,True
2025-04-21,1009.975,24,1014.1,1007.5,,,,True
2025-04-22,1016.1791666666667,24,1017.6,1014.7,,,,True
2025-04-23,1013.2583333333333,24,1019.0,1008.9,,,,True
2025-04-24,1022.125,24,1023.8,1019.4,,,,True
2025-04-25,1022.8583333333332,24,1023.9,1021.4,,,,True
2025-04-26,1022.8833333333333,24,1025.1,1021.6,,,,True
2025-04-27,1025.8916666666667,24,1027.0,1025.0,,,,True
2025-04-28,1026.75,24,1027.8,1025.3,,,,True
2025-04-29,1025.8583333333333,24,1027.4,1023.7,,,,True
2025-04-30,1022.4291666666667,24,1024.7,1019.8,,,,True
2025-05-01,1017.0208333333334,24,1020.7,1014.0,,,,True
2025-05-02,1015.3791666666666,24,1016.8,1014.3,,,,True
2025-05-03,1014.5208333333334,24,1017.6,1012.8,,,,True
2025-05-04,1019.0166666666668,24,1021.3,1017.9,,,,True
2025-05-05,1022.1,24,1025.2,1021.0,,,,True
2025-05-06,1025.1916666666666,24,1026.3,1024.2,,,,True
2025-05-07,1023.9041666666667,24,1025.5,1022.3,,,,True
2025-05-08,1021.1333333333333,24,1022.4,1020.1,,,,True
2025-05-09,1020.7208333333333,24,1021.7,1019.5,,,,True
2025-05-10,1017.7125,24,1020.8,1015.2,,,,True
2025-05-11,1008.8416666666667,12,1009.7,1008.3,False,False,False,False
2025-05-12,1011.0666666666666,24,1014.7,1009.0,False,False,False,False
2025-05-13,1017.4041666666667,24,1020.1,1014.9,False,False,False,False
2025-05-14,1021.1041666666666,24,1023.6,1020.0,False,False,False,False
2025-05-15,1024.8166666666666,24,1026.8,1023.4,False,False,False,False
2025-05-16,1025.7041666666667,24,1027.1,1024.1,False,False,False,False
2025-05-17,1022.7583333333333,24,1024.4,1021.0,False,False,False,False
2025-05-18,1020.4041666666667,24,1021.5,1018.8,False,False,False,False
2025-05-19,1020.4291666666667,24,1021.6,1019.5,False,False,False,False
2025-05-20,1020.3125,24,1022.0,1018.6,False,False,False,False
2025-05-21,1017.0916666666667,24,1018.4,1015.8,False,False,False,False
2025-05-22,1019.2958333333332,24,1021.1,1018.0,False,False,False,False
2025-05-23,1019.1,24,1021.0,1016.4,False,False,False,False
2025-05-24,1011.9458333333333,24,1016.0,1008.6,False,False,False,False
2025-05-25,1009.5625,24,1014.3,1006.4,False,False,False,False
2025-05-26,1015.0166666666668,24,1016.6,1012.5,False,False,False,False
2025-05-27,1011.3958333333334,24,1013.3,1010.1,False,False,False,False
2025-05-28,1015.8583333333332,24,1021.1,1011.2,False,False,False,False
2025-05-29,1018.8000000000001,24,1021.2,1017.2,False,False,False,False
2025-05-30,1018.8583333333332,24,1020.0,1017.9,False,False,False,False
2025-05-31,1016.1083333333332,24,1018.7,1013.4,False,False,False,False
2025-06-01,1013.9125,24,1014.9,1012.7,False,False,False,False
2025-06-02,1015.9458333333333,24,1018.1,1013.2,False,False,False,False
2025-06-03,1006.8791666666666,24,1012.6,1004.6,False,False,False,False
2025-06-04,1006.0208333333334,24,1006.7,1005.5,False,False,False,False
2025-06-05,1003.3375,24,1006.3,1000.8,False,False,False,False
2025-06-06,1006.4708333333333,24,1008.4,1003.4,False,False,False,False
2025-06-07,1006.2375000000001,24,1008.4,1004.4,False,False,False,False
2025-06-08,1016.9583333333334,24,1021.3,1009.4,False,False,False,False
2025-06-09,1020.6625,24,1022.2,1017.9,False,False,False,False
2025-06-10,1016.9250000000001,24,1020.2,1015.1,False,False,False,False
2025-06-11,1019.3208333333333,24,1021.2,1017.0,False,False,False,False
2025-06-12,1013.1166666666667,24,1016.3,1010.6,False,False,False,False
2025-06-13,1017.35,24,1019.6,1014.0,False,False,False,False
2025-06-14,1015.6416666666668,24,1019.6,1013.1,False,False,False,False
2025-06-15,1022.1208333333334,24,1026.3,1019.5,False,False,False,False
2025-06-16,1027.2541666666666,24,1028.7,1025.7,False,False,False,False
2025-06-17,1025.1041666666667,24,1027.0,1023.1,False,False,False,False
2025-06-18,1024.4416666666666,24,1025.4,1023.2,False,False,False,False
2025-06-19,1024.3333333333333,24,1025.4,1022.6,False,False,False,False
2025-06-20,1023.1999999999999,24,1025.0,1021.2,False,False,False,False
2025-06-21,1017.1708333333332,24,1020.8,1012.7,False,False,False,False
2025-06-22,1012.7041666666668,24,1014.8,1011.1,False,False,False,False
2025-06-23,1013.0916666666667,24,1015.2,1009.7,False,False,False,False
2025-06-24,1012.3541666666666,24,1015.3,1010.6,False,False,False,False
2025-06-25,1011.4250000000001,24,1012.9,1009.3,False,False,False,False
2025-06-26,1012.0875,24,1018.3,1009.4,False,False,False,False
2025-06-27,1020.1833333333334,24,1022.0,1019.2,False,False,False,False
2025-06-28,1022.9833333333332,24,1024.8,1022.0,False,False,False,False
2025-06-29,1024.1791666666666,24,1026.0,1021.7,False,False,False,False
2025-06-30,1017.8791666666666,24,1022.8,1014.1,False,False,False,False
2025-07-01,1013.3208333333333,24,1014.4,1012.4,False,False,False,False
2025-07-02,1017.5708333333333,24,1024.3,1014.1,False,False,False,False
2025-07-03,1027.3458333333333,24,1028.8,1025.0,False,False,False,False
2025-07-04,1025.5916666666667,24,1028.8,1020.7,False,False,False,False
2025-07-05,1014.7333333333332,24,1020.1,1010.0,False,False,False,False
2025-07-06,1006.525,24,1009.7,1004.8,False,False,False,False
2025-07-07,1011.3083333333334,24,1014.7,1007.1,False,False,False,False
2025-07-08,1017.3833333333333,24,1019.8,1014.2,False,False,False,False
2025-07-09,1021.2666666666668,24,1022.5,1020.0,False,False,False,False
2025-07-10,1022.0958333333333,24,1023.2,1020.5,False,False,False,False
2025-07-11,1019.9875000000001,24,1021.9,1017.5,False,False,False,False
2025-07-12,1016.2291666666666,24,1018.4,1014.2,False,False,False,False
2025-07-13,1012.4208333333332,24,1014.9,1009.5,False,False,False,False
2025-07-14,1013.0458333333332,24,1016.4,1011.0,False,False,False,False
2025-07-15,1015.0875,24,1016.8,1013.0,False,False,False,False
2025-07-16,1015.625,24,1017.9,1013.9,False,False,False,False
2025-07-17,1016.2958333333332,24,1017.8,1014.6,False,False,False,False
2025-07-18,1012.1833333333334,24,1014.5,1009.4,False,False,False,False
2025-07-19,1005.6833333333334,24,1009.7,1003.6,False,False,False,False
2025-07-20,1000.4458333333333,24,1003.3,999.1,False,False,False,False
2025-07-21,1000.5958333333333,24,1005.4,998.2,False,False,False,False
2025-07-22,1009.6875,24,1012.4,1005.7,False,False,False,False
2025-07-23,1013.5791666666668,24,1015.3,1012.2,False,False,False,False
2025-07-24,1017.4125,24,1019.8,1015.5,False,False,False,False
2025-07-25,1018.6916666666666,24,1019.8,1017.0,False,False,False,False
2025-07-26,1016.6625,24,1017.9,1015.6,False,False,False,False
2025-07-27,1017.3583333333332,24,1019.0,1016.8,False,False,False,False
2025-07-28,1019.7666666666668,24,1020.7,1019.0,False,False,False,False
2025-07-29,1019.0041666666666,24,1020.1,1017.7,False,False,False,False
2025-07-30,1018.1416666666668,24,1019.2,1017.3,False,False,False,False
2025-07-31,1016.025,24,1017.8,1014.4,False,False,False,False
2025-08-01,1016.2375000000001,24,1018.1,1015.5,False,False,False,False
2025-08-02,1018.3874999999999,24,1019.3,1017.7,False,False,False,False
2025-08-03,1018.0208333333334,24,1019.1,1016.6,False,False,False,False
2025-08-04,1015.4083333333333,24,1018.5,1012.5,False,False,False,False
2025-08-05,1021.8375,24,1026.1,1017.1,False,False,False,False
2025-08-06,1023.0600000000001,20,1026.6,1018.9,False,False,False,False
2025-08-07,1015.3333333333334,24,1018.0,1013.6,False,False,False,False
2025-08-08,1018.0749999999999,24,1019.7,1014.9,False,False,False,False
2025-08-09,1021.1083333333332,24,1025.2,1019.5,False,False,False,False
2025-08-10,1026.8291666666667,24,1028.8,1025.2,False,False,False,False
2025-08-11,1021.9958333333334,24,1026.1,1018.4,False,False,False,False
2025-08-12,1014.2791666666667,24,1017.1,1012.3,False,False,False,False
2025-08-13,1014.3791666666666,24,1015.9,1013.4,False,False,False,False
2025-08-14,1018.3333333333334,24,1022.4,1015.8,False,False,False,False
2025-08-15,1024.5541666666666,24,1026.5,1022.9,False,False,False,False
2025-08-16,1027.1791666666666,24,1028.7,1025.7,False,False,False,False
2025-08-17,1024.0166666666667,24,1026.0,1022.2,False,False,False,False
2025-08-18,1020.6541666666667,24,1022.7,1018.4,False,False,False,False
2025-08-19,1015.975,24,1018.2,1014.3,False,False,False,False
2025-08-20,1016.2916666666666,24,1017.1,1015.5,False,False,False,False
2025-08-21,1018.3000000000001,24,1021.9,1016.1,False,False,False,False
2025-08-22,1021.3208333333333,24,1022.6,1019.6,False,False,False,False
2025-08-23,1020.7458333333334,24,1021.5,1020.1,False,False,False,False
2025-08-24,1020.4416666666666,24,1021.5,1018.9,False,False,False,False
2025-08-25,1015.7708333333334,24,1019.4,1011.2,False,False,False,False
2025-08-26,1007.3125,24,1010.4,1006.1,False,False,False,False
2025-08-27,1005.1666666666666,24,1007.5,1003.6,False,False,False,False
2025-08-28,1002.0916666666667,24,1003.9,999.3,False,False,False,False
2025-08-29,996.8916666666668,24,1001.5,993.8,False,False,False,False
2025-08-30,1002.8000000000001,24,1004.7,1000.5,False,False,False,False
2025-08-31,1003.6750000000001,24,1004.6,1002.2,False,False,False,False
2025-09-01,1003.2666666666668,24,1005.3,1002.3,False,False,False,False
2025-09-02,1002.625,24,1005.3,999.8,False,False,False,False
2025-09-03,997.4291666666667,24,1003.1,994.3,False,False,False,False
2025-09-04,1006.5833333333334,24,1013.8,1003.4,False,False,False,False
2025-09-05,1019.4458333333333,24,1022.1,1014.3,False,False,False,False
2025-09-06,1017.8791666666666,24,1022.1,1012.7,False,False,False,False
2025-09-07,1009.0458333333332,24,1012.7,1006.1,False,False,False,False
2025-09-08,1016.0208333333334,24,1018.0,1012.9,False,False,False,False
2025-09-09,1015.0333333333333,24,1017.4,1010.6,False,False,False,False
2025-09-10,1002.7083333333334,24,1009.6,998.4,False,False,False,False
2025-09-11,1003.2541666666666,24,1005.9,1000.7,False,False,False,False
2025-09-12,1009.9291666666667,24,1011.7,1006.2,False,False,False,False
2025-09-13,1008.8333333333334,24,1011.4,1007.1,False,False,False,False
2025-09-14,1008.2541666666666,24,1013.1,1001.1,False,False,False,False
2025-09-15,1005.2666666666668,24,1011.8,1001.6,False,False,False,False
2025-09-16,1016.8666666666667,24,1019.9,1012.1,False,False,False,False
2025-09-17,1016.7708333333334,24,1019.8,1015.6,False,False,False,False
2025-09-18,1018.8375,24,1021.1,1016.8,False,False,False,False
2025-09-19,1017.3458333333333,24,1021.5,1014.3,False,False,False,False
2025-09-20,1009.2708333333334,24,1014.4,1004.8,False,False,False,False
2025-09-21,1017.7791666666667,24,1024.2,1008.7,False,False,False,False
2025-09-22,1026.5708333333334,24,1028.4,1024.3,False,False,False,False
2025-09-23,1028.0333333333333,24,1028.6,1027.1,False,False,False,False
2025-09-24,1026.7625,24,1028.0,1025.2,False,False,False,False
2025-09-25,1024.5333333333333,24,1025.9,1022.9,False,False,False,False
2025-09-26,1021.7458333333334,24,1023.7,1020.8,False,False,False,False
2025-09-27,1019.65,24,1020.7,1018.7,False,False,False,False
2025-09-28,1020.8291666666668,24,1024.1,1019.0,False,False,False,False
2025-09-29,1025.1583333333333,24,1026.1,1024.3,False,False,False,False
2025-09-30,1026.0625,24,1027.1,1025.1,False,False,False,False
2025-10-01,1027.1791666666666,24,1028.2,1026.3,False,False,False,False
2025-10-02,1022.4166666666666,24,1026.2,1016.6,False,False,False,False
2025-10-03,1007.7166666666667,24,1016.3,996.4,False,False,False,False
2025-10-04,1001.1125000000001,24,1009.0,996.5,False,False,False,False
2025-10-05,1016.0208333333334,24,1023.0,1009.5,False,False,False,False
2025-10-06,1024.0375000000001,24,1024.8,1023.1,False,False,False,False
2025-10-07,1024.25,24,1025.2,1023.3,False,False,False,False
2025-10-08,1023.7916666666666,24,1026.0,1022.5,False,False,False,False
2025-10-09,1028.075,24,1031.3,1025.9,False,False,False,False
2025-10-10,1033.4375,24,1034.6,1031.3,False,False,False,False
2025-10-11,1034.2458333333334,24,1035.2,1033.2,False,False,False,False
2025-10-12,1032.0708333333334,24,1033.8,1030.8,False,False,False,False
2025-10-13,1029.5625,24,1030.8,1028.4,False,False,False,False
2025-10-14,1029.95,24,1030.6,1029.1,False,False,False,False
2025-10-15,1029.6875,24,1030.6,1028.8,False,False,False,False
2025-10-16,1027.5208333333333,24,1028.7,1026.5,False,False,False,False
2025-10-17,1026.075,24,1026.7,1025.2,False,False,False,False
2025-10-18,1022.5749999999999,24,1026.1,1016.2,False,False,False,False
2025-10-19,1004.2291666666666,24,1014.8,994.8,False,False,False,False
2025-10-20,989.1791666666667,24,995.3,984.8,False,False,False,False
2025-10-21,992.5416666666666,24,995.5,989.0,False,False,False,False
2025-10-22,994.6708333333332,24,998.6,982.5,False,False,False,False
2025-10-23,986.7083333333334,24,998.9,975.5,True,False,True,False
2025-10-24,999.3000000000001,24,1000.8,996.9,False,False,False,False
2025-10-25,1003.1166666666667,24,1007.4,997.0,False,False,False,False
2025-10-26,1008.4833333333332,24,1011.6,1002.7,False,False,False,False
2025-10-27,1006.4083333333333,24,1010.4,1002.4,False,False,False,False
2025-10-28,1006.8541666666666,24,1008.1,1005.6,False,False,False,False
2025-10-29,1000.6999999999999,24,1005.4,997.5,False,False,False,False
2025-10-30,1006.2208333333333,24,1009.0,1001.7,False,False,False,False
2025-10-31,1001.7833333333333,24,1003.5,999.5,False,False,False,False
2025-11-01,1001.9125,24,1006.7,997.8,False,False,False,False
2025-11-02,1008.3541666666666,24,1013.5,1004.9,False,False,False,False
2025-11-03,1012.5916666666667,24,1013.6,1011.8,False,False,False,False
2025-11-04,1011.1041666666666,24,1013.2,1008.7,False,False,False,False
2025-11-05,1007.7624999999999,24,1009.2,1005.7,False,False,False,False
2025-11-06,1005.7583333333333,24,1006.7,1004.8,False,False,False,False
2025-11-07,1005.6666666666666,24,1006.6,1004.7,False,False,False,False
2025-11-08,1012.7291666666666,24,1017.5,1006.7,False,False,False,False
2025-11-09,1015.0,24,1017.6,1010.5,False,False,False,False
2025-11-10,1005.625,24,1010.1,1002.7,False,False,False,False
2025-11-11,1005.6833333333334,24,1007.3,1003.4,False,False,False,False
2025-11-12,1003.3874999999999,24,1004.1,1002.3,False,False,False,False
2025-11-13,1005.7875,24,1008.0,1002.1,False,False,False,False
2025-11-14,1001.4458333333333,24,1005.3,998.9,False,False,False,False
2025-11-15,1007.6583333333333,24,1009.6,1004.0,False,False,False,False
2025-11-16,1012.0124999999999,24,1015.8,1009.5,False,False,False,False
2025-11-17,1021.9541666666668,24,1026.2,1016.1,False,False,False,False
2025-11-18,1017.4125,24,1025.7,1008.2,False,False,False,False
2025-11-19,1008.5124999999999,24,1013.2,1004.0,False,False,False,False
2025-11-20,1015.0666666666666,24,1019.0,1013.1,False,False,False,False
2025-11-21,1025.5958333333333,24,1028.4,1019.9,False,False,False,False
2025-11-22,1017.9958333333334,24,1026.9,1008.7,False,False,False,False
2025-11-23,1000.1999999999999,24,1008.2,995.9,False,False,False,False
2025-11-24,994.2833333333333,24,1003.1,990.0,False,False,False,False
2025-11-25,1013.2208333333333,24,1020.5,1003.9,False,False,False,False
2025-11-26,1021.5625,24,1024.2,1017.9,False,False,False,False
2025-11-27,1013.9833333333332,24,1017.1,1012.4,False,False,False,False
2025-11-28,1011.1541666666667,24,1013.2,1008.9,False,False,False,False
2025-11-29,1002.7375000000001,24,1008.4,998.6,False,False,False,False
2025-11-30,1012.4,24,1015.1,1006.1,False,False,False,False
2025-12-01,1002.8874999999999,24,1012.5,996.5,False,False,False,False
2025-12-02,1002.4708333333333,24,1006.0,997.7,False,False,False,False
2025-12-03,1007.375,24,1008.9,1005.2,False,False,False,False
2025-12-04,999.0541666666667,24,1004.3,994.2,False,False,False,False
2025-12-05,1002.7333333333332,24,1007.4,993.4,False,False,False,False
2025-12-06,996.3791666666666,24,1003.0,992.6,False,False,False,False
2025-12-07,1001.2041666666668,24,1005.2,996.8,False,False,False,False
2025-12-08,1007.9208333333332,24,1010.5,1005.7,False,False,False,False
2025-12-09,1004.5749999999999,24,1008.8,1001.5,False,False,False,False
2025-12-10,1015.0625,24,1022.1,1008.3,False,False,False,False
2025-12-11,1018.5124999999999,24,1022.0,1015.4,False,False,False,False
2025-12-12,1017.2875,24,1024.5,1014.1,False,False,False,False
2025-12-13,1026.7375,24,1028.8,1025.0,False,False,False,False
2025-12-14,1018.65,24,1025.0,1011.9,False,False,False,False
2025-12-15,1006.9499999999999,24,1011.4,1005.1,False,False,False,False
2025-12-16,1009.0916666666667,24,1015.5,1004.7,False,False,False,False
2025-12-17,1014.5791666666668,24,1017.5,1009.7,False,False,False,False
2025-12-18,1004.9,24,1009.2,998.9,False,False,False,False
2025-12-19,1014.6166666666667,24,1018.4,1006.1,False,False,False,False
2025-12-20,1012.4083333333333,24,1017.5,1007.4,False,False,False,False
2025-12-21,1006.7083333333334,24,1008.1,1004.9,False,False,False,False
2025-12-22,1007.5916666666667,24,1011.6,1003.8,False,False,False,False
2025-12-23,1017.6708333333332,24,1024.9,1012.0,False,False,False,False
2025-12-24,1030.7583333333334,24,1033.3,1025.4,False,False,False,False
2025-12-25,1028.3041666666666,24,1030.7,1026.6,False,False,False,False
2025-12-26,1029.2416666666666,24,1032.5,1027.7,False,False,False,False
2025-12-27,1033.8666666666666,24,1035.0,1032.6,False,False,False,False
2025-12-28,1032.1333333333334,24,1034.3,1029.4,False,False,False,False
2025-12-29,1029.0708333333334,24,1030.3,1028.4,False,False,False,False
2025-12-30,1033.2458333333334,24,1034.7,1030.5,False,False,False,False
2025-12-31,1028.7833333333333,24,1033.9,1020.7,False,False,False,False
