date,temperature_max_c,temperature_min_c,temperature_avg_c,temperature_max_c_iqr_outlier,temperature_min_c_iqr_outlier,temperature_avg_c_iqr_outlier
2022-04-07,13.59414,6.81972,10.20693,False,False,False
2022-04-08,11.35049,1.85771,6.604100000000001,False,False,False
2022-04-09,12.38106,0.59361,6.487335,False,False,False
2022-04-10,13.33323,-0.20325,6.56499,False,False,False
2022-04-11,17.46319,5.01811,11.24065,False,False,False
2022-04-12,18.83653,9.49818,14.167355,False,False,False
2022-04-13,18.78232,9.19711,13.989715,False,False,False
2022-04-14,19.09338,5.91189,12.502635,False,False,False
2022-04-15,22.20607,6.67611,14.44109,False,False,False
2022-04-16,19.18508,6.93993,13.062505,False,False,False
2022-04-17,19.19558,6.10047,12.648025,False,False,False
2022-04-18,17.42938,6.04561,11.737495,False,False,False
2022-04-19,16.17871,5.97352,11.076115,False,False,False
2022-04-20,17.9567,7.0491,12.5029,False,False,False
2022-04-21,18.24695,6.06327,12.155109999999999,False,False,False
2022-04-22,15.9828,8.2816,12.1322,False,False,False
2022-04-23,16.80605,9.33112,13.068584999999999,False,False,False
2022-04-24,18.15504,7.74824,12.95164,False,False,False
2022-04-25,14.44366,6.11899,10.281324999999999,False,False,False
2022-04-26,15.67387,3.95236,9.813115,False,False,False
2022-04-27,11.30959,5.58442,8.447005,False,False,False
2022-04-28,13.69147,5.36858,9.530025,False,False,False
2022-04-29,11.23224,5.36698,8.29961,False,False,False
2022-04-30,17.67977,2.42598,10.052875,False,False,False
2022-05-01,15.04285,9.13805,12.09045,False,False,False
2022-05-02,16.73818,7.67829,12.208235,False,False,False
2022-05-03,15.07269,9.85703,12.46486,False,False,False
2022-05-04,18.15327,9.79213,13.9727,False,False,False
2022-05-05,19.64043,6.29588,12.968155,False,False,False
2022-05-06,22.71634,8.3266,15.521469999999999,False,False,False
2022-05-07,19.19581,12.00469,15.60025,False,False,False
2022-05-08,18.87238,9.26143,14.066905,False,False,False
2022-05-09,22.05088,4.52816,13.28952,False,False,False
2022-05-10,19.96763,13.70013,16.83388,False,False,False
2022-05-11,15.86105,11.32601,13.593530000000001,False,False,False
2022-05-12,18.27883,6.62621,12.45252,False,False,False
2022-05-13,20.50295,9.7034,15.103175,False,False,False
2022-05-14,22.54872,6.65131,14.600014999999999,False,False,False
2022-05-15,18.33657,12.27199,15.304279999999999,False,False,False
2022-05-16,21.90645,11.62588,16.766165,False,False,False
2022-05-17,25.50615,9.92899,17.717570000000002,False,False,False
2022-05-18,22.77549,10.38497,16.58023,False,False,False
2022-05-19,21.77826,13.21371,17.495985,False,False,False
2022-05-20,18.00242,11.33882,14.67062,False,False,False
2022-05-21,20.34462,9.11469,14.729655,False,False,False
2022-05-22,23.0439,8.11557,15.579735,False,False,False
2022-05-23,18.9506,10.3873,14.66895,False,False,False
2022-05-24,18.03454,9.31052,13.67253,False,False,False
2022-05-25,18.65965,8.08529,13.37247,False,False,False
2022-05-26,20.0918,10.2211,15.15645,False,False,False
2022-05-27,20.18889,12.53896,16.363925000000002,False,False,False
2022-05-28,18.34244,7.76186,13.052150000000001,False,False,False
2022-05-29,16.3968,6.74367,11.570235,False,False,False
2022-05-30,15.35787,4.4486,9.903235,False,False,False
2022-05-31,16.39315,7.95555,12.174349999999999,False,False,False
2022-06-01,18.38877,6.36097,12.374870000000001,False,False,False
2022-06-02,20.69098,6.77818,13.73458,False,False,False
2022-06-03,22.73698,10.26404,16.50051,False,False,False
2022-06-04,19.90296,12.13501,16.018985,False,False,False
2022-06-05,14.98525,11.19756,13.091405,False,False,False
2022-06-06,17.8626,11.45528,14.658940000000001,False,False,False
2022-06-07,21.06871,9.4339,15.251304999999999,False,False,False
2022-06-08,22.0695,13.89255,17.981025000000002,False,False,False
2022-06-09,20.20083,10.69078,15.445805,False,False,False
2022-06-10,22.94065,15.06373,19.00219,False,False,False
2022-06-11,22.64418,11.30462,16.9744,False,False,False
2022-06-12,21.99333,10.10788,16.050605,False,False,False
2022-06-13,20.80966,9.00584,14.90775,False,False,False
2022-06-14,24.09013,8.52131,16.30572,False,False,False
2022-06-15,27.11146,9.44943,18.280445,False,False,False
2022-06-16,28.45,11.36312,19.90656,False,False,False
2022-06-17,31.57645,14.21755,22.897,False,False,False
2022-06-18,23.91849,16.59131,20.2549,False,False,False
2022-06-19,19.59943,9.99648,14.797955000000002,False,False,False
2022-06-20,21.8439,11.17051,16.507205,False,False,False
2022-06-21,24.953,8.44065,16.696825,False,False,False
2022-06-22,26.30488,10.07592,18.1904,False,False,False
2022-06-23,25.11023,11.60425,18.35724,False,False,False
2022-06-24,22.0722,14.03742,18.05481,False,False,False
2022-06-25,20.81012,12.08573,16.447925,False,False,False
2022-06-26,21.71063,9.99853,15.854579999999999,False,False,False
2022-06-27,20.44144,9.9753,15.20837,False,False,False
2022-06-28,22.12698,9.53251,15.829744999999999,False,False,False
2022-06-29,21.19876,13.9422,17.57048,False,False,False
2022-06-30,19.95031,13.10906,16.529685,False,False,False
2022-07-01,21.46526,10.62173,16.043495,False,False,False
2022-07-02,22.38668,10.9849,16.685789999999997,False,False,False
2022-07-03,22.92957,10.62221,16.77589,False,False,False
2022-07-04,22.89442,10.02079,16.457605,False,False,False
2022-07-05,22.2564,9.12978,15.69309,False,False,False
2022-07-06,24.29676,10.97318,17.63497,False,False,False
2022-07-07,24.12261,16.01476,20.068685000000002,False,False,False
2022-07-08,28.45716,12.51284,20.485,False,False,False
2022-07-09,26.67258,14.77538,20.72398,False,False,False
2022-07-10,29.09741,12.84039,20.968899999999998,False,False,False
2022-07-11,31.20804,14.30074,22.75439,False,False,False
2022-07-12,30.75282,17.5131,24.13296,False,False,False
2022-07-13,28.20402,19.39843,23.801225000000002,False,False,False
2022-07-14,25.30404,14.68715,19.995595,False,False,False
2022-07-15,26.16927,11.41662,18.792945,False,False,False
2022-07-16,27.99835,12.78036,20.389355,False,False,False
2022-07-17,30.31136,13.47619,21.893775,False,False,False
2022-07-18,36.5339,15.75317,26.143535,True,False,False
2022-07-19,39.38515,19.3139,29.349525,True,False,True
2022-07-20,26.85846,18.63789,22.748175,False,False,False
2022-07-21,23.98418,16.17015,20.077165,False,False,False
2022-07-22,22.96469,16.72716,19.845925,False,False,False
2022-07-23,27.1968,14.31195,20.754375,False,False,False
2022-07-24,28.48145,17.35747,22.91946,False,False,False
2022-07-25,23.94528,17.61874,20.78201,False,False,False
2022-07-26,22.07549,14.72057,18.39803,False,False,False
2022-07-27,22.12234,13.06719,17.594765000000002,False,False,False
2022-07-28,23.84805,14.79648,19.322265,False,False,False
2022-07-29,27.07141,12.64621,19.85881,False,False,False
2022-07-30,26.35233,14.9057,20.629015,False,False,False
2022-07-31,26.54039,19.15281,22.8466,False,False,False
2022-08-01,26.97139,16.96854,21.969965000000002,False,False,False
2022-08-02,26.33549,18.02933,22.18241,False,False,False
2022-08-03,27.25969,17.57941,22.41955,False,False,False
2022-08-04,24.79368,16.38662,20.59015,False,False,False
2022-08-05,23.20677,14.21463,18.7107,False,False,False
2022-08-06,24.24766,10.11228,17.17997,False,False,False
2022-08-07,27.1338,10.10318,18.61849,False,False,False
2022-08-08,28.54004,13.36439,20.952215000000002,False,False,False
2022-08-09,28.20501,13.52514,20.865075,False,False,False
2022-08-10,29.73812,13.47863,21.608375,False,False,False
2022-08-11,32.28229,14.2995,23.290895000000003,False,False,False
2022-08-12,32.78674,15.42516,24.10595,False,False,False
2022-08-13,33.70889,16.64244,25.175665,False,False,False
2022-08-14,32.87037,15.81905,24.34471,False,False,False
2022-08-15,29.35947,16.74912,23.054295000000003,False,False,False
2022-08-16,22.88034,17.02463,19.952485,False,False,False
2022-08-17,24.89917,15.76901,20.33409,False,False,False
2022-08-18,26.65679,17.34387,22.000329999999998,False,False,False
2022-08-19,24.93754,18.51016,21.72385,False,False,False
2022-08-20,24.99496,11.62823,18.311595,False,False,False
2022-08-21,24.59463,13.75803,19.17633,False,False,False
2022-08-22,23.20739,12.1979,17.702645,False,False,False
2022-08-23,26.06007,17.80573,21.9329,False,False,False
2022-08-24,29.06385,19.29086,24.177355,False,False,False
2022-08-25,21.91715,17.58816,19.752654999999997,False,False,False
2022-08-26,24.71294,11.64414,18.178539999999998,False,False,False
2022-08-27,24.81174,13.39187,19.101805,False,False,False
2022-08-28,23.80048,12.41255,18.106515,False,False,False
2022-08-29,21.9722,14.79213,18.382165,False,False,False
2022-08-30,23.84611,13.64607,18.74609,False,False,False
2022-08-31,23.62467,13.73194,18.678304999999998,False,False,False
2022-09-01,23.67784,15.61748,19.647660000000002,False,False,False
2022-09-02,24.75094,16.0212,20.38607,False,False,False
2022-09-03,24.12997,14.24137,19.185670000000002,False,False,False
2022-09-04,24.49218,14.8624,19.67729,False,False,False
2022-09-05,23.11443,14.82611,18.97027,False,False,False
2022-09-06,22.51117,14.68423,18.5977,False,False,False
2022-09-07,21.60726,14.13144,17.86935,False,False,False
2022-09-08,19.7309,13.31254,16.52172,False,False,False
2022-09-09,20.67992,14.45555,17.567735,False,False,False
2022-09-10,21.61984,12.3029,16.96137,False,False,False
2022-09-11,23.28767,12.09715,17.69241,False,False,False
2022-09-12,26.15873,13.871,20.014865,False,False,False
2022-09-13,18.99354,15.5819,17.28772,False,False,False
2022-09-14,21.39065,14.42296,17.906805,False,False,False
2022-09-15,19.02365,11.61318,15.318415,False,False,False
2022-09-16,17.23966,9.34268,13.291170000000001,False,False,False
2022-09-17,17.35987,4.73488,11.047375,False,False,False
2022-09-18,17.8595,7.37406,12.61678,False,False,False
2022-09-19,18.06484,9.79429,13.929565,False,False,False
2022-09-20,19.25377,7.57257,13.41317,False,False,False
2022-09-21,20.68877,12.20853,16.44865,False,False,False
2022-09-22,20.13305,8.65731,14.39518,False,False,False
2022-09-23,18.53022,13.84857,16.189395,False,False,False
2022-09-24,18.53167,8.79249,13.66208,False,False,False
2022-09-25,16.50377,7.88982,12.196795,False,False,False
2022-09-26,15.61099,10.54952,13.080255,False,False,False
2022-09-27,14.59532,8.08958,11.34245,False,False,False
2022-09-28,14.91056,4.52251,9.716535,False,False,False
2022-09-29,16.56433,3.69809,10.131210000000001,False,False,False
2022-09-30,16.40516,6.13567,11.270415,False,False,False
2022-10-01,19.20171,10.73274,14.967225,False,False,False
2022-10-02,18.57071,12.71607,15.64339,False,False,False
2022-10-03,18.51762,5.62493,12.071275,False,False,False
2022-10-04,18.10998,10.87051,14.490245,False,False,False
2022-10-05,18.98421,15.55387,17.26904,False,False,False
2022-10-06,18.71079,6.86943,12.79011,False,False,False
2022-10-07,19.02746,11.41633,15.221895,False,False,False
2022-10-08,16.91746,6.46243,11.689945,False,False,False
2022-10-09,18.1417,3.90806,11.02488,False,False,False
2022-10-10,16.05904,8.37985,12.219445,False,False,False
2022-10-11,16.50453,2.85714,9.680835,False,False,False
2022-10-12,17.10774,3.67924,10.39349,False,False,False
2022-10-13,17.45333,10.82325,14.138290000000001,False,False,False
2022-10-14,16.1525,9.18077,12.666635,False,False,False
2022-10-15,17.1482,7.70932,12.42876,False,False,False
2022-10-16,16.92583,9.68254,13.304185,False,False,False
2022-10-17,19.10094,13.37437,16.237655,False,False,False
2022-10-18,18.43357,5.4215,11.927534999999999,False,False,False
2022-10-19,17.15612,9.78583,13.470975000000001,False,False,False
2022-10-20,17.16163,14.03095,15.59629,False,False,False
2022-10-21,18.42593,9.05563,13.74078,False,False,False
2022-10-22,18.56314,11.82455,15.193845,False,False,False
2022-10-23,18.76585,13.06809,15.91697,False,False,False
2022-10-24,18.09484,11.79246,14.943650000000002,False,False,False
2022-10-25,17.79651,10.39688,14.096695,False,False,False
2022-10-26,19.46483,13.24284,16.353835,False,False,False
2022-10-27,20.51836,12.05459,16.286475,False,False,False
2022-10-28,18.79853,13.33185,16.06519,False,False,False
2022-10-29,21.92324,10.43759,16.180415,False,False,False
2022-10-30,16.42498,12.77809,14.601535000000002,False,False,False
2022-10-31,17.27765,10.23877,13.758210000000002,False,False,False
2022-11-01,15.96719,11.24288,13.605035,False,False,False
2022-11-02,15.09323,7.88063,11.486930000000001,False,False,False
2022-11-03,11.93679,10.25247,11.09463,False,False,False
2022-11-04,12.38097,5.81419,9.09758,False,False,False
2022-11-05,13.92536,4.58917,9.257265,False,False,False
2022-11-06,13.74403,8.85538,11.299705,False,False,False
2022-11-07,15.07031,9.66332,12.366814999999999,False,False,False
2022-11-08,15.38132,12.01281,13.697065,False,False,False
2022-11-09,14.47727,10.04625,12.26176,False,False,False
2022-11-10,15.27253,8.99621,12.13437,False,False,False
2022-11-11,16.13574,13.10664,14.621189999999999,False,False,False
2022-11-12,16.29698,8.71666,12.506820000000001,False,False,False
2022-11-13,14.51914,9.36807,11.943605,False,False,False
2022-11-14,13.79863,7.11811,10.458369999999999,False,False,False
2022-11-15,14.12202,8.4001,11.26106,False,False,False
2022-11-16,12.52537,7.40545,9.96541,False,False,False
2022-11-17,11.76314,8.51634,10.13974,False,False,False
2022-11-18,12.22881,7.365,9.796904999999999,False,False,False
2022-11-19,10.37476,7.34421,8.859485,False,False,False
2022-11-20,11.17072,3.82533,7.498025,False,False,False
2022-11-21,9.24554,2.94333,6.094435,False,False,False
2022-11-22,10.55699,4.59233,7.57466,False,False,False
2022-11-23,12.29836,2.63259,7.4654750000000005,False,False,False
2022-11-24,13.06362,5.25613,9.159875,False,False,False
2022-11-25,12.33232,6.83056,9.58144,False,False,False
2022-11-26,12.50525,5.66009,9.08267,False,False,False
2022-11-27,13.02264,8.81663,10.919635,False,False,False
2022-11-28,11.46579,3.9638,7.7147950000000005,False,False,False
2022-11-29,7.14191,4.28884,5.715375,False,False,False
2022-11-30,9.59462,6.02231,7.808465,False,False,False
2022-12-01,8.14505,3.1526,5.6488249999999995,False,False,False
2022-12-02,7.50674,4.0416,5.77417,False,False,False
2022-12-03,7.4594,4.84919,6.154294999999999,False,False,False
2022-12-04,6.02937,4.05173,5.04055,False,False,False
2022-12-05,8.10215,3.81674,5.959445,False,False,False
2022-12-06,7.02436,2.44215,4.733255,False,False,False
2022-12-07,5.3312,1.29615,3.313675,False,False,False
2022-12-08,3.66087,-4.16004,-0.24958500000000017,False,False,False
2022-12-09,3.34365,-4.36845,-0.5124000000000002,False,False,False
2022-12-10,4.41049,-4.60453,-0.09701999999999966,False,False,False
2022-12-11,0.41178,-4.86672,-2.22747,False,False,False
2022-12-12,1.14871,-3.32568,-1.0884850000000001,False,False,False
2022-12-13,1.22776,-3.21272,-0.99248,False,False,False
2022-12-14,0.97428,-2.97369,-0.999705,False,False,False
2022-12-15,1.53178,-6.79837,-2.6332950000000004,False,True,False
2022-12-16,2.75754,-6.25995,-1.751205,False,True,False
2022-12-17,4.91866,-6.03949,-0.5604149999999999,False,False,False
2022-12-18,12.11496,-3.724,4.19548,False,False,False
2022-12-19,13.28596,0.88854,7.08725,False,False,False
2022-12-20,11.05899,9.21634,10.137665,False,False,False
2022-12-21,11.25546,3.60799,7.431725,False,False,False
2022-12-22,11.35656,4.98773,8.172145,False,False,False
2022-12-23,13.03502,6.61255,9.823784999999999,False,False,False
2022-12-24,10.7708,5.38999,8.080395,False,False,False
2022-12-25,11.6325,5.39662,8.51456,False,False,False
2022-12-26,7.98636,3.04744,5.5169,False,False,False
2022-12-27,11.10351,1.57741,6.34046,False,False,False
2022-12-28,11.84185,4.85907,8.35046,False,False,False
2022-12-29,9.7058,7.86497,8.785385,False,False,False
2022-12-30,14.08336,4.38065,9.232005000000001,False,False,False
2022-12-31,13.83959,8.62212,11.230855,False,False,False
2023-01-01,11.84969,10.03996,10.944825000000002,False,False,False
2023-01-02,9.03514,5.16832,7.10173,False,False,False
2023-01-03,13.09145,0.42913,6.76029,False,False,False
2023-01-04,13.71149,8.52074,11.116115,False,False,False
2023-01-05,13.22109,9.20562,11.213355,False,False,False
2023-01-06,12.48726,5.84383,9.165545,False,False,False
2023-01-07,11.39741,6.53665,8.967030000000001,False,False,False
2023-01-08,9.65945,6.36166,8.010555,False,False,False
2023-01-09,9.17861,4.50487,6.841740000000001,False,False,False
2023-01-10,12.83104,3.51316,8.1721,False,False,False
2023-01-11,12.03785,6.86889,9.45337,False,False,False
2023-01-12,12.44784,7.37956,9.913699999999999,False,False,False
2023-01-13,11.02774,7.35914,9.193439999999999,False,False,False
2023-01-14,12.31322,5.73365,9.023435,False,False,False
2023-01-15,8.42083,3.96391,6.19237,False,False,False
2023-01-16,5.18101,2.03995,3.61048,False,False,False
2023-01-17,1.18532,-5.44126,-2.12797,False,False,False
2023-01-18,4.96622,-4.39197,0.2871250000000001,False,False,False
2023-01-19,5.26792,-3.02571,1.121105,False,False,False
2023-01-20,6.24135,-2.44268,1.8993349999999998,False,False,False
2023-01-21,6.39963,-1.93941,2.23011,False,False,False
2023-01-22,4.08691,-4.83526,-0.37417500000000015,False,False,False
2023-01-23,4.77227,-5.64347,-0.4356,False,False,False
2023-01-24,4.9417,-4.40726,0.26722,False,False,False
2023-01-25,5.92186,-2.55857,1.6816449999999998,False,False,False
2023-01-26,7.62279,-0.09158,3.765605,False,False,False
2023-01-27,7.42881,3.83887,5.63384,False,False,False
2023-01-28,6.36633,0.89733,3.63183,False,False,False
2023-01-29,8.64636,3.06359,5.854975,False,False,False
2023-01-30,9.66158,4.83452,7.248050000000001,False,False,False
2023-01-31,12.15027,1.44226,6.796265,False,False,False
2023-02-01,10.51486,4.00114,7.258000000000001,False,False,False
2023-02-02,11.59621,5.4751,8.535655,False,False,False
2023-02-03,13.1901,7.54344,10.366769999999999,False,False,False
2023-02-04,9.83258,6.7371,8.284839999999999,False,False,False
2023-02-05,8.66353,3.31744,5.990485,False,False,False
2023-02-06,11.25864,-0.64727,5.3056849999999995,False,False,False
2023-02-07,8.70114,-2.53831,3.0814150000000002,False,False,False
2023-02-08,8.22331,-4.92383,1.64974,False,False,False
2023-02-09,9.85247,-2.68838,3.582045,False,False,False
2023-02-10,9.06322,-2.55944,3.2518899999999995,False,False,False
2023-02-11,10.41149,0.68195,5.5467200000000005,False,False,False
2023-02-12,8.59649,6.78627,7.69138,False,False,False
2023-02-13,12.64023,3.18746,7.913845,False,False,False
2023-02-14,12.7268,-0.40546,6.1606700000000005,False,False,False
2023-02-15,15.20611,-0.22509,7.4905100000000004,False,False,False
2023-02-16,12.5637,2.64326,7.60348,False,False,False
2023-02-17,14.73052,9.26671,11.998615000000001,False,False,False
2023-02-18,13.37423,10.3458,11.860015,False,False,False
2023-02-19,13.56738,7.13389,10.350635,False,False,False
2023-02-20,13.22895,5.82132,9.525134999999999,False,False,False
2023-02-21,9.88586,7.48668,8.68627,False,False,False
2023-02-22,9.49239,5.25195,7.372170000000001,False,False,False
2023-02-23,8.79722,5.43721,7.117215,False,False,False
2023-02-24,10.31404,-1.25154,4.53125,False,False,False
2023-02-25,8.30004,3.04922,5.67463,False,False,False
2023-02-26,7.64401,1.30388,4.473945,False,False,False
2023-02-27,8.49965,-0.6632,3.9182250000000005,False,False,False
2023-02-28,7.47868,0.63011,4.0543949999999995,False,False,False
2023-03-01,8.0206,3.24755,5.634075,False,False,False
2023-03-02,9.12587,0.98723,5.0565500000000005,False,False,False
2023-03-03,6.73079,3.35404,5.042415,False,False,False
2023-03-04,6.82786,4.50831,5.668085,False,False,False
2023-03-05,4.96157,3.13422,4.0478950000000005,False,False,False
2023-03-06,9.64872,-0.37154,4.638590000000001,False,False,False
2023-03-07,5.31315,1.80823,3.56069,False,False,False
2023-03-08,3.74161,-0.64146,1.550075,False,False,False
2023-03-09,10.16309,1.55371,5.8584000000000005,False,False,False
2023-03-10,5.37985,2.76874,4.074295,False,False,False
2023-03-11,9.69689,-2.65804,3.519425,False,False,False
2023-03-12,13.65245,2.32224,7.9873449999999995,False,False,False
2023-03-13,14.18911,9.62336,11.906234999999999,False,False,False
2023-03-14,9.90868,4.11232,7.0105,False,False,False
2023-03-15,9.90678,-1.07894,4.41392,False,False,False
2023-03-16,14.38364,3.77653,9.080085,False,False,False
2023-03-17,14.61438,9.94207,12.278224999999999,False,False,False
2023-03-18,14.09804,8.81106,11.45455,False,False,False
2023-03-19,10.94494,5.4988,8.221870000000001,False,False,False
2023-03-20,12.39194,7.29596,9.84395,False,False,False
2023-03-21,14.35364,8.84922,11.60143,False,False,False
2023-03-22,14.86256,10.00169,12.432125,False,False,False
2023-03-23,15.27845,8.89344,12.085944999999999,False,False,False
2023-03-24,14.23966,7.70816,10.97391,False,False,False
2023-03-25,14.94359,7.6863,11.314945,False,False,False
2023-03-26,9.23454,6.45756,7.84605,False,False,False
2023-03-27,10.93039,3.09127,7.0108299999999995,False,False,False
2023-03-28,10.81498,3.70302,7.259,False,False,False
2023-03-29,14.12784,6.94512,10.536480000000001,False,False,False
2023-03-30,15.98509,10.24507,13.115079999999999,False,False,False
2023-03-31,13.89241,10.02305,11.95773,False,False,False
2023-04-01,10.93465,8.31314,9.623895000000001,False,False,False
2023-04-02,11.3882,6.32358,8.855889999999999,False,False,False
2023-04-03,12.21822,0.8122,6.515210000000001,False,False,False
2023-04-04,14.30297,-0.92337,6.6898,False,False,False
2023-04-05,13.55067,2.07346,7.8120650000000005,False,False,False
2023-04-06,14.8657,8.00842,11.437059999999999,False,False,False
2023-04-07,15.04403,3.73018,9.387105,False,False,False
2023-04-08,15.04007,1.85568,8.447875,False,False,False
2023-04-09,16.25171,5.39945,10.825579999999999,False,False,False
2023-04-10,15.65688,9.38086,12.51887,False,False,False
2023-04-11,13.31226,5.47938,9.39582,False,False,False
2023-04-12,11.71922,4.25904,7.989129999999999,False,False,False
2023-04-13,13.69484,5.60774,9.65129,False,False,False
2023-04-14,10.81726,3.26362,7.040439999999999,False,False,False
2023-04-15,15.3663,6.75344,11.05987,False,False,False
2023-04-16,15.92893,6.18247,11.0557,False,False,False
2023-04-17,16.72735,9.11788,12.922615,False,False,False
2023-04-18,12.18887,7.25527,9.72207,False,False,False
2023-04-19,15.90124,7.57682,11.73903,False,False,False
2023-04-20,15.49943,4.76151,10.13047,False,False,False
2023-04-21,11.82023,6.33366,9.076945,False,False,False
2023-04-22,14.53278,2.41649,8.474635000000001,False,False,False
2023-04-23,14.65639,8.57022,11.613305,False,False,False
2023-04-24,12.65991,6.41586,9.537885,False,False,False
2023-04-25,11.71731,1.69553,6.70642,False,False,False
2023-04-26,11.804,3.74962,7.77681,False,False,False
2023-04-27,14.52904,4.33543,9.432235,False,False,False
2023-04-28,17.72904,9.24775,13.488395,False,False,False
2023-04-29,18.41222,4.60764,11.50993,False,False,False
2023-04-30,17.63996,5.09451,11.367234999999999,False,False,False
2023-05-01,17.87004,9.76647,13.818255,False,False,False
2023-05-02,15.05447,8.20364,11.629055000000001,False,False,False
2023-05-03,15.45879,4.03978,9.749285,False,False,False
2023-05-04,19.23639,7.35935,13.29787,False,False,False
2023-05-05,19.30562,10.58524,14.945430000000002,False,False,False
2023-05-06,14.87767,9.08134,11.979505,False,False,False
2023-05-07,20.44986,11.84663,16.148245,False,False,False
2023-05-08,15.65497,8.67028,12.162625,False,False,False
2023-05-09,18.47407,12.2508,15.362435000000001,False,False,False
2023-05-10,18.32953,9.04324,13.686385,False,False,False
2023-05-11,18.61988,8.3568,13.488339999999999,False,False,False
2023-05-12,13.66127,8.89046,11.275865,False,False,False
2023-05-13,13.77125,9.27642,11.523835,False,False,False
2023-05-14,20.58678,8.30184,14.444310000000002,False,False,False
2023-05-15,15.9806,10.03117,13.005885,False,False,False
2023-05-16,17.48008,5.7376,11.60884,False,False,False
2023-05-17,18.18049,6.22645,12.20347,False,False,False
2023-05-18,19.44626,7.63371,13.539985,False,False,False
2023-05-19,17.86765,8.61769,13.24267,False,False,False
2023-05-20,19.71766,7.3606,13.53913,False,False,False
2023-05-21,18.72709,7.87522,13.301155,False,False,False
2023-05-22,19.42557,11.08395,15.254760000000001,False,False,False
2023-05-23,18.10306,8.99623,13.549645,False,False,False
2023-05-24,21.17011,7.23673,14.203420000000001,False,False,False
2023-05-25,17.9054,9.42889,13.667145000000001,False,False,False
2023-05-26,19.16809,8.57361,13.87085,False,False,False
2023-05-27,20.61872,7.26052,13.93962,False,False,False
2023-05-28,21.69161,6.59983,14.14572,False,False,False
2023-05-29,17.4736,8.12158,12.79759,False,False,False
2023-05-30,16.91607,8.95899,12.93753,False,False,False
2023-05-31,18.39606,10.19209,14.294075,False,False,False
2023-06-01,18.85725,9.90578,14.381515,False,False,False
2023-06-02,18.4168,10.39292,14.40486,False,False,False
2023-06-03,21.63678,8.12358,14.880180000000001,False,False,False
2023-06-04,21.84614,9.04104,15.44359,False,False,False
2023-06-05,17.84301,9.90339,13.8732,False,False,False
2023-06-06,16.99657,11.19915,14.097859999999999,False,False,False
2023-06-07,21.08239,10.42652,15.754455,False,False,False
2023-06-08,21.88997,10.18782,16.038895,False,False,False
2023-06-09,25.60864,11.21915,18.413895,False,False,False
2023-06-10,30.38427,12.88203,21.63315,False,False,False
2023-06-11,30.80658,13.89552,22.35105,False,False,False
2023-06-12,28.20166,15.63855,21.920105,False,False,False
2023-06-13,28.17558,12.71698,20.44628,False,False,False
2023-06-14,28.09869,11.25863,19.67866,False,False,False
2023-06-15,27.26706,12.39704,19.832050000000002,False,False,False
2023-06-16,27.20736,12.29056,19.74896,False,False,False
2023-06-17,25.68203,11.81014,18.746085,False,False,False
2023-06-18,26.93243,16.0393,21.485865,False,False,False
2023-06-19,24.73525,14.11407,19.42466,False,False,False
2023-06-20,23.00578,15.94732,19.47655,False,False,False
2023-06-21,25.37455,14.22033,19.79744,False,False,False
2023-06-22,27.95245,13.2865,20.619475,False,False,False
2023-06-23,27.20442,14.40952,20.80697,False,False,False
2023-06-24,28.0722,14.83925,21.455725,False,False,False
2023-06-25,30.70854,14.87257,22.790554999999998,False,False,False
2023-06-26,22.99571,13.70861,18.352159999999998,False,False,False
2023-06-27,23.00911,13.13596,18.072535000000002,False,False,False
2023-06-28,24.92894,17.74964,21.33929,False,False,False
2023-06-29,22.62208,15.26372,18.9429,False,False,False
2023-06-30,19.38778,11.15461,15.271194999999999,False,False,False
2023-07-01,22.63255,16.20013,19.416339999999998,False,False,False
2023-07-02,21.02281,11.44649,16.234650000000002,False,False,False
2023-07-03,20.95206,11.55719,16.254625,False,False,False
2023-07-04,18.7677,13.16152,15.96461,False,False,False
2023-07-05,21.12493,10.09315,15.60904,False,False,False
2023-07-06,22.44139,10.14199,16.29169,False,False,False
2023-07-07,29.30093,9.87837,19.58965,False,False,False
2023-07-08,26.22169,18.07569,22.148690000000002,False,False,False
2023-07-09,23.3662,15.75354,19.55987,False,False,False
2023-07-10,24.34891,13.0655,18.707205000000002,False,False,False
2023-07-11,23.50618,16.87665,20.191415,False,False,False
2023-07-12,22.4904,13.48845,17.989425,False,False,False
2023-07-13,22.53944,12.74905,17.644244999999998,False,False,False
2023-07-14,19.65367,13.20889,16.43128,False,False,False
2023-07-15,21.33753,15.17664,18.257085,False,False,False
2023-07-16,21.77856,14.24742,18.01299,False,False,False
2023-07-17,23.04604,12.11391,17.579975,False,False,False
2023-07-18,23.20531,10.77615,16.99073,False,False,False
2023-07-19,23.75372,15.05081,19.402265,False,False,False
2023-07-20,23.36637,12.61374,17.990054999999998,False,False,False
2023-07-21,21.31782,10.7216,16.01971,False,False,False
2023-07-22,19.0505,12.75836,15.90443,False,False,False
2023-07-23,23.81859,14.71801,19.2683,False,False,False
2023-07-24,18.0702,14.41555,16.242874999999998,False,False,False
2023-07-25,20.764,11.43254,16.09827,False,False,False
2023-07-26,22.6394,8.93301,15.786204999999999,False,False,False
2023-07-27,22.18733,14.74942,18.468375,False,False,False
2023-07-28,23.37222,16.32854,19.85038,False,False,False
2023-07-29,23.59586,15.76925,19.682555,False,False,False
2023-07-30,20.77591,14.34776,17.561835,False,False,False
2023-07-31,20.19513,16.24356,18.219344999999997,False,False,False
2023-08-01,23.03342,13.69552,18.36447,False,False,False
2023-08-02,19.87878,14.91838,17.39858,False,False,False
2023-08-03,21.35674,14.60806,17.9824,False,False,False
2023-08-04,20.09998,13.60325,16.851615,False,False,False
2023-08-05,18.45766,12.92814,15.692900000000002,False,False,False
2023-08-06,20.18451,10.4625,15.323505,False,False,False
2023-08-07,21.79569,9.53831,15.667,False,False,False
2023-08-08,18.05689,10.78457,14.420729999999999,False,False,False
2023-08-09,24.31107,11.20157,17.756320000000002,False,False,False
2023-08-10,26.46919,12.9148,19.691995,False,False,False
2023-08-11,24.68815,16.74221,20.71518,False,False,False
2023-08-12,22.04152,14.13562,18.088569999999997,False,False,False
2023-08-13,22.68267,15.41165,19.04716,False,False,False
2023-08-14,22.30245,15.06798,18.685215,False,False,False
2023-08-15,24.44307,11.37465,17.90886,False,False,False
2023-08-16,25.91106,12.22808,19.06957,False,False,False
2023-08-17,24.00874,14.98382,19.49628,False,False,False
2023-08-18,24.22175,17.41942,20.820585,False,False,False
2023-08-19,24.02816,17.16929,20.598725,False,False,False
2023-08-20,25.07283,13.73309,19.40296,False,False,False
2023-08-21,24.51992,13.80919,19.164555,False,False,False
2023-08-22,25.63599,14.20716,19.921575,False,False,False
2023-08-23,27.07642,13.1573,20.11686,False,False,False
2023-08-24,24.89825,15.37128,20.134765,False,False,False
2023-08-25,21.43692,13.65599,17.546455,False,False,False
2023-08-26,20.40028,10.87326,15.636769999999999,False,False,False
2023-08-27,20.15202,10.06974,15.11088,False,False,False
2023-08-28,21.00007,10.07831,15.539190000000001,False,False,False
2023-08-29,20.79071,12.45064,16.620675,False,False,False
2023-08-30,20.66864,10.11406,15.39135,False,False,False
2023-08-31,17.86078,9.94313,13.901955,False,False,False
2023-09-01,22.46822,13.903,18.18561,False,False,False
2023-09-02,23.87788,15.55732,19.7176,False,False,False
2023-09-03,26.31611,12.57143,19.44377,False,False,False
2023-09-04,28.98723,15.26016,22.123695,False,False,False
2023-09-05,29.43308,14.73714,22.08511,False,False,False
2023-09-06,30.98771,15.06106,23.024385,False,False,False
2023-09-07,31.41193,16.86321,24.13757,False,False,False
2023-09-08,30.0782,16.57935,23.328775,False,False,False
2023-09-09,32.43717,16.69505,24.566110000000002,False,False,False
2023-09-10,30.67568,17.21457,23.945124999999997,False,False,False
2023-09-11,25.62359,17.84658,21.735084999999998,False,False,False
2023-09-12,23.03569,16.46442,19.750055,False,False,False
2023-09-13,20.52281,13.80262,17.162715,False,False,False
2023-09-14,23.93736,11.46295,17.700155000000002,False,False,False
2023-09-15,25.93941,10.27755,18.10848,False,False,False
2023-09-16,26.94142,12.29843,19.619925000000002,False,False,False
2023-09-17,21.40699,15.80187,18.60443,False,False,False
2023-09-18,20.01341,15.66497,17.839190000000002,False,False,False
2023-09-19,19.09537,12.6136,15.854485,False,False,False
2023-09-20,20.5952,16.4142,18.5047,False,False,False
2023-09-21,18.30937,10.55506,14.432215,False,False,False
2023-09-22,18.45354,9.46608,13.959810000000001,False,False,False
2023-09-23,18.2508,7.88925,13.070025000000001,False,False,False
2023-09-24,20.63224,10.29308,15.46266,False,False,False
2023-09-25,22.40107,14.69072,18.545895,False,False,False
2023-09-26,23.13199,11.8036,17.467795,False,False,False
2023-09-27,21.44901,13.03175,17.240380000000002,False,False,False
2023-09-28,19.39975,15.00533,17.20254,False,False,False
2023-09-29,20.02083,15.10921,17.56502,False,False,False
2023-09-30,19.81952,10.03977,14.929645,False,False,False
2023-10-01,22.32306,13.85293,18.087995,False,False,False
2023-10-02,19.78551,15.12941,17.457459999999998,False,False,False
2023-10-03,18.5469,12.10705,15.326975000000001,False,False,False
2023-10-04,18.34488,10.31436,14.32962,False,False,False
2023-10-05,19.35124,12.59928,15.97526,False,False,False
2023-10-06,21.41062,13.22522,17.31792,False,False,False
2023-10-07,24.38858,14.0264,19.20749,False,False,False
2023-10-08,24.90824,11.75569,18.331965,False,False,False
2023-10-09,24.79508,12.02085,18.407964999999997,False,False,False
2023-10-10,23.18049,11.66676,17.423625,False,False,False
2023-10-11,20.09308,14.4633,17.278190000000002,False,False,False
2023-10-12,19.37043,13.0873,16.228865,False,False,False
2023-10-13,20.54404,13.53268,17.038359999999997,False,False,False
2023-10-14,14.12964,6.67442,10.40203,False,False,False
2023-10-15,11.09458,2.45084,6.77271,False,False,False
2023-10-16,12.64845,0.69108,6.669765,False,False,False
2023-10-17,15.23477,6.17701,10.70589,False,False,False
2023-10-18,16.85199,10.96944,13.910715,False,False,False
2023-10-19,18.55033,12.3419,15.446114999999999,False,False,False
2023-10-20,17.31701,13.83613,15.57657,False,False,False
2023-10-21,16.43285,11.85805,14.14545,False,False,False
2023-10-22,16.13448,5.73831,10.936395000000001,False,False,False
2023-10-23,14.8341,6.12034,10.477219999999999,False,False,False
2023-10-24,15.68825,8.17801,11.93313,False,False,False
2023-10-25,14.37005,6.81217,10.59111,False,False,False
2023-10-26,16.15018,7.52209,11.836134999999999,False,False,False
2023-10-27,15.10408,6.27703,10.690555,False,False,False
2023-10-28,15.44427,8.02909,11.73668,False,False,False
2023-10-29,12.21113,8.26509,10.23811,False,False,False
2023-10-30,15.1568,8.26701,11.711905000000002,False,False,False
2023-10-31,15.25756,4.54431,9.900935,False,False,False
2023-11-01,13.97557,9.39522,11.685395,False,False,False
2023-11-02,11.32207,8.57348,9.947775,False,False,False
2023-11-03,13.94677,7.50958,10.728175,False,False,False
2023-11-04,13.32345,4.23978,8.781614999999999,False,False,False
2023-11-05,13.49818,7.29202,10.3951,False,False,False
2023-11-06,13.48348,6.80523,10.144355000000001,False,False,False
2023-11-07,12.7299,4.78729,8.758595,False,False,False
2023-11-08,12.94691,5.85742,9.402165,False,False,False
2023-11-09,11.30914,4.78718,8.04816,False,False,False
2023-11-10,9.48398,5.07222,7.2781,False,False,False
2023-11-11,10.96659,1.58833,6.27746,False,False,False
2023-11-12,14.70182,2.01216,8.35699,False,False,False
2023-11-13,15.85387,6.47611,11.16499,False,False,False
2023-11-14,12.51353,10.67064,11.592085,False,False,False
2023-11-15,12.18488,7.56639,9.875634999999999,False,False,False
2023-11-16,8.18666,3.55432,5.87049,False,False,False
2023-11-17,12.39955,2.40271,7.40113,False,False,False
2023-11-18,14.91399,4.65208,9.783035,False,False,False
2023-11-19,14.03457,11.09657,12.565570000000001,False,False,False
2023-11-20,12.04186,7.52869,9.785275,False,False,False
2023-11-21,10.89817,8.64622,9.772195,False,False,False
2023-11-22,11.15163,4.09816,7.624895,False,False,False
2023-11-23,13.755,5.60401,9.679505,False,False,False
2023-11-24,8.98164,8.42322,8.70243,False,False,False
2023-11-25,6.17016,-0.94958,2.61029,False,False,False
2023-11-26,9.46197,-1.43404,4.013965000000001,False,False,False
2023-11-27,9.8863,0.33865,5.112475,False,False,False
2023-11-28,7.54847,2.64269,5.09558,False,False,False
2023-11-29,6.2586,0.32622,3.2924100000000003,False,False,False
2023-11-30,4.32437,-2.64658,0.838895,False,False,False
2023-12-01,3.65986,-1.93677,0.861545,False,False,False
2023-12-02,5.03955,-1.46878,1.7853850000000002,False,False,False
2023-12-03,8.16103,-2.85496,2.653035,False,False,False
2023-12-04,7.43163,5.02106,6.226345,False,False,False
2023-12-05,6.87299,5.44079,6.15689,False,False,False
2023-12-06,7.18892,-0.67167,3.2586250000000003,False,False,False
2023-12-07,8.52848,-0.37661,4.075935,False,False,False
2023-12-08,11.57581,4.41592,7.995865,False,False,False
2023-12-09,13.43259,5.97276,9.702675,False,False,False
2023-12-10,11.79081,7.55346,9.672135,False,False,False
2023-12-11,11.69636,8.29714,9.99675,False,False,False
2023-12-12,11.468,4.95871,8.213355,False,False,False
2023-12-13,8.00154,7.00385,7.502695,False,False,False
2023-12-14,7.92382,2.61888,5.27135,False,False,False
2023-12-15,10.09804,3.11011,6.604075,False,False,False
2023-12-16,11.13634,4.52339,7.829865,False,False,False
2023-12-17,11.251,8.84346,10.047229999999999,False,False,False
2023-12-18,12.49414,9.00969,10.751915,False,False,False
2023-12-19,12.047,10.43395,11.240475,False,False,False
2023-12-20,12.35121,4.2468,8.299005000000001,False,False,False
2023-12-21,14.03217,6.62613,10.32915,False,False,False
2023-12-22,12.19352,8.83491,10.514215,False,False,False
2023-12-23,13.3177,8.80188,11.05979,False,False,False
2023-12-24,14.76191,10.17314,12.467525,False,False,False
2023-12-25,12.67353,11.71778,12.195654999999999,False,False,False
2023-12-26,11.5484,6.23853,8.893465,False,False,False
2023-12-27,12.13982,4.02712,8.08347,False,False,False
2023-12-28,12.37424,9.7605,11.06737,False,False,False
2023-12-29,11.32632,9.0613,10.19381,False,False,False
2023-12-30,11.93788,5.17037,8.554124999999999,False,False,False
2023-12-31,10.2797,5.71718,7.99844,False,False,False
2024-01-01,12.24769,6.32799,9.28784,False,False,False
2024-01-02,13.3328,6.74884,10.04082,False,False,False
2024-01-03,11.62145,8.60153,10.11149,False,False,False
2024-01-04,8.82176,5.18209,7.001925,False,False,False
2024-01-05,7.40012,4.96919,6.184655,False,False,False
2024-01-06,6.61466,4.58169,5.5981749999999995,False,False,False
2024-01-07,5.1284,2.16465,3.646525,False,False,False
2024-01-08,3.34768,2.18199,2.7648349999999997,False,False,False
2024-01-09,4.05748,1.02345,2.540465,False,False,False
2024-01-10,5.30456,-0.2657,2.5194300000000003,False,False,False
2024-01-11,5.44054,-1.20405,2.118245,False,False,False
2024-01-12,5.68806,0.75804,3.22305,False,False,False
2024-01-13,4.05067,1.14202,2.5963450000000003,False,False,False
2024-01-14,6.36091,1.00359,3.68225,False,False,False
2024-01-15,2.96541,-1.90079,0.53231,False,False,False
2024-01-16,4.68804,-5.0181,-0.1650299999999998,False,False,False
2024-01-17,2.70349,-3.72608,-0.511295,False,False,False
2024-01-18,2.89989,-6.02562,-1.562865,False,False,False
2024-01-19,5.93509,-5.3381,0.29849499999999995,False,False,False
2024-01-20,8.89961,-3.55138,2.6741149999999996,False,False,False
2024-01-21,12.9298,2.99482,7.96231,False,False,False
2024-01-22,11.04435,8.41672,9.730535,False,False,False
2024-01-23,13.41432,3.92556,8.66994,False,False,False
2024-01-24,12.17517,7.48452,9.829844999999999,False,False,False
2024-01-25,12.87761,3.34323,8.110420000000001,False,False,False
2024-01-26,9.68936,7.22592,8.457640000000001,False,False,False
2024-01-27,8.78529,-0.8502,3.967545,False,False,False
2024-01-28,11.53298,0.72776,6.13037,False,False,False
2024-01-29,12.34551,3.78124,8.063375,False,False,False
2024-01-30,8.59524,7.66589,8.130565,False,False,False
2024-01-31,11.79739,5.97082,8.884105,False,False,False
2024-02-01,9.96972,2.248,6.10886,False,False,False
2024-02-02,13.74993,2.82176,8.285845,False,False,False
2024-02-03,13.36664,8.67323,11.019935,False,False,False
2024-02-04,13.37905,10.61227,11.99566,False,False,False
2024-02-05,12.169,8.64311,10.406055,False,False,False
2024-02-06,13.77879,9.09291,11.43585,False,False,False
2024-02-07,6.70692,4.19068,5.4488,False,False,False
2024-02-08,11.9035,4.39955,8.151525,False,False,False
2024-02-09,12.5567,5.02755,8.792124999999999,False,False,False
2024-02-10,11.97261,6.65958,9.316095,False,False,False
2024-02-11,11.73307,6.5152,9.124134999999999,False,False,False
2024-02-12,10.26775,2.12526,6.196505,False,False,False
2024-02-13,12.27449,3.77835,8.02642,False,False,False
2024-02-14,13.51739,6.98856,10.252975,False,False,False
2024-02-15,17.28806,11.84364,14.565850000000001,False,False,False
2024-02-16,14.06344,9.40355,11.733495,False,False,False
2024-02-17,13.17487,8.35483,10.76485,False,False,False
2024-02-18,15.6015,9.71496,12.65823,False,False,False
2024-02-19,13.67829,6.37116,10.024725,False,False,False
2024-02-20,12.36535,4.89019,8.62777,False,False,False
2024-02-21,11.90132,7.01283,9.457075,False,False,False
2024-02-22,12.04949,8.59335,10.32142,False,False,False
2024-02-23,9.85621,2.87566,6.365935,False,False,False
2024-02-24,9.11606,-1.07662,4.0197199999999995,False,False,False
2024-02-25,9.07167,-0.9028,4.084434999999999,False,False,False
2024-02-26,8.88609,2.90228,5.894185,False,False,False
2024-02-27,8.98883,0.82886,4.908845,False,False,False
2024-02-28,11.66502,3.41946,7.54224,False,False,False
2024-02-29,11.0888,7.90105,9.494925,False,False,False
2024-03-01,9.51263,2.50667,6.00965,False,False,False
2024-03-02,8.96744,2.92869,5.948065,False,False,False
2024-03-03,10.09696,-0.42073,4.838114999999999,False,False,False
2024-03-04,11.74152,-0.30512,5.7181999999999995,False,False,False
2024-03-05,10.54483,5.47468,8.009755,False,False,False
2024-03-06,11.70274,2.72459,7.213665000000001,False,False,False
2024-03-07,11.15655,3.56462,7.3605849999999995,False,False,False
2024-03-08,10.66239,4.52377,7.5930800000000005,False,False,False
2024-03-09,13.4533,6.22943,9.841365,False,False,False
2024-03-10,9.3764,7.75203,8.564215,False,False,False
2024-03-11,8.54206,7.14481,7.8434349999999995,False,False,False
2024-03-12,13.42963,6.65424,10.041934999999999,False,False,False
2024-03-13,13.27106,8.17645,10.723755,False,False,False
2024-03-14,17.20759,7.51834,12.362964999999999,False,False,False
2024-03-15,15.69874,11.12163,13.410185,False,False,False
2024-03-16,13.23572,5.46708,9.3514,False,False,False
2024-03-17,15.7373,8.97429,12.355795,False,False,False
2024-03-18,14.70104,7.65314,11.17709,False,False,False
2024-03-19,12.94873,9.98777,11.46825,False,False,False
2024-03-20,17.43663,9.77868,13.607655000000001,False,False,False
2024-03-21,16.39793,6.667,11.532464999999998,False,False,False
2024-03-22,12.10182,9.32168,10.71175,False,False,False
2024-03-23,11.01771,3.84305,7.4303799999999995,False,False,False
2024-03-24,13.2958,5.18086,9.23833,False,False,False
2024-03-25,12.26257,3.49359,7.878080000000001,False,False,False
2024-03-26,14.41787,7.80605,11.11196,False,False,False
2024-03-27,11.5817,4.21982,7.90076,False,False,False
2024-03-28,10.95268,4.42943,7.691055,False,False,False
2024-03-29,14.11626,6.71296,10.41461,False,False,False
2024-03-30,15.5519,3.63049,9.591194999999999,False,False,False
2024-03-31,13.25898,4.91605,9.087515,False,False,False
2024-04-01,14.80877,6.80841,10.80859,False,False,False
2024-04-02,15.20079,8.47554,11.838165,False,False,False
2024-04-03,13.63012,9.61134,11.62073,False,False,False
2024-04-04,15.95114,9.64729,12.799215,False,False,False
2024-04-05,17.69812,11.5368,14.61746,False,False,False
2024-04-06,19.01215,13.03119,16.02167,False,False,False
2024-04-07,16.31149,11.05204,13.681764999999999,False,False,False
2024-04-08,17.70852,8.09851,12.903514999999999,False,False,False
2024-04-09,13.19941,7.8659,10.532655,False,False,False
2024-04-10,14.31231,3.87421,9.09326,False,False,False
2024-04-11,18.90705,10.44506,14.676055000000002,False,False,False
2024-04-12,20.86329,9.57687,15.22008,False,False,False
2024-04-13,20.49109,10.58419,15.53764,False,False,False
2024-04-14,14.69152,8.30769,11.499604999999999,False,False,False
2024-04-15,12.83038,6.69745,9.763915,False,False,False
2024-04-16,13.58543,6.46928,10.027355,False,False,False
2024-04-17,12.3839,3.57801,7.980955,False,False,False
2024-04-18,14.19789,3.9248,9.061345,False,False,False
2024-04-19,15.0983,7.60522,11.35176,False,False,False
2024-04-20,11.28335,3.22975,7.256550000000001,False,False,False
2024-04-21,11.74752,4.36286,8.05519,False,False,False
2024-04-22,9.55036,2.48745,6.018905,False,False,False
2024-04-23,11.6523,5.2949,8.473600000000001,False,False,False
2024-04-24,10.49199,3.79416,7.143075,False,False,False
2024-04-25,12.5177,2.03554,7.276619999999999,False,False,False
2024-04-26,13.37695,3.41529,8.39612,False,False,False
2024-04-27,11.67504,5.74101,8.708025,False,False,False
2024-04-28,12.95016,6.90819,9.929175,False,False,False
2024-04-29,16.35862,5.31436,10.83649,False,False,False
2024-04-30,19.10514,5.91103,12.508085,False,False,False
2024-05-01,19.63956,9.4715,14.555530000000001,False,False,False
2024-05-02,16.26414,11.01939,13.641765,False,False,False
2024-05-03,13.62589,9.07631,11.351099999999999,False,False,False
2024-05-04,17.59939,7.02527,12.31233,False,False,False
2024-05-05,18.53054,5.14552,11.83803,False,False,False
2024-05-06,15.75997,7.93807,11.84902,False,False,False
2024-05-07,19.57518,8.52126,14.04822,False,False,False
2024-05-08,20.59659,8.09765,14.34712,False,False,False
2024-05-09,23.47484,8.85099,16.162914999999998,False,False,False
2024-05-10,23.45446,9.45588,16.455170000000003,False,False,False
2024-05-11,22.73013,9.50078,16.115455,False,False,False
2024-05-12,26.17296,11.56485,18.868904999999998,False,False,False
2024-05-13,18.50555,11.61096,15.058254999999999,False,False,False
2024-05-14,17.1525,13.48501,15.318755,False,False,False
2024-05-15,20.57965,12.65801,16.618830000000003,False,False,False
2024-05-16,18.00088,9.58982,13.79535,False,False,False
2024-05-17,21.82744,8.86957,15.348505,False,False,False
2024-05-18,19.87118,11.1059,15.48854,False,False,False
2024-05-19,22.79092,8.76005,15.775485,False,False,False
2024-05-20,20.8651,9.19548,15.03029,False,False,False
2024-05-21,14.63286,11.28889,12.960875000000001,False,False,False
2024-05-22,15.5757,12.36637,13.971035,False,False,False
2024-05-23,18.76268,11.71382,15.23825,False,False,False
2024-05-24,18.65435,7.87762,13.265985,False,False,False
2024-05-25,20.62601,7.67592,14.150965,False,False,False
2024-05-26,19.96987,11.92201,15.94594,False,False,False
2024-05-27,17.60948,10.39304,14.00126,False,False,False
2024-05-28,17.65731,9.23503,13.446169999999999,False,False,False
2024-05-29,20.4576,12.65558,16.55659,False,False,False
2024-05-30,18.44818,12.44842,15.4483,False,False,False
2024-05-31,14.45654,11.7943,13.12542,False,False,False
2024-06-01,16.69339,9.16754,12.930465000000002,False,False,False
2024-06-02,22.94636,9.43275,16.189555,False,False,False
2024-06-03,20.73953,10.88828,15.813904999999998,False,False,False
2024-06-04,20.18416,14.31368,17.24892,False,False,False
2024-06-05,17.35994,6.83097,12.095455000000001,False,False,False
2024-06-06,18.66097,8.52027,13.59062,False,False,False
2024-06-07,19.67265,6.89155,13.2821,False,False,False
2024-06-08,19.27699,9.30827,14.29263,False,False,False
2024-06-09,16.89707,5.11156,11.004315,False,False,False
2024-06-10,16.11198,9.99455,13.053265,False,False,False
2024-06-11,16.55186,6.13038,11.34112,False,False,False
2024-06-12,16.94294,6.64447,11.793705,False,False,False
2024-06-13,16.91684,6.11116,11.514,False,False,False
2024-06-14,19.28396,11.0999,15.19193,False,False,False
2024-06-15,18.01751,9.57557,13.79654,False,False,False
2024-06-16,20.99733,10.8219,15.909615,False,False,False
2024-06-17,22.36354,9.27042,15.816980000000001,False,False,False
2024-06-18,22.04271,10.98512,16.513915,False,False,False
2024-06-19,20.86009,11.86127,16.36068,False,False,False
2024-06-20,22.74475,7.83724,15.290995,False,False,False
2024-06-21,24.65912,9.54845,17.103785000000002,False,False,False
2024-06-22,22.79651,13.70949,18.253,False,False,False
2024-06-23,24.22079,10.08569,17.15324,False,False,False
2024-06-24,27.08588,14.18835,20.637115,False,False,False
2024-06-25,28.70484,12.71601,20.710425,False,False,False
2024-06-26,28.96041,14.48118,21.720795,False,False,False
2024-06-27,24.44098,15.80849,20.124735,False,False,False
2024-06-28,20.8258,11.63488,16.23034,False,False,False
2024-06-29,24.40687,9.17934,16.793105,False,False,False
2024-06-30,20.53527,13.65635,17.09581,False,False,False
2024-07-01,20.22271,13.11668,16.669695,False,False,False
2024-07-02,18.91586,12.97294,15.944399999999998,False,False,False
2024-07-03,19.14482,11.56632,15.35557,False,False,False
2024-07-04,20.93712,11.81842,16.377769999999998,False,False,False
2024-07-05,21.26326,12.74541,17.004334999999998,False,False,False
2024-07-06,17.38683,11.89698,14.641905,False,False,False
2024-07-07,18.27563,9.72145,13.99854,False,False,False
2024-07-08,19.57605,9.10035,14.3382,False,False,False
2024-07-09,19.56959,14.14453,16.85706,False,False,False
2024-07-10,21.79022,15.22706,18.50864,False,False,False
2024-07-11,22.98167,12.04573,17.5137,False,False,False
2024-07-12,18.98937,13.21463,16.102,False,False,False
2024-07-13,20.17189,11.99643,16.08416,False,False,False
2024-07-14,22.1576,11.00497,16.581285,False,False,False
2024-07-15,21.38649,9.68124,15.533864999999999,False,False,False
2024-07-16,21.65311,13.67251,17.66281,False,False,False
2024-07-17,23.95357,11.9423,17.947935,False,False,False
2024-07-18,27.45018,12.75136,20.10077,False,False,False
2024-07-19,30.71185,14.5698,22.640825,False,False,False
2024-07-20,23.65079,15.9554,19.803095,False,False,False
2024-07-21,23.3748,17.04404,20.20942,False,False,False
2024-07-22,23.85346,12.36964,18.11155,False,False,False
2024-07-23,23.5271,16.5315,20.0293,False,False,False
2024-07-24,24.69969,14.40486,19.552275,False,False,False
2024-07-25,20.23702,15.33819,17.787605,False,False,False
2024-07-26,23.11671,12.63204,17.874375,False,False,False
2024-07-27,23.75736,11.32511,17.541235,False,False,False
2024-07-28,26.23724,10.73187,18.484555,False,False,False
2024-07-29,28.47379,12.28916,20.381475000000002,False,False,False
2024-07-30,31.0916,14.71826,22.90493,False,False,False
2024-07-31,28.58371,18.05543,23.31957,False,False,False
2024-08-01,28.90877,17.50317,23.20597,False,False,False
2024-08-02,27.41359,17.34392,22.378754999999998,False,False,False
2024-08-03,24.96823,17.37753,21.17288,False,False,False
2024-08-04,23.15112,11.72188,17.4365,False,False,False
2024-08-05,25.49777,13.25496,19.376365,False,False,False
2024-08-06,22.52387,16.70924,19.616554999999998,False,False,False
2024-08-07,22.00616,10.87152,16.43884,False,False,False
2024-08-08,21.44164,12.21307,16.827355,False,False,False
2024-08-09,24.75081,17.53364,21.142225,False,False,False
2024-08-10,24.4507,13.56054,19.00562,False,False,False
2024-08-11,28.63315,15.14523,21.88919,False,False,False
2024-08-12,32.59574,17.87873,25.237235,False,False,False
2024-08-13,26.64954,13.46839,20.058965,False,False,False
2024-08-14,24.04125,16.10094,20.071095,False,False,False
2024-08-15,22.85512,13.78594,18.320529999999998,False,False,False
2024-08-16,24.61068,14.84057,19.725625,False,False,False
2024-08-17,23.28261,11.10139,17.192,False,False,False
2024-08-18,23.58423,11.8097,17.696965,False,False,False
2024-08-19,21.04127,10.1461,15.593685,False,False,False
2024-08-20,23.68074,16.95486,20.3178,False,False,False
2024-08-21,21.16303,10.91376,16.038395,False,False,False
2024-08-22,19.74777,14.62442,17.186095,False,False,False
2024-08-23,22.7962,16.7061,19.75115,False,False,False
2024-08-24,17.86328,13.47706,15.670169999999999,False,False,False
2024-08-25,20.71836,9.57677,15.147565,False,False,False
2024-08-26,22.85296,14.53358,18.69327,False,False,False
2024-08-27,25.34409,13.93276,19.638425,False,False,False
2024-08-28,28.70966,12.86295,20.786305,False,False,False
2024-08-29,23.02227,12.27514,17.648705,False,False,False
2024-08-30,22.97583,9.56057,16.2682,False,False,False
2024-08-31,20.83172,14.29428,17.563000000000002,False,False,False
2024-09-01,28.54639,16.01014,22.278264999999998,False,False,False
2024-09-02,21.7959,17.63938,19.71764,False,False,False
2024-09-03,23.68415,16.55386,20.119005,False,False,False
2024-09-04,20.02834,11.81604,15.92219,False,False,False
2024-09-05,19.44237,13.67292,16.557645,False,False,False
2024-09-06,20.17654,15.23628,17.706409999999998,False,False,False
2024-09-07,20.63779,12.75482,16.696305,False,False,False
2024-09-08,21.10326,13.2696,17.18643,False,False,False
2024-09-09,17.48823,13.52549,15.50686,False,False,False
2024-09-10,19.38937,10.08336,14.736365,False,False,False
2024-09-11,16.32258,7.36706,11.844819999999999,False,False,False
2024-09-12,15.85531,5.73898,10.797145,False,False,False
2024-09-13,17.3999,3.79261,10.596255,False,False,False
2024-09-14,19.44221,4.10125,11.77173,False,False,False
2024-09-15,19.94115,7.13963,13.54039,False,False,False
2024-09-16,20.54221,12.00506,16.273635,False,False,False
2024-09-17,21.26309,9.00788,15.135485,False,False,False
2024-09-18,23.60434,14.731,19.16767,False,False,False
2024-09-19,25.00224,15.95468,20.47846,False,False,False
2024-09-20,23.32701,15.25033,19.28867,False,False,False
2024-09-21,24.04683,14.71433,19.380580000000002,False,False,False
2024-09-22,21.0658,15.816,18.4409,False,False,False
2024-09-23,18.68338,15.38129,17.032335,False,False,False
2024-09-24,17.04272,13.4504,15.246559999999999,False,False,False
2024-09-25,17.67264,10.56571,14.119175,False,False,False
2024-09-26,18.41872,11.38304,14.90088,False,False,False
2024-09-27,13.49759,9.18509,11.34134,False,False,False
2024-09-28,15.32956,3.25639,9.292975,False,False,False
2024-09-29,15.37054,4.01597,9.693255,False,False,False
2024-09-30,17.36512,9.76808,13.566600000000001,False,False,False
2024-10-01,14.4356,11.3091,12.87235,False,False,False
2024-10-02,17.18625,11.71447,14.45036,False,False,False
2024-10-03,16.0754,9.03785,12.556625,False,False,False
2024-10-04,17.22632,4.03336,10.629840000000002,False,False,False
2024-10-05,17.63885,6.33125,11.985050000000001,False,False,False
2024-10-06,15.27847,10.18073,12.729600000000001,False,False,False
2024-10-07,19.20537,10.22794,14.716655,False,False,False
2024-10-08,18.18334,11.28975,14.736545,False,False,False
2024-10-09,16.26202,12.56431,14.413165,False,False,False
2024-10-10,12.34087,8.94089,10.64088,False,False,False
2024-10-11,13.66191,1.46917,7.56554,False,False,False
2024-10-12,15.22791,5.61516,10.421535,False,False,False
2024-10-13,10.9636,4.32496,7.64428,False,False,False
2024-10-14,12.86105,6.62408,9.742565,False,False,False
2024-10-15,17.4822,9.74751,13.614854999999999,False,False,False
2024-10-16,21.65642,12.80536,17.230890000000002,False,False,False
2024-10-17,18.44057,13.72416,16.082365,False,False,False
2024-10-18,17.14371,7.22563,12.184669999999999,False,False,False
2024-10-19,17.70227,9.80415,13.75321,False,False,False
2024-10-20,17.62846,9.32709,13.477775000000001,False,False,False
2024-10-21,14.28886,11.609,12.94893,False,False,False
2024-10-22,16.9104,6.85909,11.884744999999999,False,False,False
2024-10-23,17.13315,9.85923,13.49619,False,False,False
2024-10-24,17.95249,7.495,12.723745000000001,False,False,False
2024-10-25,16.4608,10.977,13.7189,False,False,False
2024-10-26,14.65743,7.97701,11.317219999999999,False,False,False
2024-10-27,15.78106,6.04555,10.913305000000001,False,False,False
2024-10-28,15.06817,9.24343,12.1558,False,False,False
2024-10-29,15.68831,11.34629,13.517299999999999,False,False,False
2024-10-30,14.43398,11.77714,13.10556,False,False,False
2024-10-31,14.83097,7.98873,11.40985,False,False,False
2024-11-01,12.57957,10.5478,11.563685,False,False,False
2024-11-02,14.35025,10.93719,12.64372,False,False,False
2024-11-03,12.67733,11.55512,12.116225,False,False,False
2024-11-04,12.84312,10.23996,11.541540000000001,False,False,False
2024-11-05,11.28784,8.78906,10.03845,False,False,False
2024-11-06,10.80727,8.80353,9.8054,False,False,False
2024-11-07,12.0881,9.07276,10.58043,False,False,False
2024-11-08,9.43371,8.35399,8.89385,False,False,False
2024-11-09,8.56346,7.40745,7.985455,False,False,False
2024-11-10,11.9173,5.38109,8.649194999999999,False,False,False
2024-11-11,11.83344,7.36586,9.59965,False,False,False
2024-11-12,12.57675,4.26937,8.42306,False,False,False
2024-11-13,11.9255,7.38701,9.656255,False,False,False
2024-11-14,12.47162,5.30513,8.888375,False,False,False
2024-11-15,9.90399,8.10997,9.00698,False,False,False
2024-11-16,10.94595,2.6832,6.814575,False,False,False
2024-11-17,10.88294,6.60536,8.74415,False,False,False
2024-11-18,11.5518,5.81229,8.682045,False,False,False
2024-11-19,4.3576,1.74734,3.0524699999999996,False,False,False
2024-11-20,5.29498,-1.51724,1.8888699999999998,False,False,False
2024-11-21,3.99037,-1.48718,1.251595,False,False,False
2024-11-22,8.64936,-1.13102,3.75917,False,False,False
2024-11-23,16.36551,-0.10612,8.129695,False,False,False
2024-11-24,17.63155,8.46313,13.04734,False,False,False
2024-11-25,12.0714,9.33207,10.701735,False,False,False
2024-11-26,11.19673,4.62167,7.9092,False,False,False
2024-11-27,7.33427,3.93719,5.635730000000001,False,False,False
2024-11-28,7.64452,-1.69901,2.9727550000000003,False,False,False
2024-11-29,11.31002,-0.55896,5.3755299999999995,False,False,False
2024-11-30,14.1174,5.13994,9.62867,False,False,False
2024-12-01,13.34815,10.30891,11.82853,False,False,False
2024-12-02,10.57449,7.98577,9.28013,False,False,False
2024-12-03,7.89994,4.74862,6.32428,False,False,False
2024-12-04,13.19402,0.696,6.94501,False,False,False
2024-12-05,14.15144,4.44599,9.298715,False,False,False
2024-12-06,12.85462,5.61114,9.23288,False,False,False
2024-12-07,7.96144,6.02851,6.994975,False,False,False
2024-12-08,8.30585,5.89026,7.098055,False,False,False
2024-12-09,8.07134,5.96535,7.018345,False,False,False
2024-12-10,7.23291,5.96416,6.598535,False,False,False
2024-12-11,6.94867,5.62447,6.286569999999999,False,False,False
2024-12-12,7.60037,4.71245,6.156409999999999,False,False,False
2024-12-13,5.50293,5.08979,5.29636,False,False,False
2024-12-14,9.21193,3.57039,6.39116,False,False,False
2024-12-15,12.30456,4.04328,8.17392,False,False,False
2024-12-16,11.5008,9.13853,10.319665,False,False,False
2024-12-17,13.74635,3.59556,8.670955,False,False,False
2024-12-18,14.18123,8.18436,11.182794999999999,False,False,False
2024-12-19,7.14048,5.46333,6.301905,False,False,False
2024-12-20,9.16852,1.1248,5.14666,False,False,False
2024-12-21,12.42636,2.22899,7.327675,False,False,False
2024-12-22,7.41244,4.08328,5.74786,False,False,False
2024-12-23,8.65678,3.63481,6.145795,False,False,False
2024-12-24,11.91389,3.72347,7.8186800000000005,False,False,False
2024-12-25,9.43317,8.21576,8.824465,False,False,False
2024-12-26,6.70989,6.0358,6.372845,False,False,False
2024-12-27,6.10401,5.40951,5.75676,False,False,False
2024-12-28,5.62366,3.21615,4.419905,False,False,False
2024-12-29,8.12578,2.71103,5.418405,False,False,False
2024-12-30,9.05168,3.09129,6.071484999999999,False,False,False
2024-12-31,12.29007,6.57913,9.4346,False,False,False
2025-01-01,12.25561,8.74756,10.501585,False,False,False
2025-01-02,4.32768,0.81573,2.571705,False,False,False
2025-01-03,5.01728,-3.44375,0.7867650000000002,False,False,False
2025-01-04,5.9199,-2.62118,1.6493600000000002,False,False,False
2025-01-05,12.72802,-1.10896,5.8095300000000005,False,False,False
2025-01-06,6.70723,4.26337,5.4853000000000005,False,False,False
2025-01-07,5.55382,0.46902,3.01142,False,False,False
2025-01-08,2.82675,-1.80957,0.5085900000000001,False,False,False
2025-01-09,3.97201,-0.71003,1.63099,False,False,False
2025-01-10,2.23745,-4.71292,-1.2377350000000003,False,False,False
2025-01-11,4.78359,-5.53509,-0.37575000000000003,False,False,False
2025-01-12,4.15843,-5.09667,-0.46911999999999976,False,False,False
2025-01-13,6.50941,-2.01711,2.24615,False,False,False
2025-01-14,10.21863,1.40802,5.813325,False,False,False
2025-01-15,9.42054,3.37358,6.397060000000001,False,False,False
2025-01-16,9.37312,5.70955,7.541335,False,False,False
2025-01-17,5.57019,4.84325,5.206720000000001,False,False,False
2025-01-18,3.19171,1.75486,2.473285,False,False,False
2025-01-19,3.38772,1.80227,2.594995,False,False,False
2025-01-20,6.25396,1.22743,3.740695,False,False,False
2025-01-21,5.79762,0.27902,3.03832,False,False,False
2025-01-22,4.75753,1.80094,3.279235,False,False,False
2025-01-23,10.50716,0.13425,5.320705,False,False,False
2025-01-24,11.15744,4.0161,7.58677,False,False,False
2025-01-25,8.12981,2.29205,5.21093,False,False,False
2025-01-26,9.98847,-1.43823,4.275119999999999,False,False,False
2025-01-27,9.77281,4.45345,7.11313,False,False,False
2025-01-28,10.15168,5.59966,7.87567,False,False,False
2025-01-29,8.38786,3.24852,5.8181899999999995,False,False,False
2025-01-30,8.13636,1.45242,4.79439,False,False,False
2025-01-31,8.00785,1.03638,4.522114999999999,False,False,False
2025-02-01,5.88248,4.45253,5.167505,False,False,False
2025-02-02,8.55133,-1.72863,3.41135,False,False,False
2025-02-03,8.47846,-1.60712,3.43567,False,False,False
2025-02-04,10.01569,2.85,6.4328449999999995,False,False,False
2025-02-05,10.10074,1.0699,5.58532,False,False,False
2025-02-06,8.37315,-0.52064,3.9262550000000003,False,False,False
2025-02-07,4.56634,1.70663,3.1364850000000004,False,False,False
2025-02-08,6.2137,2.60279,4.408245,False,False,False
2025-02-09,6.07608,-0.27164,2.9022200000000002,False,False,False
2025-02-10,4.337,3.40881,3.872905,False,False,False
2025-02-11,4.61753,2.30549,3.46151,False,False,False
2025-02-12,5.5604,3.21717,4.3887849999999995,False,False,False
2025-02-13,4.499,3.5844,4.0417,False,False,False
2025-02-14,6.12346,1.81932,3.97139,False,False,False
2025-02-15,6.10055,1.30108,3.700815,False,False,False
2025-02-16,5.18949,1.0345,3.1119950000000003,False,False,False
2025-02-17,6.55227,-1.89685,2.32771,False,False,False
2025-02-18,7.53717,-0.73191,3.40263,False,False,False
2025-02-19,11.6013,0.66078,6.1310400000000005,False,False,False
2025-02-20,12.97996,2.86884,7.9244,False,False,False
2025-02-21,15.48779,11.32645,13.407119999999999,False,False,False
2025-02-22,13.81976,9.07159,11.445675000000001,False,False,False
2025-02-23,11.15291,5.05766,8.105285,False,False,False
2025-02-24,14.20639,9.04241,11.624400000000001,False,False,False
2025-02-25,11.69771,6.57294,9.135325,False,False,False
2025-02-26,9.07724,1.82034,5.44879,False,False,False
2025-02-27,10.11426,3.23537,6.674815,False,False,False
2025-02-28,10.30769,-1.20472,4.551485,False,False,False
2025-03-01,10.07504,-1.26559,4.404725,False,False,False
2025-03-02,11.14593,-1.98795,4.57899,False,False,False
2025-03-03,12.59103,-2.33677,5.12713,False,False,False
2025-03-04,13.69787,-2.01203,5.8429199999999994,False,False,False
2025-03-05,14.65968,-1.58971,6.534985,False,False,False
2025-03-06,17.34854,0.63952,8.99403,False,False,False
2025-03-07,17.29905,6.58791,11.943480000000001,False,False,False
2025-03-08,17.42828,5.7384,11.58334,False,False,False
2025-03-09,18.11097,6.82351,12.467239999999999,False,False,False
2025-03-10,13.11312,8.16324,10.63818,False,False,False
2025-03-11,8.94084,5.63087,7.285855,False,False,False
2025-03-12,8.7832,3.2131,5.998150000000001,False,False,False
2025-03-13,8.23607,1.56437,4.90022,False,False,False
2025-03-14,8.65626,-1.68174,3.48726,False,False,False
2025-03-15,8.64215,0.7525,4.697325,False,False,False
2025-03-16,9.1165,-1.04145,4.0375250000000005,False,False,False
2025-03-17,8.33881,3.95585,6.14733,False,False,False
2025-03-18,11.40921,1.72344,6.566325,False,False,False
2025-03-19,17.67813,-0.25451,8.71181,False,False,False
2025-03-20,20.24488,5.7501,12.997489999999999,False,False,False
2025-03-21,17.70957,8.86347,13.28652,False,False,False
2025-03-22,16.82745,10.94586,13.886655,False,False,False
2025-03-23,13.27422,8.12561,10.699915,False,False,False
2025-03-24,13.37911,7.01673,10.19792,False,False,False
2025-03-25,14.64286,3.07305,8.857955,False,False,False
2025-03-26,17.12897,7.22394,12.176454999999999,False,False,False
2025-03-27,14.63882,3.45858,9.0487,False,False,False
2025-03-28,15.2743,8.57769,11.925995,False,False,False
2025-03-29,14.48137,1.79239,8.13688,False,False,False
2025-03-30,17.25853,8.43194,12.845235,False,False,False
2025-03-31,16.69273,3.05123,9.87198,False,False,False
2025-04-01,14.27636,4.97667,9.626515000000001,False,False,False
2025-04-02,16.29793,6.05538,11.176655,False,False,False
2025-04-03,18.64455,8.0997,13.372125,False,False,False
2025-04-04,21.51107,8.49219,15.00163,False,False,False
2025-04-05,17.86781,5.515,11.691405,False,False,False
2025-04-06,15.37464,4.94665,10.160644999999999,False,False,False
2025-04-07,15.25483,3.30809,9.28146,False,False,False
2025-04-08,16.14497,1.95404,9.049505,False,False,False
2025-04-09,13.34357,3.22995,8.28676,False,False,False
2025-04-10,15.95922,4.54755,10.253385,False,False,False
2025-04-11,22.32665,3.43683,12.88174,False,False,False
2025-04-12,22.38913,5.21699,13.80306,False,False,False
2025-04-13,17.04681,10.18055,13.61368,False,False,False
2025-04-14,15.60713,3.67672,9.641925,False,False,False
2025-04-15,16.21515,9.61636,12.915755,False,False,False
2025-04-16,15.45394,8.34305,11.898495,False,False,False
2025-04-17,17.45723,2.48812,9.972674999999999,False,False,False
2025-04-18,17.151,6.80771,11.979355,False,False,False
2025-04-19,16.55944,11.03805,13.798745,False,False,False
2025-04-20,14.27071,5.77458,10.022645,False,False,False
2025-04-21,15.89472,8.88435,12.389534999999999,False,False,False
2025-04-22,17.23762,4.77074,11.00418,False,False,False
2025-04-23,12.52845,7.90636,10.217405,False,False,False
2025-04-24,15.69446,8.22822,11.96134,False,False,False
2025-04-25,15.81064,4.14832,9.979479999999999,False,False,False
2025-04-26,18.04015,7.43916,12.739655,False,False,False
2025-04-27,20.84051,5.1772,13.008854999999999,False,False,False
2025-04-28,23.15616,6.33163,14.743895,False,False,False
2025-04-29,22.79037,6.12945,14.45991,False,False,False
2025-04-30,25.40044,6.50085,15.950645,False,False,False
2025-05-01,27.94242,8.17601,18.059215,False,False,False
2025-05-02,24.19379,13.24211,18.717950000000002,False,False,False
2025-05-03,20.29355,9.4663,14.879925,False,False,False
2025-05-04,14.3854,6.64752,10.51646,False,False,False
2025-05-05,14.55069,4.73091,9.640799999999999,False,False,False
2025-05-06,15.28149,5.16287,10.22218,False,False,False
2025-05-07,16.46172,4.932,10.696860000000001,False,False,False
2025-05-08,16.71358,8.80183,12.757705000000001,False,False,False
2025-05-09,18.95698,6.29097,12.623975000000002,False,False,False
2025-05-10,22.18061,6.39105,14.28583,False,False,False
2025-05-11,24.63179,7.71457,16.17318,False,False,False
2025-05-12,23.44898,13.20862,18.3288,False,False,False
2025-05-13,23.94354,10.81323,17.378385,False,False,False
2025-05-14,22.49202,8.21109,15.351555000000001,False,False,False
2025-05-15,13.82425,8.64065,11.23245,False,False,False
2025-05-16,18.47357,6.80814,12.640854999999998,False,False,False
2025-05-17,19.10969,10.1481,14.628895,False,False,False
2025-05-18,16.90709,8.78306,12.845075000000001,False,False,False
2025-05-19,20.29433,9.59822,14.946275,False,False,False
2025-05-20,22.39628,6.96106,14.67867,False,False,False
2025-05-21,19.13522,11.13617,15.135695,False,False,False
2025-05-22,15.63253,4.84348,10.238005,False,False,False
2025-05-23,20.21587,3.34849,11.78218,False,False,False
2025-05-24,21.07915,12.1766,16.627875,False,False,False
2025-05-25,20.37626,13.84033,17.108295,False,False,False
2025-05-26,19.02643,10.2984,14.662415000000001,False,False,False
2025-05-27,17.78045,12.80211,15.29128,False,False,False
2025-05-28,21.37056,12.8911,17.13083,False,False,False
2025-05-29,24.20162,12.77585,18.488735,False,False,False
2025-05-30,24.28697,14.55002,19.418495,False,False,False
2025-05-31,25.97206,13.96247,19.967264999999998,False,False,False
2025-06-01,21.46203,12.43214,16.947085,False,False,False
2025-06-02,21.2034,10.79878,16.001089999999998,False,False,False
2025-06-03,17.65723,10.56721,14.112219999999999,False,False,False
2025-06-04,19.33683,9.9346,14.635715,False,False,False
2025-06-05,16.36401,11.73047,14.04724,False,False,False
2025-06-06,20.17708,10.13505,15.156065,False,False,False
2025-06-07,17.48124,11.06019,14.270715,False,False,False
2025-06-08,18.74405,7.85448,13.299265,False,False,False
2025-06-09,20.29186,9.84841,15.070135,False,False,False
2025-06-10,22.7848,13.63324,18.209020000000002,False,False,False
2025-06-11,23.28981,11.82466,17.557235,False,False,False
2025-06-12,25.54896,13.08995,19.319455,False,False,False
2025-06-13,28.42244,13.91286,21.167650000000002,False,False,False
2025-06-14,24.23641,15.48227,19.85934,False,False,False
2025-06-15,24.21501,11.78737,18.00119,False,False,False
2025-06-16,25.76074,11.75257,18.756655,False,False,False
2025-06-17,26.99756,12.6854,19.84148,False,False,False
2025-06-18,28.31817,13.08958,20.703875,False,False,False
2025-06-19,30.82745,14.44072,22.634085,False,False,False
2025-06-20,28.80191,16.65109,22.7265,False,False,False
2025-06-21,31.81261,14.7368,23.274705,False,False,False
2025-06-22,25.65338,16.21838,20.935879999999997,False,False,False
2025-06-23,23.08773,16.01575,19.551740000000002,False,False,False
2025-06-24,26.19686,13.27208,19.73447,False,False,False
2025-06-25,27.33633,15.54568,21.441005,False,False,False
2025-06-26,25.00456,17.33277,21.168665,False,False,False
2025-06-27,27.12154,12.34323,19.732385,False,False,False
2025-06-28,30.04132,18.15619,24.098754999999997,False,False,False
2025-06-29,29.66725,18.48102,24.074135,False,False,False
2025-06-30,32.1778,16.61159,24.394695,False,False,False
2025-07-01,33.81906,20.13247,26.975765000000003,False,False,False
2025-07-02,24.39765,17.60255,21.0001,False,False,False
2025-07-03,24.91875,10.26785,17.5933,False,False,False
2025-07-04,27.23458,11.19083,19.212705,False,False,False
2025-07-05,22.36976,16.41513,19.392445000000002,False,False,False
2025-07-06,22.33301,16.5109,19.421955,False,False,False
2025-07-07,21.57761,13.23013,17.40387,False,False,False
2025-07-08,24.31011,11.92707,18.11859,False,False,False
2025-07-09,26.75927,11.24402,19.001645,False,False,False
2025-07-10,30.55397,14.36203,22.458,False,False,False
2025-07-11,31.47819,15.87506,23.676625,False,False,False
2025-07-12,29.26562,15.64229,22.453955,False,False,False
2025-07-13,27.83786,13.7304,20.784129999999998,False,False,False
2025-07-14,25.4917,16.95526,21.223480000000002,False,False,False
2025-07-15,22.65634,13.42853,18.042435,False,False,False
2025-07-16,25.24653,14.2695,19.758015,False,False,False
2025-07-17,26.24551,17.02632,21.635914999999997,False,False,False
2025-07-18,30.09764,17.68814,23.89289,False,False,False
2025-07-19,23.1166,17.44966,20.28313,False,False,False
2025-07-20,22.47681,16.74544,19.611125,False,False,False
2025-07-21,24.74985,14.05886,19.404355,False,False,False
2025-07-22,23.15657,14.34965,18.75311,False,False,False
2025-07-23,22.43206,15.92784,19.179949999999998,False,False,False
2025-07-24,21.96711,14.97446,18.470785,False,False,False
2025-07-25,26.36503,15.25082,20.807925,False,False,False
2025-07-26,23.49464,14.01932,18.75698,False,False,False
2025-07-27,21.74327,14.8838,18.313535,False,False,False
2025-07-28,24.38136,12.41095,18.396155,False,False,False
2025-07-29,20.15173,13.37059,16.76116,False,False,False
2025-07-30,24.72549,15.08859,19.907040000000002,False,False,False
2025-07-31,22.9391,14.49463,18.716865,False,False,False
2025-08-01,20.86622,13.10358,16.9849,False,False,False
2025-08-02,22.00614,10.90782,16.456979999999998,False,False,False
2025-08-03,23.9181,11.54984,17.73397,False,False,False
2025-08-04,22.01727,15.80274,18.910004999999998,False,False,False
2025-08-05,22.69097,12.1105,17.400735,False,False,False
2025-08-06,23.55137,9.18433,16.367849999999997,False,False,False
2025-08-07,23.66874,13.75238,18.71056,False,False,False
2025-08-08,25.51017,14.28068,19.895425,False,False,False
2025-08-09,25.8587,11.47081,18.664755,False,False,False
2025-08-10,26.92983,11.28881,19.10932,False,False,False
2025-08-11,30.15998,12.57835,21.369165000000002,False,False,False
2025-08-12,32.21994,17.75435,24.987144999999998,False,False,False
2025-08-13,26.81715,15.89837,21.35776,False,False,False
2025-08-14,28.21687,15.63269,21.92478,False,False,False
2025-08-15,29.61642,14.97306,22.29474,False,False,False
2025-08-16,21.08474,16.26269,18.673715,False,False,False
2025-08-17,25.82701,11.52236,18.674685,False,False,False
2025-08-18,21.84671,16.52416,19.185435,False,False,False
2025-08-19,25.13566,15.59334,20.3645,False,False,False
2025-08-20,21.24046,14.91993,18.080195,False,False,False
2025-08-21,20.91042,13.99011,17.450264999999998,False,False,False
2025-08-22,22.68315,7.78759,15.23537,False,False,False
2025-08-23,22.7861,13.76616,18.276130000000002,False,False,False
2025-08-24,24.93819,11.71219,18.32519,False,False,False
2025-08-25,27.6435,10.79208,19.21779,False,False,False
2025-08-26,25.66565,14.09814,19.881895,False,False,False
2025-08-27,22.62634,13.04053,17.833435,False,False,False
2025-08-28,21.88687,11.28612,16.586495,False,False,False
2025-08-29,21.06036,13.94094,17.50065,False,False,False
2025-08-30,21.3984,11.61371,16.506055,False,False,False
2025-08-31,22.29305,12.31997,17.30651,False,False,False
2025-09-01,21.34552,12.75133,17.048425,False,False,False
2025-09-02,19.04207,11.34819,15.195129999999999,False,False,False
2025-09-03,21.52266,15.27943,18.401045,False,False,False
2025-09-04,19.94937,12.96527,16.45732,False,False,False
2025-09-05,22.65163,9.97098,16.311305,False,False,False
2025-09-06,23.5794,10.93388,17.25664,False,False,False
2025-09-07,25.86224,14.40274,20.13249,False,False,False
2025-09-08,21.83036,12.42207,17.126215,False,False,False
2025-09-09,21.71584,8.1307,14.923269999999999,False,False,False
2025-09-10,18.7185,13.19281,15.955655,False,False,False
2025-09-11,19.50238,11.51399,15.508185,False,False,False
2025-09-12,19.42297,10.58148,15.002225,False,False,False
2025-09-13,18.48449,10.64906,14.566775,False,False,False
2025-09-14,17.83999,7.04529,12.44264,False,False,False
2025-09-15,19.18734,13.35882,16.27308,False,False,False
2025-09-16,19.55506,11.37931,15.467185,False,False,False
2025-09-17,19.20321,12.00987,15.606539999999999,False,False,False
2025-09-18,21.59828,15.18301,18.390645,False,False,False
2025-09-19,27.03661,14.22398,20.630295,False,False,False
2025-09-20,21.2029,13.15769,17.180295,False,False,False
2025-09-21,16.625,9.18325,12.904125,False,False,False
2025-09-22,16.82366,6.94193,11.882795,False,False,False
2025-09-23,17.21191,3.76052,10.486215,False,False,False
2025-09-24,18.05926,8.93001,13.494634999999999,False,False,False
2025-09-25,18.95586,7.79977,13.377815,False,False,False
2025-09-26,15.32354,7.97736,11.65045,False,False,False
2025-09-27,17.99638,9.36524,13.68081,False,False,False
2025-09-28,16.41592,8.94972,12.68282,False,False,False
2025-09-29,18.92939,5.58099,12.25519,False,False,False
2025-09-30,20.41641,6.01518,13.215795,False,False,False
2025-10-01,18.38149,7.56964,12.975565,False,False,False
2025-10-02,18.91986,8.74879,13.834325,False,False,False
2025-10-03,18.05971,13.13897,15.59934,False,False,False
2025-10-04,14.94526,10.92905,12.937155,False,False,False
2025-10-05,16.81599,9.76531,13.29065,False,False,False
2025-10-06,20.90418,8.96254,14.93336,False,False,False
2025-10-07,17.54301,10.61921,14.081109999999999,False,False,False
2025-10-08,17.2974,11.28614,14.29177,False,False,False
2025-10-09,15.61637,6.91351,11.26494,False,False,False
2025-10-10,15.37274,12.03681,13.704775,False,False,False
2025-10-11,16.36926,9.94977,13.159514999999999,False,False,False
2025-10-12,15.59046,6.19958,10.89502,False,False,False
2025-10-13,15.97706,10.48552,13.23129,False,False,False
2025-10-14,12.86577,10.95962,11.912695,False,False,False
2025-10-15,13.4609,10.37779,11.919345,False,False,False
2025-10-16,15.64265,10.1062,12.874424999999999,False,False,False
2025-10-17,14.78962,11.47291,13.131264999999999,False,False,False
2025-10-18,15.18338,10.95493,13.069154999999999,False,False,False
2025-10-19,15.40528,11.34542,13.375350000000001,False,False,False
2025-10-20,15.0257,11.55622,13.29096,False,False,False
2025-10-21,16.0732,11.09116,13.582180000000001,False,False,False
2025-10-22,16.40156,8.08469,12.243125,False,False,False
2025-10-23,12.61897,9.46768,11.043325,False,False,False
2025-10-24,13.32386,4.98208,9.15297,False,False,False
2025-10-25,12.20186,7.65844,9.93015,False,False,False
2025-10-26,11.65274,3.44958,7.551159999999999,False,False,False
2025-10-27,13.80109,6.70249,10.25179,False,False,False
2025-10-28,15.45808,10.80686,13.132470000000001,False,False,False
2025-10-29,12.70581,10.42328,11.564544999999999,False,False,False
2025-10-30,14.52844,4.28831,9.408375,False,False,False
2025-10-31,16.12156,7.22518,11.673369999999998,False,False,False
2025-11-01,16.02661,11.68727,13.856940000000002,False,False,False
2025-11-02,13.91617,5.92415,9.92016,False,False,False
2025-11-03,16.16636,5.96178,11.064070000000001,False,False,False
2025-11-04,16.24673,13.55308,14.899905,False,False,False
2025-11-05,17.34819,13.31882,15.333504999999999,False,False,False
2025-11-06,17.19159,13.01142,15.101505,False,False,False
2025-11-07,15.39222,11.16727,13.279745,False,False,False
2025-11-08,14.87462,10.3943,12.63446,False,False,False
2025-11-09,14.65403,4.34521,9.49962,False,False,False
2025-11-10,13.51961,8.02909,10.77435,False,False,False
2025-11-11,15.08308,6.58407,10.833575,False,False,False
2025-11-12,16.85701,12.31028,14.583645,False,False,False
2025-11-13,17.5795,11.79122,14.68536,False,False,False
2025-11-14,14.26769,12.81907,13.543379999999999,False,False,False
2025-11-15,13.56565,9.64769,11.606670000000001,False,False,False
2025-11-16,10.2661,9.46657,9.866335,False,False,False
2025-11-17,8.30497,4.51763,6.411300000000001,False,False,False
2025-11-18,7.63404,-1.74853,2.942755,False,False,False
2025-11-19,5.32432,1.78665,3.555485,False,False,False
2025-11-20,3.87841,-2.18329,0.8475600000000001,False,False,False
2025-11-21,6.81782,-0.97118,2.92332,False,False,False
2025-11-22,9.22811,-1.54554,3.8412849999999996,False,False,False
2025-11-23,10.49742,5.75127,8.124345,False,False,False
2025-11-24,7.55346,3.7258,5.63963,False,False,False
2025-11-25,6.9351,3.35209,5.143595,False,False,False
2025-11-26,11.34265,-1.71498,4.813835,False,False,False
2025-11-27,13.5661,-0.26471,6.650695000000001,False,False,False
2025-11-28,12.96176,8.36913,10.665445,False,False,False
2025-11-29,11.43497,9.1781,10.306535,False,False,False
2025-11-30,9.96808,1.93367,5.950875,False,False,False
2025-12-01,11.77646,2.70447,7.240465,False,False,False
2025-12-02,11.66755,6.86919,9.26837,False,False,False
2025-12-03,10.71753,2.56614,6.641835,False,False,False
2025-12-04,8.4221,3.67791,6.0500050000000005,False,False,False
2025-12-05,10.60048,-0.90315,4.848665,False,False,False
2025-12-06,12.53449,0.98146,6.757975,False,False,False
2025-12-07,14.53328,6.57532,10.5543,False,False,False
2025-12-08,14.25013,9.59377,11.921949999999999,False,False,False
2025-12-09,14.47956,11.54075,13.010155,False,False,False
2025-12-10,13.85598,9.85032,11.85315,False,False,False
2025-12-11,12.21347,5.62966,8.921565,False,False,False
2025-12-12,12.31357,8.61822,10.465895,False,False,False
2025-12-13,10.56477,1.42775,5.9962599999999995,False,False,False
2025-12-14,11.25572,2.00483,6.630275,False,False,False
2025-12-15,11.69269,6.99284,9.342765,False,False,False
2025-12-16,12.09216,10.15585,11.124005,False,False,False
2025-12-17,11.16621,0.25497,5.71059,False,False,False
2025-12-18,12.5058,1.69989,7.102845,False,False,False
2025-12-19,11.31345,6.69949,9.00647,False,False,False
2025-12-20,10.13156,1.97702,6.05429,False,False,False
2025-12-21,10.78838,2.84334,6.81586,False,False,False
2025-12-22,10.9604,8.2645,9.612449999999999,False,False,False
2025-12-23,7.40677,6.79905,7.10291,False,False,False
2025-12-24,6.09493,4.34315,5.21904,False,False,False
2025-12-25,5.69842,2.66152,4.17997,False,False,False
2025-12-26,6.36585,2.61698,4.491415,False,False,False
2025-12-27,7.65538,1.64995,4.652665,False,False,False
2025-12-28,7.32209,3.544,5.433045,False,False,False
2025-12-29,6.58758,4.24052,5.41405,False,False,False
2025-12-30,7.07948,2.13598,4.60773,False,False,False
2025-12-31,3.67804,-1.55403,1.062005,False,False,False
