Feature,1 Day,2 Day,3 Day,4 Day,5 Day,6 Day,7 Day,8 Day,9 Day,10 Day,11 Day,12 Day,13 Day,14 Day,15 Day,16 Day,17 Day,18 Day,19 Day,20 Day,21 Day,22 Day,23 Day,24 Day,25 Day,26 Day,27 Day,28 Day,29 Day,30 Day
pm25_rollmean3,0.6942055784834974,0.2317207622528076,0.21320431910063178,0.06676608440611079,0.06024503164636674,0.025527502371612255,0.0376934120968941,0.013020078251870616,0.009421583592052318,0.0,-0.004008971192681221,-0.0007490308040922322,0.0077663617935614495,0.0038378450802392106,0.00039603197813744553,0.00047809270606635756,0.001115253844247377,0.0013899107888940775,0.003994301091069285,0.0004875117124514272,0.0005062227694005106,-0.0004917978125009714,-0.010963581412418755,-0.042034167822669624,-0.021410511208143523,-0.009537777195316188,-0.021234835941643125,-0.020233026232038577,-0.02953240976760694,-0.03320996764177338
mean_wind_speed_knots,0.3222801669832758,0.04608810398460095,0.007763557737884908,0.004231708447138205,0.0034694398013990655,0.018297849886910366,-0.01669444145608696,-0.015099322045786946,0.00014777849761546947,-0.0021146350661243483,0.001827581178703097,0.00031501000577738303,0.0018634825078851058,0.0011901490756442978,0.006424108630948755,-0.01232272152242988,-0.00021449443586289972,-0.0004585441137328061,-0.002305025225100632,0.0032096540512038365,0.0006273095878842838,0.011675806840260839,0.01028270534056741,-0.00046000838279707245,0.0033840738003930947,-0.001917061791617991,0.001953889693987554,-0.009961106720425095,-0.0007026421988188148,0.0035341313499175353
wind_speed_max_knots,0.2632892283000891,0.16177203574891905,0.058250380592664054,0.005339148561159757,-4.377770224670563e-05,0.004628922792786705,-0.0032385974237567174,-0.002849420804656377,0.0002361584246999726,0.0011852853042254364,-0.0007643928608880746,-0.00020275515588870087,-0.00018197593525921542,-0.0007139227185930963,0.004045108327893443,-0.00017064802948083547,-0.00070433369287497,0.0005113776019540772,1.30126096197003e-05,-0.0007677816235744483,-1.5674457605641123e-06,0.001895076629014092,0.0007124565913182223,-0.000626583870719255,-0.0004013932630378303,0.002677670907691798,0.003810369975488825,0.0019492288430528859,0.007006912074871696,0.0003167633524911118
temperature_max_c,0.13629329352996222,0.03788618073279022,0.046895021428032146,0.03318361372417859,0.0010697388051279066,0.00956529956956178,0.011754068112840655,-0.0012331965934029299,0.06031455479205503,0.1130778469069527,0.004245560864889253,0.03960732057690626,0.015932895451189876,0.00045104128973809664,0.013762294774752793,0.0023669261493900694,-0.0032612719109835543,-0.003762576621392366,-0.02215441739731965,0.0010521945842473014,-0.01826150764876857,0.006188815086208388,-0.0012553167762638484,0.0031054769544041514,0.016685852920059353,-0.006141868582844623,-0.01988660491184944,0.007902920515764179,-0.014130206093859421,-0.03230780138940874
day_of_year,0.035122919910210174,0.00676319239547909,0.00312255320456587,0.00505176095167772,0.01079075211601963,0.01239520577745088,0.02063043876188462,0.01452649756763753,0.07459248339961952,0.030415467879192627,0.059442874257355435,0.07121985604817235,0.055013766438193244,0.07344554921558913,0.060388957750490135,0.06730011208304032,0.016904680557140804,0.011519701026078221,0.007120646241781969,-0.007937188314837852,0.02073927750045259,0.04437302974232469,0.04960092552945783,0.05069505361949691,0.028715320899422813,0.0287068963191913,0.0253191373751497,-0.014032851088614828,-0.016165508782685876,-0.0029046628289595144
temperature_avg_c,0.0249931404413271,0.035218667562495365,0.02299414543564038,0.10180919788943381,0.12896607397658535,0.10755455805602705,0.09953199796649917,0.11355748019861381,0.09070953033339837,0.050793355615798765,0.028226417995377683,0.024809709611264365,0.029086608941059168,0.0005861890247891299,0.004822098751123205,0.03925122577568589,0.02079595969801997,-0.02715084239926697,-0.011768548302028847,-0.022299386179724757,-0.028834738091894473,0.003920023622568358,0.0037232227689012465,0.021144843297846317,0.0014472370654079025,-0.007431690424857962,-0.0049954923324134985,-0.0029540770110632495,-0.0075527446661419525,-0.022489978853100244
doy_sin,0.023683744711652622,-0.0006718077844017678,-0.0033183771487414137,0.0006556733449298857,0.0027853031344399425,0.017648879282967343,0.007505276156406726,0.0018508268206303136,-0.0003938444701716559,-0.010319895407574808,-0.009029949434079842,-0.007342390106482588,-0.02755559832961474,-0.019524491119384858,-0.02566219318903573,-0.01838442037845489,-0.009755493996809727,0.022040868398081635,0.001911480088164641,-0.01106312696323868,-0.011117031358769004,-0.021167722180572925,-0.012982708897408646,-0.02011330363329713,-0.020454999268230845,0.009728494522839037,-0.0018846302287163664,-0.009472397097519769,-0.013987836752364613,-0.0027179898045020857
pm25_lag1,0.02088410897688444,0.011829878888736189,0.004700465479716698,0.09151529837979196,0.007514594258703822,0.006897014173049332,-0.001630409264765209,0.0010236661755633758,-3.187589242408251e-05,0.0001652361982956929,0.0012133764072453257,0.005257516733624623,0.0015728267849004051,-3.312977382123883e-05,0.0023093470051504194,0.0037594438010247976,-0.002371564241238877,-0.0037711496711469116,0.0006925922614938074,-0.001098725116530108,0.0015771324502483087,-0.0026393556315997824,-0.0038213123254410507,-0.019366647103253375,-0.0005695930554104223,-0.0019458221824923516,-0.0045806284262094096,-0.007699254722822557,-0.011121097294252369,-0.010617413449430568
day_of_month,0.014313999864352356,-0.00045526757424700913,0.002558652264920891,0.028261145393053643,0.05266999110537944,0.09517096368960191,0.09286277149905656,0.020516901685950505,0.009036182269244053,0.0031653933067103514,-0.006092252731322967,0.004223687404936083,0.002874314261977018,0.010638129111698591,0.018487911852861406,0.019127813975016304,-0.0010097859022597966,0.016691249629665172,0.00036001937976748444,0.013788522689841144,0.015919491514867667,0.016650081322206977,0.01969617452090113,0.017683836460113556,0.019844818691939416,0.014106727648062822,0.02482722757831892,0.012433884143829265,0.027565868861639455,0.02499861498792715
doy_cos,0.014141657201383384,0.0011661546796724487,0.00022325210624170034,2.5068389044768936e-05,0.008055489362116041,0.047807753685466546,0.04750398407463265,0.02565318611230736,0.009167150806373581,-0.0005047792499351278,0.010203185513742729,0.0024871485070748546,0.017312931960124754,0.021949703012193657,-0.0033308824085571676,-0.002790645388350921,0.0068496185352202145,0.015112419679674449,0.03210608832041419,0.06308816394140515,0.07752070988580004,0.03717917330780911,0.01543326495330053,-0.0005297138410455648,-0.006309496308498641,0.015974156983504705,0.06533268750244536,0.06143835914986466,0.020058172083612425,0.025474180361467934
air_pressure_min_hpa,0.014133177223941274,0.048658691585393266,0.048878235209352416,0.021918608228365555,0.012643061839769843,0.0005865620368020519,0.010189848627362563,0.002786481634954141,0.00928219937606598,0.0024494096518910434,0.015784691224355062,-0.00033187648112118493,0.012753431110979685,0.005478900010245091,0.005022360055699959,0.003836125080612751,0.0028825201837061167,0.025450479460589072,-0.002288132736648585,-8.823148039902585e-05,0.000648612392191783,-0.0021065136006005237,0.005770315075200561,-0.01694915572334743,-0.026170601282148587,-0.045331638465972365,-0.008697504006790613,-0.047808716268766684,-0.05493603712053465,-0.03919448619831125
relative_humidity_min_pct,0.013753110804176804,0.008673740948102738,4.9363278946845665e-05,-0.0006079278786976338,-0.0009267426466877726,0.006152607355704198,0.0002235729019844701,-0.0035963517628363473,-0.003347744471590275,-0.005701162559164663,-0.003212055916826362,0.011949271979657183,0.00243269982840606,0.008266736098698057,0.03896933950462485,0.004801451598090445,0.0014995864214058852,0.0017605074017027268,0.003696403323739794,0.003384643016859279,0.0005885810963263793,-0.0015123886811108545,-0.007720544191399536,-0.0032670872351700632,0.00012902739476983172,-0.0008170887845513342,-0.011666887039954377,7.369262831291579e-06,0.010537229836877016,0.01603849819320402
air_pressure_max_hpa,0.013689775112246717,0.03857627573592888,0.041475484021153086,0.07584225894345158,0.05946085457018095,0.04530689794924041,0.0272845150175546,0.0034396675329525727,0.00861455343810622,0.0018799087422038951,0.002746754638196558,0.011284656605937294,0.003704306923086609,0.01115537650244569,0.006388477951203208,0.009496397355506891,0.011501629428148696,0.002412169020988575,-0.001579114457836095,0.004457694555437985,-0.00032616579150350765,0.0006956994603249278,0.0009037627502621159,-0.017717942490297078,-0.006069171801429451,-0.021162864936174718,-0.03648069202015569,0.0017505691874592165,-0.0012100608882617881,-0.009853572559927849
pm25_lag7,0.011591035078379575,0.001923736156020972,0.003297598011936653,0.03664885844124708,2.5439461625520465e-05,-0.0031323613001645436,0.005561430233866993,0.005818822410669178,0.023144733227474124,0.00028855225460655554,0.001963478971811039,-9.972394867392431e-05,0.004619028846762641,-0.0027859920092993206,0.0024000551775740673,0.014504428046873175,-0.02066712347849653,-0.053384660144762154,-0.030227059433426316,-0.004995577543281104,-0.00792201113075297,-0.04447455475902,-0.05812862083009938,-0.042523893398396864,-0.012234174748086435,-0.0037478790198565816,-0.000737053322155612,-0.010969313993340935,-0.023223943055565764,-0.03882252768842052
precipitation_max_mm,0.010189498304992318,0.0009326349964458025,0.0006797885630602796,0.001379183994398936,-0.0008781575094030103,-0.0008972672377215663,0.00011025570353830893,0.0002082668529465259,0.0,0.0,-0.00032719397342240164,-0.0009102664210581147,0.0009966908696711573,-1.1948994227850562e-05,0.005464365352532452,0.0005049025875397018,0.0009964636217275834,-0.0005295009282284102,0.0002525865858877374,-8.533929669596318e-05,0.00010823352691375909,0.0074848098225061225,0.003417155735653754,0.0,0.003996496608475164,0.014738549071655793,0.0008342924599121116,-9.206788883275863e-07,0.00040805489269692965,-0.0002026478401915721
mean_relative_humidity_pct,0.007920567614972973,-0.00014316383646342245,-0.0002879220428885887,-0.0042315167321100855,-0.002649661013675475,-0.0019740049665862625,0.0014943523433691651,-0.0035413327377837424,-0.0025225337794128055,0.000395181758255303,0.0017703063900005756,0.004711534706029141,0.00619083593373948,0.044098917170933616,0.01582108437502656,0.01369515680718667,0.0036457472094883147,-0.005379163626301864,0.00010914168150506498,0.0062360423110248584,-0.005020731739678386,0.001850862670363318,0.001278893339319387,-0.004144653222140038,0.003835032527777038,0.00303247898993364,0.005157162131470994,0.0026289724168319763,-0.005384608695755899,0.00031632784597888095
week_sin,0.007476541004233362,0.0008098108333776999,-0.0008012613761454457,-0.0012640861007904292,0.0013723407283133594,0.001089182765790353,-0.003489430037533392,-0.0020392178685480823,0.0025562721977772985,-0.0009700085483704601,-0.0003255875860327162,-0.005750301141630709,-0.0031253564187944784,-0.0059301086153305425,-0.00010442173583449232,-0.011000106690943845,-0.038500562030231444,-0.016500018428516228,-0.0018583944569465771,-0.008062205397805755,-0.010101406706318228,0.008783755288486494,0.007089605625074569,-0.004646748795228773,0.005935811532281976,-0.025944883908040995,-0.03503677723315772,-0.04575843036174785,-0.03751059815421032,-0.04556447321783286
total_precipitation_mm,0.006509474328726861,0.0013109524078789736,0.0006204295356522227,0.0005001089970268601,-0.001058285335976583,-3.084277307507932e-05,0.00017829195124043906,-0.0021135499906007825,0.0,0.0,0.0012469144313264735,0.0009359992363234592,0.00012428223916960413,0.0006125290870667488,0.010169966104720674,0.00022639645927240436,-0.0007716075144172496,-3.957442465569727e-05,-0.003033486863841395,6.780568943440813e-05,-0.0003741411286958485,-0.007477678722805381,0.002348923319595908,1.9614275764112675e-05,-0.0011783545840104103,0.00646229756654324,0.0011784334918509387,0.00034903777497126144,0.00010083328076286868,-0.0058808886362407
mean_air_pressure_hpa,0.0062843648132869575,0.05470054010001326,0.04696216519849887,0.040272158821423786,0.012169897031650657,0.006541584830044389,-0.002684288398892587,0.022804919869711913,0.019064450156520963,0.00953496081680889,0.007049349144565564,0.010748512948101353,0.00201024117972457,0.003495051533835181,0.01863716048975772,-3.009760516992088e-06,0.0011018477805408544,0.00602706403401494,-0.0004653601715532751,0.0005702148343239788,0.0037041167545595497,0.0005871894903349162,0.00041560567369227643,-0.00459588383225844,-0.005135773149563904,-0.015140180531338832,-0.004203922317006592,-0.007398905427683245,-0.00039642066386198495,-0.0532523230307119
wind_direction_deg,0.0049633232621122845,0.012124362400223455,0.003963807177346101,0.007057515144348203,0.02022892961262914,0.03469275611738935,0.005270809312494506,-0.002030495914181074,0.007531469439117177,-0.00024825178297267493,-0.00042370974510981264,-0.009929648976434446,-0.005626773983664579,-0.021185544613429343,-0.009464434320400361,-0.0016080813846369945,-0.0027533477321482814,0.0027700448725259006,0.0018472365089083008,0.006781016588210909,0.004752127978266208,0.004348319190287197,-0.0010592469022418615,0.0059281452263102,0.0023047979602415667,-0.0029232107675996486,-0.0007535196553349888,0.0019010140214647197,0.014058979803056815,-0.00026813402861178834
pm25_rollstd3,0.00407740899025546,0.010891230593728651,0.030348584817057444,0.03382651448249794,0.005968579475593439,-0.00020525994913533907,-0.013108055518121286,0.005749205283903836,0.006705425463931869,0.00139969809580629,0.002333174076026934,-0.003386312032287808,-0.0065041329038788565,-0.002100831903730205,-0.0012970597832795416,0.00021464201225622758,-0.006662769578719585,-0.006865896903021707,-0.0033253545761112056,0.0037013793268864783,0.0182570883414487,0.005670691386998073,0.0005297697464394346,0.003741630988962452,-0.002998982390120064,-0.004318715834759202,-0.005916206985269845,-0.011190495547794388,-0.0044932314459956045,-0.003957256285730448
month_sin,0.004027631867358728,0.003255401263579527,0.0,0.0,0.0,0.001925412210006483,-0.0009400525346861865,-0.0005801782179418513,0.0,0.0,-0.00010787623462187313,-0.0002899230203847303,-0.002666046965835367,-0.004457689489637184,-0.0021639513764475813,-0.008195310063745919,-0.0024823359178880013,0.001091242511836965,0.00011818809785681949,0.0017738404662108298,0.0018516969402743388,0.0,0.0022464820716390664,0.00021813434713036095,0.0,0.0007334031296901244,5.152161821753154e-05,0.0005978941917414993,0.0,-0.0011842479248961092
day_of_week_x,0.0034453990111337875,-0.00027252955989947035,0.0004074527286100249,-6.706582175359798e-05,0.0,0.00023770665323272767,-0.00038429421871026824,-0.00015991859221764493,-7.55506166269182e-05,0.0006786874458610814,-0.0012610190988599612,0.00028305263681822624,0.004927958735713256,-0.003116350732530737,-0.0005469516901707383,-0.0021402747740691284,-0.002747602174192787,0.00035961108400592854,0.0014251155438627983,0.0005920207084607387,-0.0011889213028178248,-0.000492016432577902,0.00020956405796277445,-0.0044154369129852265,-0.0011156770683674378,8.000861963544103e-05,0.0004260912705598141,-0.000968738070556352,6.388835052968389e-05,-0.00035876145619821996
month_cos,0.0032055145452828614,-0.0004494453662007958,0.0,0.0,0.0,0.0015759240981588097,0.0005302506668555917,9.472410330571001e-05,0.00013432354994233898,-0.0010806879754797106,0.0012612030121152084,0.00016995519399629622,0.0,-0.0015775428499497756,-0.002720449373851741,0.0006982442428324464,-0.002217682362976925,-0.000520070618977142,-0.002944392328677292,0.003551315887029416,-0.00037189238968142745,-0.0004356454687511668,-0.006070924867982175,-0.020557735990075397,-0.014574748576566732,-0.017831331018866158,0.006572540747305932,0.011362758165314003,0.0009332867522738652,-0.014218601852120117
relative_humidity_max_pct,0.003080987785801681,-0.0010917842058846272,0.0006274405608880151,-0.0009291468593811914,-0.006700841616787479,-0.011599075767580614,0.0005182363606297535,-0.0003153682424784865,-7.063368676401005e-05,-0.013627885155758879,-0.015515448405451914,-0.024877502552487572,0.0008425016348859061,-0.001553415107727263,0.0022834928397807096,0.011690490163605372,0.0018474918277530783,-0.0016020200569508702,0.0024079485768855324,-0.005703824453575956,-0.0031858854460647735,-0.00441523531027026,-0.0037322668595745068,-0.004709061903112044,0.0014513875319891677,-0.0001354429848804628,-0.00027560084085469504,-0.0007665635574434671,-0.0017306460195508854,-0.004246845545169187
wind_speed_min_knots,0.0028258094446062198,-0.001825561576126744,0.0,0.0,0.0,0.0,0.0,-0.00146639748905546,0.0,0.0001713123025190555,0.00027277627680208914,-0.0001177581873808009,0.005511935280259372,0.001854363782065116,-0.00012963330506572391,8.492319063186926e-05,-0.0017795073539448314,0.0006358212129228935,0.0,0.0,6.049437008481817e-06,0.0005084927319086053,8.724246206885944e-05,0.0,0.0004986164492489121,-0.001693822279484758,4.9909993519703376e-05,-0.00010652258282641824,0.0,0.00124570224099525
week_of_year,0.002627223950115365,0.0,0.0016501472927530792,0.0008563587533102268,0.0018084596060110147,0.010500077695154219,0.01629354693308569,0.008688001726450257,0.006551398075801984,0.06534442271216427,0.017937159686858672,0.026506120061332662,0.01566191362179925,0.031211633355276814,0.01993187960376046,-0.005254032145971621,-0.012936463273568056,-0.019937490314417383,0.005616734836412141,0.017329083334567487,0.008058338568440116,0.01215294798912354,0.0032179373799882337,0.0028144717076246995,0.01921308637016983,0.013041932667500556,0.0009822486769901495,-0.010948039335864034,0.0021725657875854678,0.00012093753871802448
month,0.002199903033653228,0.004406316372571051,-4.1573727890131805e-05,3.838267591249611e-05,-0.0002617178521117758,0.0012002657911632576,0.0006469233697197208,-0.0005832622560226319,0.0003092698782263259,0.0023367724310878303,0.0029577752618549003,0.036875096694989916,0.07077402485741495,0.017660984897613606,0.02994762908421844,0.01869977201538515,-0.0016255354675161371,0.00483518891251804,0.0005572454480154754,0.0005544073359909252,-0.00016151593655981954,0.000645380619673741,0.00017043614317606702,-0.008103811530505833,-0.0001626360732900345,0.0004916883784633619,0.00048300809605499316,0.0,-0.0006669076521002903,-0.0014763952729231367
day_of_week_y,0.0021363094161691576,0.0,0.0,0.0,0.0,0.0,-0.0004978344220076814,0.0,-2.3110147932747792e-05,0.0,-0.00021043472181960787,-0.00043369199741989385,-0.00022384773971673155,2.441147395528809e-05,0.0,0.0,0.0,0.0,0.0,-4.210624584244371e-06,-0.00020694412921007377,-0.0002850079397012095,-0.0004603320202867245,0.00019107944825127454,-0.0003832554043574632,0.0,-6.4201666269037e-05,-0.00020528882741954746,0.0,-0.00015565214042889686
dow_sin,0.0021282016475667963,0.0,0.0,0.0,0.0,-0.0004155299650222766,0.0006475913558017688,0.0013320234384425421,0.0,0.0002189850403087057,0.0005723339707591979,0.0007489096576517529,0.002516065064998063,-0.007186782605307407,0.0,-0.00011084942982133583,-0.0040837596678939825,-8.294809760420741e-05,0.0003762605224828075,-0.000662386833235784,-0.0032928906098749432,-6.87467842769518e-05,0.00016810481499383024,-0.0005807082092059268,0.000411226897112682,0.0011048665413485813,3.1596008323075966e-05,-0.0004717638095223631,0.00044306150123278875,-0.0036452193745599715
dow_cos,0.0008511530006557244,0.0,0.0,0.0,-7.680398840119729e-05,0.0017463708057085636,0.00017824413395675087,-9.979592280480176e-05,0.0,-0.0001660188039147137,-0.0003302377614349705,-0.0023146867752076527,-0.00026340926135004494,-4.1196714128899356e-05,0.00022142591995670812,-0.0016880156665013413,-4.115790386376439e-05,-0.0007386078862102518,-0.0012570669340053354,-0.00013941276905171662,-0.00013367246955922062,-0.0022694739263654285,-0.00020135504758935773,-0.0010853308789869232,-8.308542864892133e-05,-0.0024809416934588047,-8.240000784254242e-05,0.0006991421182947378,-0.0017543789877817683,-2.2435616590277264e-05
quarter,0.00028139487442546685,0.0017774350076748657,0.0,0.0,0.0,0.0,0.0,0.0,0.0,0.0,0.0,0.0,0.0,0.0,0.0,0.0,0.0,0.0,0.0,0.0,0.0,-4.374709045675829e-05,0.0,0.0,0.0,0.0,0.0,0.0,0.0,0.0
is_weekday,0.0002283152798316479,0.0,0.0,0.0,0.0,0.0,0.0,0.0,0.0,0.0,0.0,-4.253881898814704e-05,0.0,0.0,0.0,0.0,0.0,0.0,0.00016661243162268135,0.0,-0.0004397813780316007,0.0,0.0,0.0,0.0,0.0,0.0,-1.723879859594213e-05,0.0,0.0
is_weekend,7.897526764655272e-05,0.0,0.0,0.0,0.0,0.0,0.0,-0.000147380185931123,6.781900432883959e-06,0.0,0.0,0.0,0.0,-0.0006014070510863778,0.0,0.0,0.0,0.0,0.0002040030990820174,-4.9050048340415485e-05,0.0,8.926949305831933e-05,0.0,0.0,-0.00014701065412339175,0.0,0.0,0.0,0.0,-0.00013724172900531073
precipitation_min_mm,0.0,0.0,0.0,0.0,0.0,0.0,0.0,0.0,0.0,0.0,0.0,0.0,0.0,0.0,0.0,0.0,0.0,0.0,0.0,0.0,0.0,0.0,0.0,0.0,0.0,0.0,0.0,0.0,0.0,0.0
quarter_num,0.0,0.0,0.0,0.0,0.0,0.0,0.0,0.0,0.0,0.0,0.0,0.0,0.0,0.0,0.0,0.0,0.0,0.0,0.0,0.0,0.0,0.0,0.0,0.0,0.0,0.0,0.0,0.0,0.0,0.0
year,0.0,0.0,0.0,0.0,0.0,0.0,0.0,0.0,0.0,0.0,0.0,0.0,0.0,0.0,0.0,0.0,0.0,0.0,0.0,0.0,0.0,0.0,0.0,0.0,0.0,0.0,0.0,0.0,0.0,0.0
week_cos,-0.0006798828534844814,0.00067532286459564,0.0036743788705972946,0.0007899210850396355,0.0009244145125066438,-0.0016813297111892389,-0.001973331168252557,0.0035658667998367476,0.025652182108919463,0.03909620633906563,0.07240695002396484,0.01072989818724741,0.011062301407512187,-0.009420100225721173,0.0001540754176144965,0.0005746291286642169,0.007731018561107339,0.011186488060592702,0.013545579315959433,0.01956570040347927,0.02764936037035808,0.007983121802235083,0.03720500165765972,0.029110845383475904,0.015113242678234062,0.0032949392612159566,0.004073203480208542,-0.0013496010218347454,-0.013108214292953325,-0.00890722251937821
season_code,-0.0016275066974735797,0.0,0.0,-0.001284117844369792,0.0004769489957760165,-0.00034895229605975687,0.001752530546748865,-0.0012873624817713036,0.001627550796723698,0.0,-0.004566501571503822,0.0026850160279058956,0.000455080002461683,-0.000694512775966194,-0.00016176857716025949,-0.0028156129793191374,-0.0058358485279578435,-0.01951728046284984,-0.007261832002280677,0.0,0.0,0.0,0.0,0.0,0.0,-0.00010112023212536237,0.0,0.0,0.0,5.585847500544361e-05
temperature_min_c,-0.005400376897869541,0.011420087959226288,0.008893227590418907,0.030650080415937576,0.016344822920796486,0.024324444405859902,0.07090306227280622,0.05086215659473732,0.016391993845012953,-0.04380197271788897,-0.00769139600542994,-0.0016301703317600058,0.02009307754005789,0.08405103113991866,0.031103705553748907,-0.008701477872914688,-0.038204151326709915,-0.004340102948205571,0.0010335760531215322,0.0043196260929106774,0.0003389329326394019,0.008518846327798401,0.00010330809875682689,-0.002043501391130098,-0.001766070503752859,-0.0006561617033022937,0.003844263093761269,-0.006089433034261393,-0.0005409446545498131,-0.015172998648204095
